ds,trend,yhat_lower,yhat_upper,trend_lower,trend_upper,additive_terms,additive_terms_lower,additive_terms_upper,weekly,weekly_lower,weekly_upper,yearly,yearly_lower,yearly_upper,multiplicative_terms,multiplicative_terms_lower,multiplicative_terms_upper,yhat
2020-04-22,28104965.3182,15675056.34142605,47113080.34044773,28104965.3182,28104965.3182,3550683.7138891565,3550683.7138891565,3550683.7138891565,-1074276.551179482,-1074276.551179482,-1074276.551179482,4624960.265068638,4624960.265068638,4624960.265068638,0.0,0.0,0.0,31655649.032089155
2020-04-23,28076500.48810356,16568595.66425144,50504806.9047962,28076500.48810356,28076500.48810356,5974366.404525212,5974366.404525212,5974366.404525212,901994.0573753925,901994.0573753925,901994.0573753925,5072372.347149819,5072372.347149819,5072372.347149819,0.0,0.0,0.0,34050866.892628774
2020-04-24,28048035.658007123,17723696.35767672,50150813.722430594,28048035.658007123,28048035.658007123,5608693.945042031,5608693.945042031,5608693.945042031,164624.10669281197,164624.10669281197,164624.10669281197,5444069.838349219,5444069.838349219,5444069.838349219,0.0,0.0,0.0,33656729.60304915
2020-04-27,27962641.167717807,15098965.804819241,47541901.79359127,27962641.167717807,27962641.167717807,3567619.238243961,3567619.238243961,3567619.238243961,-2471823.0997830564,-2471823.0997830564,-2471823.0997830564,6039442.338027017,6039442.338027017,6039442.338027017,0.0,0.0,0.0,31530260.405961767
2020-04-28,27934176.33762137,14805726.785235332,47805773.02954494,27934176.33762137,27934176.33762137,3293982.455090939,3293982.455090939,3293982.455090939,-2758137.71149024,-2758137.71149024,-2758137.71149024,6052120.166581179,6052120.166581179,6052120.166581179,0.0,0.0,0.0,31228158.79271231
2020-04-29,27905711.50752493,15427863.635922745,49338270.75436567,27905711.50752493,27905711.50752493,4896169.283050291,4896169.283050291,4896169.283050291,-1074276.5511763338,-1074276.5511763338,-1074276.5511763338,5970445.834226625,5970445.834226625,5970445.834226625,0.0,0.0,0.0,32801880.79057522
2020-04-30,27877246.67742849,19170923.414585005,50129505.58729952,27877246.67742849,27877246.67742849,6698395.269082639,6698395.269082639,6698395.269082639,901994.0573771365,901994.0573771365,901994.0573771365,5796401.211705503,5796401.211705503,5796401.211705503,0.0,0.0,0.0,34575641.946511135
2020-05-01,27848781.847332057,18025239.2695751,50518021.9997267,27848781.847332057,27848781.847332057,5698398.665220806,5698398.665220806,5698398.665220806,164624.10669351622,164624.10669351622,164624.10669351622,5533774.558527291,5533774.558527291,5533774.558527291,0.0,0.0,0.0,33547180.512552865
2020-05-04,27763387.35704274,12972073.386331245,46026598.38485051,27763387.35704274,27763387.35704274,1804656.948534798,1804656.948534798,1804656.948534798,-2471823.099786663,-2471823.099786663,-2471823.099786663,4276480.048321461,4276480.048321461,4276480.048321461,0.0,0.0,0.0,29568044.30557754
2020-05-05,27734922.5269463,12200606.37775325,44954002.16967748,27734922.5269463,27734922.5269463,970250.6149447006,970250.6149447006,970250.6149447006,-2758137.711488821,-2758137.711488821,-2758137.711488821,3728388.3264335217,3728388.3264335217,3728388.3264335217,0.0,0.0,0.0,28705173.141891
2020-05-06,27706457.696849864,12987795.92637452,46353274.40493038,27706457.696849864,27706457.696849864,2057891.1820273865,2057891.1820273865,2057891.1820273865,-1074276.551175153,-1074276.551175153,-1074276.551175153,3132167.7332025394,3132167.7332025394,3132167.7332025394,0.0,0.0,0.0,29764348.878877252
2020-05-07,27677992.866753425,15509799.10020511,46933961.26028039,27677992.866753425,27677992.866753425,3400699.700832898,3400699.700832898,3400699.700832898,901994.0573761848,901994.0573761848,901994.0573761848,2498705.6434567133,2498705.6434567133,2498705.6434567133,0.0,0.0,0.0,31078692.567586325
2020-05-08,27649528.036656987,14321901.601053778,46006298.755927436,27649528.036656987,27649528.036656987,2003864.8744273381,2003864.8744273381,2003864.8744273381,164624.10669142316,164624.10669142316,164624.10669142316,1839240.7677359148,1839240.7677359148,1839240.7677359148,0.0,0.0,0.0,29653392.911084324
2020-05-11,27564133.54636767,8639269.495923128,40633260.95932872,27564133.54636767,27564133.54636767,-2654726.917528138,-2654726.917528138,-2654726.917528138,-2471823.099787622,-2471823.099787622,-2471823.099787622,-182903.8177405156,-182903.8177405156,-182903.8177405156,0.0,0.0,0.0,24909406.628839534
2020-05-12,27535668.716271233,7355058.5284534935,40603000.90421725,27535668.716271233,27535668.716271233,-3593991.9036315405,-3593991.9036315405,-3593991.9036315405,-2758137.7114883247,-2758137.7114883247,-2758137.7114883247,-835854.1921432158,-835854.1921432158,-835854.1921432158,0.0,0.0,0.0,23941676.81263969
2020-05-13,27507203.886174794,9488197.733668964,42070078.85456995,27507203.886174794,27507203.886174794,-2536329.9693972273,-2536329.9693972273,-2536329.9693972273,-1074276.5511836756,-1074276.5511836756,-1074276.5511836756,-1462053.4182135516,-1462053.4182135516,-1462053.4182135516,0.0,0.0,0.0,24970873.916777566
2020-05-14,27478739.056078356,9310522.73055491,44869217.1007557,27478739.056078356,27478739.056078356,-1151162.0717394145,-1151162.0717394145,-1151162.0717394145,901994.0573779289,901994.0573779289,901994.0573779289,-2053156.129117343,-2053156.129117343,-2053156.129117343,0.0,0.0,0.0,26327576.984338943
2020-05-15,27450274.225981917,8421289.28456657,40716435.78411554,27450274.225981917,27450274.225981917,-2437317.333397569,-2437317.333397569,-2437317.333397569,164624.10669320362,164624.10669320362,164624.10669320362,-2601941.4400907727,-2601941.4400907727,-2601941.4400907727,0.0,0.0,0.0,25012956.892584346
2020-05-18,27364879.735692605,6081399.458293394,36675471.108627915,27364879.735692605,27364879.735692605,-6412806.95079453,-6412806.95079453,-6412806.95079453,-2471823.099777332,-2471823.099777332,-2471823.099777332,-3940983.8510171985,-3940983.8510171985,-3940983.8510171985,0.0,0.0,0.0,20952072.784898076
2020-05-19,27336414.905596163,3979942.864330274,37748707.59765421,27336414.905596163,27336414.905596163,-7031807.962598236,-7031807.962598236,-7031807.962598236,-2758137.7114878283,-2758137.7114878283,-2758137.7114878283,-4273670.2511104075,-4273670.2511104075,-4273670.2511104075,0.0,0.0,0.0,20304606.942997925
2020-05-20,27307950.075499725,6490643.098804347,38549883.42030304,27307950.075499725,27307950.075499725,-5621473.900167317,-5621473.900167317,-5621473.900167317,-1074276.551181511,-1074276.551181511,-1074276.551181511,-4547197.348985805,-4547197.348985805,-4547197.348985805,0.0,0.0,0.0,21686476.17533241
2020-05-21,27279485.245403286,7277213.850536216,38993256.14461513,27279485.245403286,27279485.245403286,-3860046.474074077,-3860046.474074077,-3860046.474074077,901994.0573742816,901994.0573742816,901994.0573742816,-4762040.531448359,-4762040.531448359,-4762040.531448359,0.0,0.0,0.0,23419438.77132921
2020-05-22,27251020.41530685,6662526.321389749,38308162.331545435,27251020.41530685,27251020.41530685,-4755179.130207937,-4755179.130207937,-4755179.130207937,164624.10669498422,164624.10669498422,164624.10669498422,-4919803.236902922,-4919803.236902922,-4919803.236902922,0.0,0.0,0.0,22495841.285098914
2020-05-26,27137161.094921097,3580298.8759125844,35606225.29158812,27137161.094921097,27137161.094921097,-7802521.40753551,-7802521.40753551,-7802521.40753551,-2758137.711486409,-2758137.711486409,-2758137.711486409,-5044383.6960491,-5044383.6960491,-5044383.6960491,0.0,0.0,0.0,19334639.68738559
2020-05-27,27108696.264824655,5580215.324995158,38048417.32988339,27108696.264824655,27108696.264824655,-6045208.182825829,-6045208.182825829,-6045208.182825829,-1074276.5511793469,-1074276.5511793469,-1074276.5511793469,-4970931.631646482,-4970931.631646482,-4970931.631646482,0.0,0.0,0.0,21063488.081998825
2020-05-28,27080231.43472822,6607854.511546334,39267114.01925587,27080231.43472822,27080231.43472822,-3963908.3160675163,-3963908.3160675163,-3963908.3160675163,901994.0573751914,901994.0573751914,901994.0573751914,-4865902.373442708,-4865902.373442708,-4865902.373442708,0.0,0.0,0.0,23116323.118660703
2020-05-29,27051766.60463178,5327500.574073237,37519208.95938922,27051766.60463178,27051766.60463178,-4570064.953678003,-4570064.953678003,-4570064.953678003,164624.1066918148,164624.1066918148,164624.1066918148,-4734689.060369818,-4734689.060369818,-4734689.060369818,0.0,0.0,0.0,22481701.650953777
2020-06-01,26966372.114342466,4473208.612475477,35865405.72226713,26966372.114342466,26966372.114342466,-6707376.679115816,-6707376.679115816,-6707376.679115816,-2471823.099784545,-2471823.099784545,-2471823.099784545,-4235553.57933127,-4235553.57933127,-4235553.57933127,0.0,0.0,0.0,20258995.43522665
2020-06-02,26937907.284246027,4996662.318932848,36674135.57544428,26937907.284246027,26937907.284246027,-6807696.395015365,-6807696.395015365,-6807696.395015365,-2758137.71148499,-2758137.71148499,-2758137.71148499,-4049558.6835303754,-4049558.6835303754,-4049558.6835303754,0.0,0.0,0.0,20130210.88923066
2020-06-03,26909442.45414959,6129308.366935914,38989769.818601556,26909442.45414959,26909442.45414959,-4934633.204389226,-4934633.204389226,-4934633.204389226,-1074276.5511781664,-1074276.5511781664,-1074276.5511781664,-3860356.6532110595,-3860356.6532110595,-3860356.6532110595,0.0,0.0,0.0,21974809.249760363
2020-06-04,26880977.62405315,7367660.161859631,40131762.87061856,26880977.62405315,26880977.62405315,-2769066.014615609,-2769066.014615609,-2769066.014615609,901994.0573742399,901994.0573742399,901994.0573742399,-3671060.071989849,-3671060.071989849,-3671060.071989849,0.0,0.0,0.0,24111911.60943754
2020-06-05,26852512.793956712,7753675.967204368,39667275.39679421,26852512.793956712,26852512.793956712,-3319541.034378776,-3319541.034378776,-3319541.034378776,164624.10668972187,164624.10668972187,164624.10668972187,-3484165.141068498,-3484165.141068498,-3484165.141068498,0.0,0.0,0.0,23532971.759577937
2020-06-08,26767118.3036674,5200400.7975788005,37564880.29442202,26767118.3036674,26767118.3036674,-5425500.863547541,-5425500.863547541,-5425500.863547541,-2471823.0997855044,-2471823.0997855044,-2471823.0997855044,-2953677.763762037,-2953677.763762037,-2953677.763762037,0.0,0.0,0.0,21341617.44011986
2020-06-09,26738653.47357096,4638746.542625305,37500245.36942467,26738653.47357096,26738653.47357096,-5547484.180678959,-5547484.180678959,-5547484.180678959,-2758137.7114902297,-2758137.7114902297,-2758137.7114902297,-2789346.4691887293,-2789346.4691887293,-2789346.4691887293,0.0,0.0,0.0,21191169.292892
2020-06-10,26710188.64347452,6700171.632926626,38679034.67050344,26710188.64347452,26710188.64347452,-3705543.238475479,-3705543.238475479,-3705543.238475479,-1074276.5511769857,-1074276.5511769857,-1074276.5511769857,-2631266.687298494,-2631266.687298494,-2631266.687298494,0.0,0.0,0.0,23004645.40499904
2020-06-11,26681723.81337808,9555614.513359603,40057185.93801961,26681723.81337808,26681723.81337808,-1576880.8439973067,-1576880.8439973067,-1576880.8439973067,901994.0573759839,901994.0573759839,901994.0573759839,-2478874.9013732905,-2478874.9013732905,-2478874.9013732905,0.0,0.0,0.0,25104842.969380774
2020-06-12,26653258.983281642,8587078.802967899,40062445.01215974,26653258.983281642,26653258.983281642,-2166734.806425664,-2166734.806425664,-2166734.806425664,164624.10669537602,164624.10669537602,164624.10669537602,-2331358.9131210404,-2331358.9131210404,-2331358.9131210404,0.0,0.0,0.0,24486524.176855978
2020-06-15,26567864.49299233,5786586.658633552,38594387.27769429,26567864.49299233,26567864.49299233,-4380105.499062699,-4380105.499062699,-4380105.499062699,-2471823.099789111,-2471823.099789111,-2471823.099789111,-1908282.3992735879,-1908282.3992735879,-1908282.3992735879,0.0,0.0,0.0,22187758.993929632
2020-06-16,26539399.66289589,7149547.794467945,38210587.6281208,26539399.66289589,26539399.66289589,-4528741.099428888,-4528741.099428888,-4528741.099428888,-2758137.711489734,-2758137.711489734,-2758137.711489734,-1770603.387939155,-1770603.387939155,-1770603.387939155,0.0,0.0,0.0,22010658.563467003
2020-06-17,26510934.832799453,6610665.47982744,40532610.39728275,26510934.832799453,26510934.832799453,-2707664.372114507,-2707664.372114507,-2707664.372114507,-1074276.5511748213,-1074276.5511748213,-1074276.5511748213,-1633387.820939686,-1633387.820939686,-1633387.820939686,0.0,0.0,0.0,23803270.460684948
2020-06-18,26482470.00270301,9814694.109168448,42313173.79885405,26482470.00270301,26482470.00270301,-594284.1938314667,-594284.1938314667,-594284.1938314667,901994.0573750322,901994.0573750322,901994.0573750322,-1496278.2512064988,-1496278.2512064988,-1496278.2512064988,0.0,0.0,0.0,25888185.808871545
2020-06-19,26454005.18943966,8620422.200667033,40647261.17868653,26454005.18943966,26454005.18943966,-1194612.2150081277,-1194612.2150081277,-1194612.2150081277,164624.106693283,164624.106693283,164624.106693283,-1359236.3217014107,-1359236.3217014107,-1359236.3217014107,0.0,0.0,0.0,25259392.974431533
2020-06-22,26368610.74964961,7074032.098354454,38925807.179814085,26368610.74964961,26368610.74964961,-3425231.1387125496,-3425231.1387125496,-3425231.1387125496,-2471823.0997900707,-2471823.0997900707,-2471823.0997900707,-953408.0389224789,-953408.0389224789,-953408.0389224789,0.0,0.0,0.0,22943379.61093706
2020-06-23,26340145.93638626,6242249.11172022,38523556.85371989,26340145.93638626,26340145.93638626,-3581411.685382701,-3581411.685382701,-3581411.685382701,-2758137.7114873915,-2758137.7114873915,-2758137.7114873915,-823273.9738953094,-823273.9738953094,-823273.9738953094,0.0,0.0,0.0,22758734.25100356
2020-06-24,26311681.12312291,8242889.258774048,41167759.76342203,26311681.12312291,26311681.12312291,-1772455.5469071483,-1772455.5469071483,-1772455.5469071483,-1074276.5511726574,-1074276.5511726574,-1074276.5511726574,-698178.9957344909,-698178.9957344909,-698178.9957344909,0.0,0.0,0.0,24539225.57621576
2020-06-25,26283216.30985956,9529909.014151324,43109339.64224294,26283216.30985956,26283216.30985956,322025.7059304653,322025.7059304653,322025.7059304653,901994.057375942,901994.057375942,901994.057375942,-579968.3514454768,-579968.3514454768,-579968.3514454768,0.0,0.0,0.0,26605242.015790023
2020-06-26,26254751.49659621,9328869.239762727,42357989.282402635,26254751.49659621,26254751.49659621,-306009.76599673973,-306009.76599673973,-306009.76599673973,164624.10669506356,164624.10669506356,164624.10669506356,-470633.8726918033,-470633.8726918033,-470633.8726918033,0.0,0.0,0.0,25948741.73059947
2020-06-29,26169357.056806162,6832298.036567463,39621539.44222237,26169357.056806162,26169357.056806162,-2688021.6651077894,-2688021.6651077894,-2688021.6651077894,-2471823.099793677,-2471823.099793677,-2471823.099793677,-216198.56531411188,-216198.56531411188,-216198.56531411188,0.0,0.0,0.0,23481335.39169837
2020-06-30,26140892.24354281,6941382.473448266,40724644.06874859,26140892.24354281,26140892.24354281,-2920299.677306143,-2920299.677306143,-2920299.677306143,-2758137.7114868946,-2758137.7114868946,-2758137.7114868946,-162161.96581924846,-162161.96581924846,-162161.96581924846,0.0,0.0,0.0,23220592.566236667
2020-07-01,26112427.430279456,8552530.927440383,41012065.01058839,26112427.430279456,26112427.430279456,-1200331.2551982787,-1200331.2551982787,-1200331.2551982787,-1074276.5511801955,-1074276.5511801955,-1074276.5511801955,-126054.70401808307,-126054.70401808307,-126054.70401808307,0.0,0.0,0.0,24912096.17508118
2020-07-02,26083962.617016107,10241193.842479514,42384773.964602016,26083962.617016107,26083962.617016107,793125.2125522138,793125.2125522138,793125.2125522138,901994.0573749904,901994.0573749904,901994.0573749904,-108868.84482277659,-108868.84482277659,-108868.84482277659,0.0,0.0,0.0,26877087.82956832
2020-07-06,25970103.363962706,6292861.872702827,39833939.19681492,25970103.363962706,25970103.363962706,-2703868.8811055315,-2703868.8811055315,-2703868.8811055315,-2471823.0997807398,-2471823.0997807398,-2471823.0997807398,-232045.78132479172,-232045.78132479172,-232045.78132479172,0.0,0.0,0.0,23266234.482857175
2020-07-07,25941638.550699357,6019285.556274482,39910407.04186827,25941638.550699357,25941638.550699357,-3064818.4170747804,-3064818.4170747804,-3064818.4170747804,-2758137.711485476,-2758137.711485476,-2758137.711485476,-306680.7055893041,-306680.7055893041,-306680.7055893041,0.0,0.0,0.0,22876820.133624576
2020-07-08,25913173.737436004,7693060.559396436,41844493.43704693,25913173.737436004,25913173.737436004,-1469497.923773933,-1469497.923773933,-1469497.923773933,-1074276.5511790148,-1074276.5511790148,-1074276.5511790148,-395221.3725949182,-395221.3725949182,-395221.3725949182,0.0,0.0,0.0,24443675.81366207
2020-07-09,25884708.924172655,9928734.286805825,42601484.204765916,25884708.924172655,25884708.924172655,407064.1422416048,407064.1422416048,407064.1422416048,901994.0573767344,901994.0573767344,901994.0573767344,-494929.91513512965,-494929.91513512965,-494929.91513512965,0.0,0.0,0.0,26291773.06641426
2020-07-10,25856244.110909306,8570053.566378076,41338946.34522182,25856244.110909306,25856244.110909306,-438005.42006307014,-438005.42006307014,-438005.42006307014,164624.10669475113,164624.10669475113,164624.10669475113,-602629.5267578213,-602629.5267578213,-602629.5267578213,0.0,0.0,0.0,25418238.690846235
2020-07-13,25770849.671119254,5746834.070873744,38617875.1070201,25770849.671119254,25770849.671119254,-3409053.116389592,-3409053.116389592,-3409053.116389592,-2471823.099784346,-2471823.099784346,-2471823.099784346,-937230.0166052466,-937230.0166052466,-937230.0166052466,0.0,0.0,0.0,22361796.554729663
2020-07-14,25742384.857855905,4512794.755197957,39002049.74642923,25742384.857855905,25742384.857855905,-3797808.9348783544,-3797808.9348783544,-3797808.9348783544,-2758137.71148498,-2758137.71148498,-2758137.71148498,-1039671.2233933742,-1039671.2233933742,-1039671.2233933742,0.0,0.0,0.0,21944575.92297755
2020-07-15,25713920.044592552,7873821.249362545,40973907.42796889,25713920.044592552,25713920.044592552,-2205434.0854186807,-2205434.0854186807,-2205434.0854186807,-1074276.5511768507,-1074276.5511768507,-1074276.5511768507,-1131157.5342418305,-1131157.5342418305,-1131157.5342418305,0.0,0.0,0.0,23508485.959173873
2020-07-16,25685455.231329203,8546071.16170476,43464712.123311475,25685455.231329203,25685455.231329203,-306165.8384471081,-306165.8384471081,-306165.8384471081,901994.0573730873,901994.0573730873,901994.0573730873,-1208159.8958201953,-1208159.8958201953,-1208159.8958201953,0.0,0.0,0.0,25379289.392882094
2020-07-17,25656990.41806585,8187464.067452217,40736067.89312277,25656990.41806585,25656990.41806585,-1102926.3401203617,-1102926.3401203617,-1102926.3401203617,164624.1066915817,164624.1066915817,164624.1066915817,-1267550.4468119433,-1267550.4468119433,-1267550.4468119433,0.0,0.0,0.0,24554064.07794549
2020-07-20,25571595.978275802,7168666.786571009,38571590.0473673,25571595.978275802,25571595.978275802,-3789243.4029178834,-3789243.4029178834,-3789243.4029178834,-2471823.0997853056,-2471823.0997853056,-2471823.0997853056,-1317420.3031325778,-1317420.3031325778,-1317420.3031325778,0.0,0.0,0.0,21782352.575357918
2020-07-21,25543131.16501245,4355534.471480204,38084993.119073644,25543131.16501245,25543131.16501245,-4045503.6129038893,-4045503.6129038893,-4045503.6129038893,-2758137.711483561,-2758137.711483561,-2758137.711483561,-1287365.9014203283,-1287365.9014203283,-1287365.9014203283,0.0,0.0,0.0,21497627.55210856
2020-07-22,25514666.3517491,7430220.906424634,40427703.03756382,25514666.3517491,25514666.3517491,-2308398.552440927,-2308398.552440927,-2308398.552440927,-1074276.5511863562,-1074276.5511863562,-1074276.5511863562,-1234122.0012545707,-1234122.0012545707,-1234122.0012545707,0.0,0.0,0.0,23206267.799308173
2020-07-23,25486201.53848575,8206008.659971974,41672497.97843459,25486201.53848575,25486201.53848575,-257154.69015998306,-257154.69015998306,-257154.69015998306,901994.0573748312,901994.0573748312,901994.0573748312,-1159148.7475348143,-1159148.7475348143,-1159148.7475348143,0.0,0.0,0.0,25229046.848325767
2020-07-24,25457736.7252224,8692684.019918436,39792802.59620252,25457736.7252224,25457736.7252224,-900217.9432662503,-900217.9432662503,-900217.9432662503,164624.10669336226,164624.10669336226,164624.10669336226,-1064842.0499596125,-1064842.0499596125,-1064842.0499596125,0.0,0.0,0.0,24557518.78195615
2020-07-27,25372342.28543235,5475521.312790793,38306360.45294299,25372342.28543235,25372342.28543235,-3175051.7425523535,-3175051.7425523535,-3175051.7425523535,-2471823.0997915594,-2471823.0997915594,-2471823.0997915594,-703228.6427607941,-703228.6427607941,-703228.6427607941,0.0,0.0,0.0,22197290.542879995
2020-07-28,25343877.472169,4357231.4700716585,39201945.580050476,25343877.472169,25343877.472169,-3330977.5710184965,-3330977.5710184965,-3330977.5710184965,-2758137.711487877,-2758137.711487877,-2758137.711487877,-572839.8595306188,-572839.8595306188,-572839.8595306188,0.0,0.0,0.0,22012899.901150502
2020-07-29,25315412.658905648,8063258.984845062,39339369.45524796,25315412.658905648,25315412.658905648,-1521580.6137423497,-1521580.6137423497,-1521580.6137423497,-1074276.5511832086,-1074276.5511832086,-1074276.5511832086,-447304.06255914096,-447304.06255914096,-447304.06255914096,0.0,0.0,0.0,23793832.045163296
2020-07-30,25286947.845642295,10087042.724498795,42208724.1451821,25286947.845642295,25286947.845642295,568853.6218682389,568853.6218682389,568853.6218682389,901994.0573765752,901994.0573765752,901994.0573765752,-333140.43550833623,-333140.43550833623,-333140.43550833623,0.0,0.0,0.0,25855801.467510533
2020-07-31,25258483.032378945,7953161.002930066,40500489.45438107,25258483.032378945,25258483.032378945,-72438.92425575944,-72438.92425575944,-72438.92425575944,164624.1066912692,164624.1066912692,164624.1066912692,-237063.03094702866,-237063.03094702866,-237063.03094702866,0.0,0.0,0.0,25186044.108123187
2020-08-03,25173088.592588894,5630842.821434807,38448326.82347601,25173088.592588894,25173088.592588894,-2595142.8633418074,-2595142.8633418074,-2595142.8633418074,-2471823.0997925187,-2471823.0997925187,-2471823.0997925187,-123319.7635492884,-123319.7635492884,-123319.7635492884,0.0,0.0,0.0,22577945.729247086
2020-08-04,25144623.779325545,5167366.867701792,38607903.501646504,25144623.779325545,25144623.779325545,-2921888.119606759,-2921888.119606759,-2921888.119606759,-2758137.711486458,-2758137.711486458,-2758137.711486458,-163750.40812030074,-163750.40812030074,-163750.40812030074,0.0,0.0,0.0,22222735.659718785
2020-08-05,25116158.966062196,7417055.961539826,41552750.906203456,25116158.966062196,25116158.966062196,-1326114.8677290208,-1326114.8677290208,-1326114.8677290208,-1074276.5511820277,-1074276.5511820277,-1074276.5511820277,-251838.31654699324,-251838.31654699324,-251838.31654699324,0.0,0.0,0.0,23790044.098333176
2020-08-06,25087694.152798846,9467517.99637377,41882019.192971505,25087694.152798846,25087694.152798846,510678.9434878418,510678.9434878418,510678.9434878418,901994.0573756236,901994.0573756236,901994.0573756236,-391315.1138877817,-391315.1138877817,-391315.1138877817,0.0,0.0,0.0,25598373.096286688
2020-08-07,25059229.339535493,7966790.7169494815,41088484.98413239,25059229.339535493,25059229.339535493,-420149.8269586504,-420149.8269586504,-420149.8269586504,164624.1066969234,164624.1066969234,164624.1066969234,-584773.9336555738,-584773.9336555738,-584773.9336555738,0.0,0.0,0.0,24639079.512576845
2020-08-10,24973834.899745446,4265795.642995143,37725596.1726563,24973834.899745446,24973834.899745446,-3967115.4331921134,-3967115.4331921134,-3967115.4331921134,-2471823.0997934784,-2471823.0997934784,-2471823.0997934784,-1495292.333398635,-1495292.333398635,-1495292.333398635,0.0,0.0,0.0,21006719.46655333
2020-08-11,24945370.086482093,4669450.628665404,36140409.965709634,24945370.086482093,24945370.086482093,-4661939.307885214,-4661939.307885214,-4661939.307885214,-2758137.7114859624,-2758137.7114859624,-2758137.7114859624,-1903801.5963992516,-1903801.5963992516,-1903801.5963992516,0.0,0.0,0.0,20283430.778596878
2020-08-12,24916905.273218744,6271946.701052239,37663919.641503654,24916905.273218744,24916905.273218744,-3432890.309166639,-3432890.309166639,-3432890.309166639,-1074276.5511798633,-1074276.5511798633,-1074276.5511798633,-2358613.757986776,-2358613.757986776,-2358613.757986776,0.0,0.0,0.0,21484014.964052103
2020-08-13,24888440.45995539,6307805.836843632,39970882.045964986,24888440.45995539,24888440.45995539,-1951852.0519449417,-1951852.0519449417,-1951852.0519449417,901994.0573792289,901994.0573792289,901994.0573792289,-2853846.109324171,-2853846.109324171,-2853846.109324171,0.0,0.0,0.0,22936588.40801045
2020-08-14,24859975.646692045,4520872.236100193,36406765.89492389,24859975.646692045,24859975.646692045,-3217653.238480918,-3217653.238480918,-3217653.238480918,164624.1066898805,164624.1066898805,164624.1066898805,-3382277.3451707987,-3382277.3451707987,-3382277.3451707987,0.0,0.0,0.0,21642322.408211127
2020-08-17,24774581.249212768,819560.3931027931,34243896.067071706,24774581.249212768,24774581.249212768,-7549220.571061379,-7549220.571061379,-7549220.571061379,-2471823.0997970854,-2471823.0997970854,-2471823.0997970854,-5077397.471264294,-5077397.471264294,-5077397.471264294,0.0,0.0,0.0,17225360.678151388
2020-08-18,24746116.450053003,1277233.984226912,33316354.01810521,24746116.450053003,24746116.450053003,-8402980.41441959,-8402980.41441959,-8402980.41441959,-2758137.711491202,-2758137.711491202,-2758137.711491202,-5644842.702928386,-5644842.702928386,-5644842.702928386,0.0,0.0,0.0,16343136.035633413
2020-08-19,24717651.650893245,1835720.9730345153,34845553.603460275,24717651.650893245,24717651.650893245,-7269249.166569815,-7269249.166569815,-7269249.166569815,-1074276.5511776994,-1074276.5511776994,-1074276.5511776994,-6194972.615392115,-6194972.615392115,-6194972.615392115,0.0,0.0,0.0,17448402.48432343
2020-08-20,24689186.851733487,2234940.4861016255,35644183.36167809,24689186.851733487,24689186.851733487,-5814372.300572086,-5814372.300572086,-5814372.300572086,901994.0573755818,901994.0573755818,901994.0573755818,-6716366.357947667,-6716366.357947667,-6716366.357947667,0.0,0.0,0.0,18874814.5511614
2020-08-21,24660722.05257373,1365639.6724054054,34416869.54990243,24660722.05257373,24660722.05257373,-7033160.225770127,-7033160.225770127,-7033160.225770127,164624.10669553472,164624.10669553472,164624.10669553472,-7197784.332465662,-7197784.332465662,-7197784.332465662,0.0,0.0,0.0,17627561.826803602
2020-08-24,24575327.65509445,-3597350.955628908,30542539.64327031,24575327.65509445,24575327.65509445,-10770292.176798189,-10770292.176798189,-10770292.176798189,-2471823.0997815,-2471823.0997815,-2471823.0997815,-8298469.077016689,-8298469.077016689,-8298469.077016689,0.0,0.0,0.0,13805035.47829626
2020-08-25,24546862.85593469,-2062726.6878128406,29470922.58454816,24546862.85593469,24546862.85593469,-11279217.040540876,-11279217.040540876,-11279217.040540876,-2758137.711490705,-2758137.711490705,-2758137.711490705,-8521079.32905017,-8521079.32905017,-8521079.32905017,0.0,0.0,0.0,13267645.815393815
2020-08-26,24518398.05677493,-2407928.302891634,30339329.15702107,24518398.05677493,24518398.05677493,-9734225.563231185,-9734225.563231185,-9734225.563231185,-1074276.551175535,-1074276.551175535,-1074276.551175535,-8659949.01205565,-8659949.01205565,-8659949.01205565,0.0,0.0,0.0,14784172.493543744
2020-08-27,24489933.257615168,561567.2283370943,31739894.034478426,24489933.257615168,24489933.257615168,-7808547.462531374,-7808547.462531374,-7808547.462531374,901994.0573773257,901994.0573773257,901994.0573773257,-8710541.5199087,-8710541.5199087,-8710541.5199087,0.0,0.0,0.0,16681385.795083795
2020-08-28,24461468.45845541,-106986.64947505345,31044840.321661726,24461468.45845541,24461468.45845541,-8505548.356644789,-8505548.356644789,-8505548.356644789,164624.1066934416,164624.1066934416,164624.1066934416,-8670172.463338232,-8670172.463338232,-8670172.463338232,0.0,0.0,0.0,15955920.101810621
2020-08-31,24376074.06097613,-1574660.8976383954,29834621.970983364,24376074.06097613,24376074.06097613,-10478122.470234048,-10478122.470234048,-10478122.470234048,-2471823.0997904004,-2471823.0997904004,-2471823.0997904004,-8006299.370443648,-8006299.370443648,-8006299.370443648,0.0,0.0,0.0,13897951.590742081
2020-09-01,24347609.26181637,-1650650.6279051001,29371643.784224447,24347609.26181637,24347609.26181637,-10373409.918323688,-10373409.918323688,-10373409.918323688,-2758137.7114883633,-2758137.7114883633,-2758137.7114883633,-7615272.206835325,-7615272.206835325,-7615272.206835325,0.0,0.0,0.0,13974199.343492683
2020-09-02,24319144.46265661,-618905.7795465757,32510253.821256854,24319144.46265661,24319144.46265661,-8224219.192033374,-8224219.192033374,-8224219.192033374,-1074276.5511743545,-1074276.5511743545,-1074276.5511743545,-7149942.640859019,-7149942.640859019,-7149942.640859019,0.0,0.0,0.0,16094925.270623237
2020-09-03,24290679.663496852,2833019.18512133,34528775.365248926,24290679.663496852,24290679.663496852,-5717424.650248684,-5717424.650248684,-5717424.650248684,901994.0573763743,901994.0573763743,901994.0573763743,-6619418.7076250585,-6619418.7076250585,-6619418.7076250585,0.0,0.0,0.0,18573255.013248168
2020-09-04,24262214.864337094,2915477.598173446,35185175.95559714,24262214.864337094,24262214.864337094,-5869794.726349166,-5869794.726349166,-5869794.726349166,164624.10669134866,164624.10669134866,164624.10669134866,-6034418.833040515,-6034418.833040515,-6034418.833040515,0.0,0.0,0.0,18392420.137987927
2020-09-08,24148355.667698056,516412.32880261086,33537458.30110528,24148355.667698056,24148355.667698056,-6164679.65741667,-6164679.65741667,-6164679.65741667,-2758137.711487867,-2758137.711487867,-2758137.711487867,-3406541.945928803,-3406541.945928803,-3406541.945928803,0.0,0.0,0.0,17983676.010281384
2020-09-09,24119890.868538294,5677463.614619741,36143633.181036584,24119890.868538294,24119890.868538294,-3822555.921391434,-3822555.921391434,-3822555.921391434,-1074276.551182876,-1074276.551182876,-1074276.551182876,-2748279.370208558,-2748279.370208558,-2748279.370208558,0.0,0.0,0.0,20297334.94714686
2020-09-10,24091426.069378532,4957815.634191146,39903499.28734871,24091426.069378532,24091426.069378532,-1216489.4436519516,-1216489.4436519516,-1216489.4436519516,901994.0573772839,901994.0573772839,901994.0573772839,-2118483.501029236,-2118483.501029236,-2118483.501029236,0.0,0.0,0.0,22874936.62572658
2020-09-11,24062961.270218775,7504009.8078277195,39761421.70194604,24062961.270218775,24062961.270218775,-1366393.4169154046,-1366393.4169154046,-1366393.4169154046,164624.10669700272,164624.10669700272,164624.10669700272,-1531017.5236124073,-1531017.5236124073,-1531017.5236124073,0.0,0.0,0.0,22696567.85330337
2020-09-14,23977566.872739494,5383011.375099709,38826604.80337199,23977566.872739494,23977566.872739494,-2617250.7488648426,-2617250.7488648426,-2617250.7488648426,-2471823.0997784226,-2471823.0997784226,-2471823.0997784226,-145427.6490864202,-145427.6490864202,-145427.6490864202,0.0,0.0,0.0,21360316.12387465
2020-09-15,23949102.073579736,5775837.228792387,38685670.493925884,23949102.073579736,23949102.073579736,-2600778.155390964,-2600778.155390964,-2600778.155390964,-2758137.7114873705,-2758137.7114873705,-2758137.7114873705,157359.5560964071,157359.5560964071,157359.5560964071,0.0,0.0,0.0,21348323.918188773
2020-09-16,23920637.274419975,7146512.153134898,39567491.26507549,23920637.274419975,23920637.274419975,-705718.2782028767,-705718.2782028767,-705718.2782028767,-1074276.551181696,-1074276.551181696,-1074276.551181696,368558.27297881927,368558.27297881927,368558.27297881927,0.0,0.0,0.0,23214918.996217098
2020-09-17,23892172.475260217,7956696.732056511,41257214.36722705,23892172.475260217,23892172.475260217,1386199.123284317,1386199.123284317,1386199.123284317,901994.0573763323,901994.0573763323,901994.0573763323,484205.06590798486,484205.06590798486,484205.06590798486,0.0,0.0,0.0,25278371.598544534
2020-09-18,23863707.67610046,8560246.390656412,40621586.71598869,23863707.67610046,23863707.67610046,667350.0486534531,667350.0486534531,667350.0486534531,164624.10669490925,164624.10669490925,164624.10669490925,502725.941958544,502725.941958544,502725.941958544,0.0,0.0,0.0,24531057.724753913
2020-09-21,23778313.278621178,5266914.827610644,38001956.36956591,23778313.278621178,23778313.278621178,-2474974.2626898424,-2474974.2626898424,-2474974.2626898424,-2471823.099779382,-2471823.099779382,-2471823.099779382,-3151.162910460241,-3151.162910460241,-3151.162910460241,0.0,0.0,0.0,21303339.015931334
2020-09-22,23749848.47946142,4106717.7419479694,36389105.44325195,23749848.47946142,23749848.47946142,-3097755.3146220776,-3097755.3146220776,-3097755.3146220776,-2758137.7114850283,-2758137.7114850283,-2758137.7114850283,-339617.6031370493,-339617.6031370493,-339617.6031370493,0.0,0.0,0.0,20652093.164839342
2020-09-23,23721383.68030166,5164999.479137675,39615450.87796277,23721383.68030166,23721383.68030166,-1818882.0098201423,-1818882.0098201423,-1818882.0098201423,-1074276.551178548,-1074276.551178548,-1074276.551178548,-744605.4586415946,-744605.4586415946,-744605.4586415946,0.0,0.0,0.0,21902501.670481518
2020-09-24,23692918.881141897,6850809.480549566,40061468.0425976,23692918.881141897,23692918.881141897,-303807.0630112676,-303807.0630112676,-303807.0630112676,901994.0573753808,901994.0573753808,901994.0573753808,-1205801.1203866482,-1205801.1203866482,-1205801.1203866482,0.0,0.0,0.0,23389111.81813063
2020-09-25,23664454.08198214,6121303.851255124,38313423.89699315,23664454.08198214,23664454.08198214,-1544564.9683114963,-1544564.9683114963,-1544564.9683114963,164624.10669174037,164624.10669174037,164624.10669174037,-1709189.0750032368,-1709189.0750032368,-1709189.0750032368,0.0,0.0,0.0,22119889.113670643
2020-09-28,23579059.68450286,1537965.2799288551,35075639.916660786,23579059.68450286,23579059.68450286,-5785404.687029038,-5785404.687029038,-5785404.687029038,-2471823.0997829884,-2471823.0997829884,-2471823.0997829884,-3313581.5872460497,-3313581.5872460497,-3313581.5872460497,0.0,0.0,0.0,17793654.99747382
2020-09-29,23550594.8853431,545608.3993679513,32969112.19160544,23550594.8853431,23550594.8853431,-6581253.215434034,-6581253.215434034,-6581253.215434034,-2758137.7114845323,-2758137.7114845323,-2758137.7114845323,-3823115.503949502,-3823115.503949502,-3823115.503949502,0.0,0.0,0.0,16969341.669909067
2020-09-30,23522130.086183343,2011782.9705686227,35169563.723631024,23522130.086183343,23522130.086183343,-5365489.304923755,-5365489.304923755,-5365489.304923755,-1074276.5511773669,-1074276.5511773669,-1074276.5511773669,-4291212.7537463885,-4291212.7537463885,-4291212.7537463885,0.0,0.0,0.0,18156640.78125959
2020-10-01,23493665.28702358,3491348.2585769715,36298426.255013496,23493665.28702358,23493665.28702358,-3799171.2556771976,-3799171.2556771976,-3799171.2556771976,901994.0573744291,901994.0573744291,901994.0573744291,-4701165.313051627,-4701165.313051627,-4701165.313051627,0.0,0.0,0.0,19694494.031346384
2020-10-02,23465200.48786382,2719810.081922027,35142117.2751735,23465200.48786382,23465200.48786382,-4872589.99802982,-4872589.99802982,-4872589.99802982,164624.10668964736,164624.10668964736,164624.10668964736,-5037214.1047194665,-5037214.1047194665,-5037214.1047194665,0.0,0.0,0.0,18592610.489834
2020-10-05,23379806.090384543,-859677.3299758041,30837339.328796078,23379806.090384543,23379806.090384543,-7938269.4980173325,-7938269.4980173325,-7938269.4980173325,-2471823.099786595,-2471823.099786595,-2471823.099786595,-5466446.398230738,-5466446.398230738,-5466446.398230738,0.0,0.0,0.0,15441536.59236721
2020-10-06,23351341.291224785,-1372608.652085863,33312013.70398276,23351341.291224785,23351341.291224785,-8139216.814812976,-8139216.814812976,-8139216.814812976,-2758137.7114897724,-2758137.7114897724,-2758137.7114897724,-5381079.103323204,-5381079.103323204,-5381079.103323204,0.0,0.0,0.0,15212124.476411808
2020-10-07,23322876.492065024,622939.3659089515,33420205.854267087,23322876.492065024,23322876.492065024,-6243839.97654931,-6243839.97654931,-6243839.97654931,-1074276.551176187,-1074276.551176187,-1074276.551176187,-5169563.425373123,-5169563.425373123,-5169563.425373123,0.0,0.0,0.0,17079036.515515715
2020-10-08,23294411.692905262,3253338.1140839052,36632797.33481771,23294411.692905262,23294411.692905262,-3926673.2432593917,-3926673.2432593917,-3926673.2432593917,901994.0573761731,901994.0573761731,901994.0573761731,-4828667.300635565,-4828667.300635565,-4828667.300635565,0.0,0.0,0.0,19367738.44964587
2020-10-09,23265946.893745504,3064014.649720182,35686385.53849477,23265946.893745504,23265946.893745504,-4193334.440399264,-4193334.440399264,-4193334.440399264,164624.10669142788,164624.10669142788,164624.10669142788,-4357958.5470906915,-4357958.5470906915,-4357958.5470906915,0.0,0.0,0.0,19072612.45334624
2020-10-12,23180552.496266227,1331976.397938702,35569848.65730031,23180552.496266227,23180552.496266227,-4677034.49259987,-4677034.49259987,-4677034.49259987,-2471823.099790202,-2471823.099790202,-2471823.099790202,-2205211.3928096686,-2205211.3928096686,-2205211.3928096686,0.0,0.0,0.0,18503518.003666356
2020-10-13,23152087.701988377,3441401.4280396895,35098190.89972605,23152087.701988377,23152087.701988377,-4025433.6476764036,-4025433.6476764036,-4025433.6476764036,-2758137.711489276,-2758137.711489276,-2758137.711489276,-1267295.9361871276,-1267295.9361871276,-1267295.9361871276,0.0,0.0,0.0,19126654.054311972
2020-10-14,23123622.907710522,5261161.900611934,37675321.84121794,23123622.907710522,23123622.907710522,-1313163.5414595152,-1313163.5414595152,-1313163.5414595152,-1074276.551183725,-1074276.551183725,-1074276.551183725,-238886.9902757902,-238886.9902757902,-238886.9902757902,0.0,0.0,0.0,21810459.366251007
2020-10-15,23095158.113432672,9256035.268542308,41694575.13483698,23095158.113432672,23095158.113432672,1766821.660950324,1766821.660950324,1766821.660950324,901994.0573725259,901994.0573725259,901994.0573725259,864827.603577798,864827.603577798,864827.603577798,0.0,0.0,0.0,24861979.774382997
2020-10-16,23066693.319154818,9172692.464863462,41678745.40139929,23066693.319154818,23066693.319154818,2191429.921446594,2191429.921446594,2191429.921446594,164624.10669320848,164624.10669320848,164624.10669320848,2026805.8147533855,2026805.8147533855,2026805.8147533855,0.0,0.0,0.0,25258123.240601413
2020-10-19,22981298.936321262,8264531.284715212,41017778.7021406,22981298.936321262,22981298.936321262,3199741.376768159,3199741.376768159,3199741.376768159,-2471823.0997911613,-2471823.0997911613,-2471823.0997911613,5671564.47655932,5671564.47655932,5671564.47655932,0.0,0.0,0.0,26181040.313089423
2020-10-20,22952834.142043408,10438145.95947038,43426215.45278771,22952834.142043408,22952834.142043408,4113682.589361439,4113682.589361439,4113682.589361439,-2758137.711487857,-2758137.711487857,-2758137.711487857,6871820.300849296,6871820.300849296,6871820.300849296,0.0,0.0,0.0,27066516.73140485
2020-10-21,22924369.347765557,13973778.32426334,47192788.93139519,22924369.347765557,22924369.347765557,6956115.449711169,6956115.449711169,6956115.449711169,-1074276.5511825443,-1074276.5511825443,-1074276.5511825443,8030392.000893714,8030392.000893714,8030392.000893714,0.0,0.0,0.0,29880484.797476728
2020-10-22,22895904.553487707,17117264.38127229,47819763.76604691,22895904.553487707,22895904.553487707,10029222.292147152,10029222.292147152,10029222.292147152,901994.0573761312,901994.0573761312,901994.0573761312,9127228.23477102,9127228.23477102,9127228.23477102,0.0,0.0,0.0,32925126.84563486
2020-10-23,22867439.75920985,16489020.857096393,50100166.97454844,22867439.75920985,22867439.75920985,10307854.783901962,10307854.783901962,10307854.783901962,164624.10669498905,164624.10669498905,164624.10669498905,10143230.677206973,10143230.677206973,10143230.677206973,0.0,0.0,0.0,33175294.54311181
2020-10-26,22782045.376376294,15324893.159192793,49531328.73014966,22782045.376376294,22782045.376376294,10065663.876640748,10065663.876640748,10065663.876640748,-2471823.099797415,-2471823.099797415,-2471823.099797415,12537486.976438163,12537486.976438163,12537486.976438163,0.0,0.0,0.0,32847709.25301704
2020-10-27,22753580.582098443,16279338.341079868,49271449.19475869,22753580.582098443,22753580.582098443,10313004.113620203,10313004.113620203,10313004.113620203,-2758137.7114864383,-2758137.7114864383,-2758137.7114864383,13071141.825106641,13071141.825106641,13071141.825106641,0.0,0.0,0.0,33066584.695718646
2020-10-28,22725115.78782059,19654845.880090382,51972073.66639967,22725115.78782059,22725115.78782059,12380875.058474232,12380875.058474232,12380875.058474232,-1074276.5511793962,-1074276.5511793962,-1074276.5511793962,13455151.609653627,13455151.609653627,13455151.609653627,0.0,0.0,0.0,35105990.84629482
2020-10-29,22696650.99354274,21251725.015470106,54292106.84718154,22696650.99354274,22696650.99354274,14584982.1471187,14584982.1471187,14584982.1471187,901994.0573751797,901994.0573751797,901994.0573751797,13682988.08974352,13682988.08974352,13682988.08974352,0.0,0.0,0.0,37281633.14066144
2020-10-30,22668186.199264884,20549618.728692777,53906333.89272118,22668186.199264884,22668186.199264884,13915551.30782457,13915551.30782457,13915551.30782457,164624.10669289605,164624.10669289605,164624.10669289605,13750927.201131675,13750927.201131675,13750927.201131675,0.0,0.0,0.0,36583737.50708945
2020-11-02,22582791.81643133,14970595.049706,49709400.23349716,22582791.81643133,22582791.81643133,10529050.635560995,10529050.635560995,10529050.635560995,-2471823.0997818303,-2471823.0997818303,-2471823.0997818303,13000873.735342825,13000873.735342825,13000873.735342825,0.0,0.0,0.0,33111842.451992325
2020-11-03,22554327.022153478,15643997.557034332,48962375.734236576,22554327.022153478,22554327.022153478,9690526.915127527,9690526.915127527,9690526.915127527,-2758137.7114850185,-2758137.7114850185,-2758137.7114850185,12448664.626612546,12448664.626612546,12448664.626612546,0.0,0.0,0.0,32244853.937281005
2020-11-04,22525862.227875624,17373296.8579976,48306685.112857,22525862.227875624,22525862.227875624,10685503.114673663,10685503.114673663,10685503.114673663,-1074276.551178216,-1074276.551178216,-1074276.551178216,11759779.66585188,11759779.66585188,11759779.66585188,0.0,0.0,0.0,33211365.342549287
2020-11-05,22497397.433597773,16849914.65335029,52107778.96564821,22497397.433597773,22497397.433597773,11848384.354182428,11848384.354182428,11848384.354182428,901994.0573769237,901994.0573769237,901994.0573769237,10946390.296805503,10946390.296805503,10946390.296805503,0.0,0.0,0.0,34345781.7877802
2020-11-06,22468932.63931992,16972665.402557287,48431195.38258534,22468932.63931992,22468932.63931992,10187284.214211386,10187284.214211386,10187284.214211386,164624.1066985498,164624.1066985498,164624.1066985498,10022660.107512835,10022660.107512835,10022660.107512835,0.0,0.0,0.0,32656216.853531305
2020-11-09,22383538.256486364,10521440.380979126,43202485.000466675,22383538.256486364,22383538.256486364,4282542.543084791,4282542.543084791,4282542.543084791,-2471823.099785437,-2471823.099785437,-2471823.099785437,6754365.642870227,6754365.642870227,6754365.642870227,0.0,0.0,0.0,26666080.799571157
2020-11-10,22355073.462208513,8913506.496221319,41484119.78634342,22355073.462208513,22355073.462208513,2801421.6111137867,2801421.6111137867,2801421.6111137867,-2758137.711490258,-2758137.711490258,-2758137.711490258,5559559.322604045,5559559.322604045,5559559.322604045,0.0,0.0,0.0,25156495.0733223
2020-11-11,22326608.66793066,8585295.764476571,41168161.17216008,22326608.66793066,22326608.66793066,3269346.6971831974,3269346.6971831974,3269346.6971831974,-1074276.5511760516,-1074276.5511760516,-1074276.5511760516,4343623.24835925,4343623.24835925,4343623.24835925,0.0,0.0,0.0,25595955.365113854
2020-11-12,22298143.87365281,10267813.630094402,43452221.2761272,22298143.87365281,22298143.87365281,4027544.109710213,4027544.109710213,4027544.109710213,901994.0573786676,901994.0573786676,901994.0573786676,3125550.052331545,3125550.052331545,3125550.052331545,0.0,0.0,0.0,26325687.98336302
2020-11-13,22269679.079374954,7468997.876597829,41337488.043506265,22269679.079374954,22269679.079374954,2088487.5243876849,2088487.5243876849,2088487.5243876849,164624.10669150713,164624.10669150713,164624.10669150713,1923863.4176961777,1923863.4176961777,1923863.4176961777,0.0,0.0,0.0,24358166.603762638
2020-11-16,22184284.6965414,1949051.7577938035,33853658.6373617,22184284.6965414,22184284.6965414,-3883490.3028242933,-3883490.3028242933,-3883490.3028242933,-2471823.0997863966,-2471823.0997863966,-2471823.0997863966,-1411667.2030378964,-1411667.2030378964,-1411667.2030378964,0.0,0.0,0.0,18300794.393717106
2020-11-17,22155819.90226355,892667.5866793166,31994229.88641329,22155819.90226355,22155819.90226355,-5141480.422669131,-5141480.422669131,-5141480.422669131,-2758137.711488839,-2758137.711488839,-2758137.711488839,-2383342.7111802925,-2383342.7111802925,-2383342.7111802925,0.0,0.0,0.0,17014339.479594417
2020-11-18,22127355.107985694,726859.4935965341,34475644.131567895,22127355.107985694,22127355.107985694,-4338292.649359408,-4338292.649359408,-4338292.649359408,-1074276.5511845734,-1074276.5511845734,-1074276.5511845734,-3264016.098174834,-3264016.098174834,-3264016.098174834,0.0,0.0,0.0,17789062.458626285
2020-11-19,22098890.313707843,2674343.7783252676,35309496.443047084,22098890.313707843,22098890.313707843,-3142099.3709719726,-3142099.3709719726,-3142099.3709719726,901994.0573750205,901994.0573750205,901994.0573750205,-4044093.428346993,-4044093.428346993,-4044093.428346993,0.0,0.0,0.0,18956790.94273587
2020-11-20,22070425.51942999,1918700.3802837266,34536487.29291081,22070425.51942999,22070425.51942999,-4551519.2472157795,-4551519.2472157795,-4551519.2472157795,164624.1066932877,164624.1066932877,164624.1066932877,-4716143.353909068,-4716143.353909068,-4716143.353909068,0.0,0.0,0.0,17518906.27221421
2020-11-23,21985031.136596434,-2539770.340526691,29686193.87982277,21985031.136596434,21985031.136596434,-8515329.97972445,-8515329.97972445,-8515329.97972445,-2471823.099787356,-2471823.099787356,-2471823.099787356,-6043506.879937096,-6043506.879937096,-6043506.879937096,0.0,0.0,0.0,13469701.156871984
2020-11-24,21956566.34231858,-4348774.791102051,29787236.51166052,21956566.34231858,21956566.34231858,-9012182.981871277,-9012182.981871277,-9012182.981871277,-2758137.7114883424,-2758137.7114883424,-2758137.7114883424,-6254045.270382935,-6254045.270382935,-6254045.270382935,0.0,0.0,0.0,12944383.360447302
2020-11-25,21928101.54804073,-2056452.4040650637,31299787.685331464,21928101.54804073,21928101.54804073,-7427142.251654058,-7427142.251654058,-7427142.251654058,-1074276.5511824093,-1074276.5511824093,-1074276.5511824093,-6352865.700471649,-6352865.700471649,-6352865.700471649,0.0,0.0,0.0,14500959.29638667
2020-11-27,21871171.959485024,-872785.1652495092,31839082.680866152,21871171.959485024,21871171.959485024,-6074688.723362823,-6074688.723362823,-6074688.723362823,164624.10669506827,164624.10669506827,164624.10669506827,-6239312.830057891,-6239312.830057891,-6239312.830057891,0.0,0.0,0.0,15796483.236122202
2020-11-30,21785777.57665147,-2366625.370539997,30306997.807939142,21785777.57665147,21785777.57665147,-7894927.910114873,-7894927.910114873,-7894927.910114873,-2471823.099793609,-2471823.099793609,-2471823.099793609,-5423104.810321264,-5423104.810321264,-5423104.810321264,0.0,0.0,0.0,13890849.666536596
2020-12-01,21757312.78237361,-2855842.553715839,29549215.820467316,21757312.78237361,21757312.78237361,-7780915.774620581,-7780915.774620581,-7780915.774620581,-2758137.711486,-2758137.711486,-2758137.711486,-5022778.063134581,-5022778.063134581,-5022778.063134581,0.0,0.0,0.0,13976397.00775303
2020-12-02,21728847.98809576,-473711.86165136856,32932768.56170815,21728847.98809576,21728847.98809576,-5653409.324697247,-5653409.324697247,-5653409.324697247,-1074276.5511812288,-1074276.5511812288,-1074276.5511812288,-4579132.773516017,-4579132.773516017,-4579132.773516017,0.0,0.0,0.0,16075438.663398514
2020-12-03,21700383.19381791,2081262.7510538544,33776677.1191227,21700383.19381791,21700383.19381791,-3203315.638920295,-3203315.638920295,-3203315.638920295,901994.0573758129,901994.0573758129,901994.0573758129,-4105309.696296108,-4105309.696296108,-4105309.696296108,0.0,0.0,0.0,18497067.554897614
2020-12-04,21671918.399540056,1876040.5766791813,35400215.45988116,21671918.399540056,21671918.399540056,-3449897.4464759873,-3449897.4464759873,-3449897.4464759873,164624.10669189895,164624.10669189895,164624.10669189895,-3614521.553167886,-3614521.553167886,-3614521.553167886,0.0,0.0,0.0,18222020.95306407
2020-12-07,21586524.0167065,2767034.3021678748,33589937.4848451,21586524.0167065,21586524.0167065,-4640215.694510977,-4640215.694510977,-4640215.694510977,-2471823.099783319,-2471823.099783319,-2471823.099783319,-2168392.5947276573,-2168392.5947276573,-2168392.5947276573,0.0,0.0,0.0,16946308.322195522
2020-12-08,21558059.222428646,746053.9108361958,32490380.05760581,21558059.222428646,21558059.222428646,-4492951.963773413,-4492951.963773413,-4492951.963773413,-2758137.7114855046,-2758137.7114855046,-2758137.7114855046,-1734814.2522879082,-1734814.2522879082,-1734814.2522879082,0.0,0.0,0.0,17065107.258655235
2020-12-09,21529684.833932918,3044622.23094553,35262833.02213868,21529684.833932918,21529684.833932918,-2417422.1272540106,-2417422.1272540106,-2417422.1272540106,-1074276.5511790644,-1074276.5511790644,-1074276.5511790644,-1343145.5760749464,-1343145.5760749464,-1343145.5760749464,0.0,0.0,0.0,19112262.70667891
2020-12-10,21501310.445437185,5735951.2719182735,37855078.6977918,21501310.445437185,21501310.445437185,-100330.52151872154,-100330.52151872154,-100330.52151872154,901994.0573767227,901994.0573767227,901994.0573767227,-1002324.5788954443,-1002324.5788954443,-1002324.5788954443,0.0,0.0,0.0,21400979.923918463
2020-12-11,21472936.05694145,3193030.2541669584,37324299.19472748,21472936.05694145,21472936.05694145,-555360.8613889893,-555360.8613889893,-555360.8613889893,164624.10669367912,164624.10669367912,164624.10669367912,-719984.9680826684,-719984.9680826684,-719984.9680826684,0.0,0.0,0.0,20917575.19555246
2020-12-14,21387812.891454257,1458852.1996489444,35193933.153988466,21387812.891454257,21387812.891454257,-2750515.801131686,-2750515.801131686,-2750515.801131686,-2471823.0997842783,-2471823.0997842783,-2471823.0997842783,-278692.7013474079,-278692.7013474079,-278692.7013474079,0.0,0.0,0.0,18637297.09032257
2020-12-15,21359438.50295853,848499.611133596,33873953.34674033,21359438.50295853,21359438.50295853,-3035699.7356395554,-3035699.7356395554,-3035699.7356395554,-2758137.7114907433,-2758137.7114907433,-2758137.7114907433,-277562.02414881194,-277562.02414881194,-277562.02414881194,0.0,0.0,0.0,18323738.76731897
2020-12-16,21331064.114462793,4053161.850544091,36931795.92314761,21331064.114462793,21331064.114462793,-1425206.9591986018,-1425206.9591986018,-1425206.9591986018,-1074276.551177884,-1074276.551177884,-1074276.551177884,-350930.4080207179,-350930.4080207179,-350930.4080207179,0.0,0.0,0.0,19905857.15526419
2020-12-17,21302689.725967064,5011472.305217414,37441458.200561464,21302689.725967064,21302689.725967064,404564.83854363597,404564.83854363597,404564.83854363597,901994.057375771,901994.057375771,901994.057375771,-497429.2188321351,-497429.2188321351,-497429.2188321351,0.0,0.0,0.0,21707254.5645107
2020-12-18,21274315.337471332,4092855.614768706,36493183.24168641,21274315.337471332,21274315.337471332,-549611.0580284704,-549611.0580284704,-549611.0580284704,164624.10669546007,164624.10669546007,164624.10669546007,-714235.1647239304,-714235.1647239304,-714235.1647239304,0.0,0.0,0.0,20724704.27944286
2020-12-21,21189192.171984136,118187.05481059273,32918221.130107645,21189192.171984136,21189192.171984136,-4209952.268622737,-4209952.268622737,-4209952.268622737,-2471823.0997852376,-2471823.0997852376,-2471823.0997852376,-1738129.1688374996,-1738129.1688374996,-1738129.1688374996,0.0,0.0,0.0,16979239.9033614
2020-12-22,21160817.783488404,-352873.13202868734,32186365.94895576,21160817.783488404,21160817.783488404,-4939948.295523527,-4939948.295523527,-4939948.295523527,-2758137.711489325,-2758137.711489325,-2758137.711489325,-2181810.5840342026,-2181810.5840342026,-2181810.5840342026,0.0,0.0,0.0,16220869.487964876
2020-12-23,21132443.394992672,410345.16718483384,34683156.959893316,21132443.394992672,21132443.394992672,-3737343.1970534213,-3737343.1970534213,-3737343.1970534213,-1074276.551174736,-1074276.551174736,-1074276.551174736,-2663066.645878685,-2663066.645878685,-2663066.645878685,0.0,0.0,0.0,17395100.19793925
2020-12-24,21104069.00649694,2271262.3956374708,36962473.56026481,21104069.00649694,21104069.00649694,-2270486.493279293,-2270486.493279293,-2270486.493279293,901994.0573748194,901994.0573748194,901994.0573748194,-3172480.550654113,-3172480.550654113,-3172480.550654113,0.0,0.0,0.0,18833582.513217647
2020-12-28,20990571.452514015,-4686434.240922081,30174094.850092657,20990571.452514015,20990571.452514015,-7756844.267382113,-7756844.267382113,-7756844.267382113,-2471823.0997888446,-2471823.0997888446,-2471823.0997888446,-5285021.167593271,-5285021.167593271,-5285021.167593271,0.0,0.0,0.0,13233727.185131902
2020-12-29,20962197.064018283,-4195268.242408937,28133468.419177085,20962197.064018283,20962197.064018283,-8536014.261804946,-8536014.261804946,-8536014.261804946,-2758137.7114879056,-2758137.7114879056,-2758137.7114879056,-5777876.550317041,-5777876.550317041,-5777876.550317041,0.0,0.0,0.0,12426182.802213337
2020-12-30,20933822.67552255,-2901225.6781062437,30844625.322374143,20933822.67552255,20933822.67552255,-7309280.685738819,-7309280.685738819,-7309280.685738819,-1074276.5511735554,-1074276.5511735554,-1074276.5511735554,-6235004.134565264,-6235004.134565264,-6235004.134565264,0.0,0.0,0.0,13624541.989783732
2020-12-31,20905448.287026823,-1328905.5056935665,31403910.60796561,20905448.287026823,20905448.287026823,-5744047.141738473,-5744047.141738473,-5744047.141738473,901994.0573757292,901994.0573757292,901994.0573757292,-6646041.1991142025,-6646041.1991142025,-6646041.1991142025,0.0,0.0,0.0,15161401.145288348
2021-01-04,20791950.733043894,-5473838.100706227,26262122.121287387,20791950.733043894,20791950.733043894,-10114587.477099236,-10114587.477099236,-10114587.477099236,-2471823.099792451,-2471823.099792451,-2471823.099792451,-7642764.3773067845,-7642764.3773067845,-7642764.3773067845,0.0,0.0,0.0,10677363.255944658
2021-01-05,20763576.344548162,-5338749.247209471,27071262.09069694,20763576.344548162,20763576.344548162,-10448740.791857706,-10448740.791857706,-10448740.791857706,-2758137.7114874097,-2758137.7114874097,-2758137.7114874097,-7690603.080370297,-7690603.080370297,-7690603.080370297,0.0,0.0,0.0,10314835.552690456
2021-01-06,20735201.95605243,-4735186.890150185,28892990.529500008,20735201.95605243,20735201.95605243,-8719949.850955602,-8719949.850955602,-8719949.850955602,-1074276.5511820773,-1074276.5511820773,-1074276.5511820773,-7645673.299773523,-7645673.299773523,-7645673.299773523,0.0,0.0,0.0,12015252.105096828
2021-01-07,20706827.5675567,-2631841.101119556,30228535.86906339,20706827.5675567,20706827.5675567,-6601951.074576946,-6601951.074576946,-6601951.074576946,901994.0573774732,901994.0573774732,901994.0573774732,-7503945.131954419,-7503945.131954419,-7503945.131954419,0.0,0.0,0.0,14104876.492979756
2021-01-08,20678453.17906097,-3554286.1528500607,29117568.61582767,20678453.17906097,20678453.17906097,-7098098.441972098,-7098098.441972098,-7098098.441972098,164624.1066930541,164624.1066930541,164624.1066930541,-7262722.548665153,-7262722.548665153,-7262722.548665153,0.0,0.0,0.0,13580354.73708887
2021-01-11,20593330.013573777,-5048303.702533476,28140974.36202444,20593330.013573777,20593330.013573777,-8408217.27723514,-8408217.27723514,-8408217.27723514,-2471823.099779513,-2471823.099779513,-2471823.099779513,-5936394.1774556255,-5936394.1774556255,-5936394.1774556255,0.0,0.0,0.0,12185112.736338638
2021-01-12,20564955.62507804,-3915207.6451400244,28962797.446283054,20564955.62507804,20564955.62507804,-8056978.426353465,-8056978.426353465,-8056978.426353465,-2758137.7114869133,-2758137.7114869133,-2758137.7114869133,-5298840.714866552,-5298840.714866552,-5298840.714866552,0.0,0.0,0.0,12507977.198724575
2021-01-13,20536581.23658231,-1664758.1810403173,31441182.311245255,20536581.23658231,20536581.23658231,-5644269.325721741,-5644269.325721741,-5644269.325721741,-1074276.551179913,-1074276.551179913,-1074276.551179913,-4569992.774541828,-4569992.774541828,-4569992.774541828,0.0,0.0,0.0,14892311.910860568
2021-01-14,20508206.848086577,1428000.8859044793,33515147.570610028,20508206.848086577,20508206.848086577,-2853900.0694085904,-2853900.0694085904,-2853900.0694085904,901994.057373826,901994.057373826,901994.057373826,-3755894.126782417,-3755894.126782417,-3755894.126782417,0.0,0.0,0.0,17654306.778677985
2021-01-15,20479832.45959085,1196829.8290743679,34047517.678623736,20479832.45959085,20479832.45959085,-2699358.05655462,-2699358.05655462,-2699358.05655462,164624.10669483515,164624.10669483515,164624.10669483515,-2863982.163249455,-2863982.163249455,-2863982.163249455,0.0,0.0,0.0,17780474.40303623
2021-01-19,20366334.905607924,2590801.128258812,35812297.96501345,20366334.905607924,20366334.905607924,-1469011.2326737137,-1469011.2326737137,-1469011.2326737137,-2758137.7114854944,-2758137.7114854944,-2758137.7114854944,1289126.4788117805,1289126.4788117805,1289126.4788117805,0.0,0.0,0.0,18897323.67293421
2021-01-20,20337960.517112188,5515346.395511632,37900064.830442846,20337960.517112188,20337960.517112188,1342012.5047780972,1342012.5047780972,1342012.5047780972,-1074276.5511777485,-1074276.5511777485,-1074276.5511777485,2416289.0559558454,2416289.0559558454,2416289.0559558454,0.0,0.0,0.0,21679973.021890286
2021-01-21,20309586.128616456,8813800.223241698,41116383.742143266,20309586.128616456,20309586.128616456,4455123.427188351,4455123.427188351,4455123.427188351,901994.0573755701,901994.0573755701,901994.0573755701,3553129.3698127815,3553129.3698127815,3553129.3698127815,0.0,0.0,0.0,24764709.555804808
2021-01-22,20281211.740120724,8682708.90202752,40771234.02542136,20281211.740120724,20281211.740120724,4850388.703168814,4850388.703168814,4850388.703168814,164624.10669166577,164624.10669166577,164624.10669166577,4685764.596477149,4685764.596477149,4685764.596477149,0.0,0.0,0.0,25131600.443289537
2021-01-25,20196088.57463353,8864435.576302072,41914365.60942092,20196088.57463353,20196088.57463353,5445836.04977711,5445836.04977711,5445836.04977711,-2471823.099786726,-2471823.099786726,-2471823.099786726,7917659.149563836,7917659.149563836,7917659.149563836,0.0,0.0,0.0,25641924.62441064
2021-01-26,20167714.1861378,9982204.38573065,42623344.828906424,20167714.1861378,20167714.1861378,6135465.173253595,6135465.173253595,6135465.173253595,-2758137.7114840755,-2758137.7114840755,-2758137.7114840755,8893602.88473767,8893602.88473767,8893602.88473767,0.0,0.0,0.0,26303179.359391395
2021-01-27,20139339.79764207,11535469.859596314,45451918.58678651,20139339.79764207,20139339.79764207,8722837.053975817,8722837.053975817,8722837.053975817,-1074276.551186271,-1074276.551186271,-1074276.551186271,9797113.605162088,9797113.605162088,9797113.605162088,0.0,0.0,0.0,28862176.851617888
2021-01-28,20110965.40914634,16406664.440417951,49380483.62485833,20110965.40914634,20110965.40914634,11518358.947111875,11518358.947111875,11518358.947111875,901994.0573746184,901994.0573746184,901994.0573746184,10616364.889737258,10616364.889737258,10616364.889737258,0.0,0.0,0.0,31629324.356258214
2021-01-29,20082591.020650603,15359112.056849748,47509144.61133644,20082591.020650603,20082591.020650603,11505276.664238634,11505276.664238634,11505276.664238634,164624.1066895724,164624.1066895724,164624.1066895724,11340652.557549063,11340652.557549063,11340652.557549063,0.0,0.0,0.0,31587867.684889235
2021-02-01,19997467.855163414,13552509.13798346,47446289.2211499,19997467.855163414,19997467.855163414,10385785.822246857,10385785.822246857,10385785.822246857,-2471823.099787686,-2471823.099787686,-2471823.099787686,12857608.922034543,12857608.922034543,12857608.922034543,0.0,0.0,0.0,30383253.67741027
2021-02-02,19969093.466667674,13186779.411394138,46317851.970743455,19969093.466667674,19969093.466667674,10365921.500218239,10365921.500218239,10365921.500218239,-2758137.711489314,-2758137.711489314,-2758137.711489314,13124059.211707555,13124059.211707555,13124059.211707555,0.0,0.0,0.0,30335014.966885913
2021-02-03,19940719.078171946,16158881.789690843,48795053.92370924,19940719.078171946,19940719.078171946,12190885.031988084,12190885.031988084,12190885.031988084,-1074276.5511841069,-1074276.5511841069,-1074276.5511841069,13265161.583172191,13265161.583172191,13265161.583172191,0.0,0.0,0.0,32131604.11016003
2021-02-04,19912344.689676218,17867619.612259913,50099959.1491004,19912344.689676218,19912344.689676218,14182378.004722958,14182378.004722958,14182378.004722958,901994.0573763624,901994.0573763624,901994.0573763624,13280383.947346598,13280383.947346598,13280383.947346598,0.0,0.0,0.0,34094722.69439918
2021-02-05,19883970.301180486,16393250.60965965,48832213.20840285,19883970.301180486,19883970.301180486,13335828.51987327,13335828.51987327,13335828.51987327,164624.1066952265,164624.1066952265,164624.1066952265,13171204.413178043,13171204.413178043,13171204.413178043,0.0,0.0,0.0,33219798.82105376
2021-02-08,19798847.13569329,12999486.635422725,46307633.64628603,19798847.13569329,19798847.13569329,9670056.42227515,9670056.42227515,9670056.42227515,-2471823.099791293,-2471823.099791293,-2471823.099791293,12141879.522066442,12141879.522066442,12141879.522066442,0.0,0.0,0.0,29468903.557968438
2021-02-09,19784771.101971146,11770400.924697181,44613763.90090094,19784771.101971146,19784771.101971146,8831064.72867078,8831064.72867078,8831064.72867078,-2758137.7114888183,-2758137.7114888183,-2758137.7114888183,11589202.440159598,11589202.440159598,11589202.440159598,0.0,0.0,0.0,28615835.830641925
2021-02-10,19770695.068249002,12305428.164866429,46061026.483403884,19770695.068249002,19770695.068249002,9873977.26804833,9873977.26804833,9873977.26804833,-1074276.5511829255,-1074276.5511829255,-1074276.5511829255,10948253.819231255,10948253.819231255,10948253.819231255,0.0,0.0,0.0,29644672.336297333
2021-02-11,19756619.03452686,13509698.057277739,47598592.813832715,19756619.03452686,19756619.03452686,11133187.583397886,11133187.583397886,11133187.583397886,901994.0573754108,901994.0573754108,901994.0573754108,10231193.526022475,10231193.526022475,10231193.526022475,0.0,0.0,0.0,30889806.617924742
2021-02-12,19742543.000804715,12248402.043862028,45716873.66813234,19742543.000804715,19742543.000804715,9616013.344087105,9616013.344087105,9616013.344087105,164624.10669313392,164624.10669313392,164624.10669313392,9451389.23739397,9451389.23739397,9451389.23739397,0.0,0.0,0.0,29358556.34489182
2021-02-16,19686238.865916148,6467137.42625948,38659000.0832729,19686238.865916148,19686238.865916148,3241739.0826549935,3241739.0826549935,3241739.0826549935,-2758137.7114864765,-2758137.7114864765,-2758137.7114864765,5999876.7941414695,5999876.7941414695,5999876.7941414695,0.0,0.0,0.0,22927977.94857114
2021-02-17,19672162.832194004,6684688.444354946,39819010.15743934,19672162.832194004,19672162.832194004,4056380.032700678,4056380.032700678,4056380.032700678,-1074276.551179778,-1074276.551179778,-1074276.551179778,5130656.583880456,5130656.583880456,5130656.583880456,0.0,0.0,0.0,23728542.86489468
2021-02-18,19658086.798471864,8308756.889137677,39600053.48809814,19658086.798471864,19658086.798471864,5191081.275787902,5191081.275787902,5191081.275787902,901994.0573763206,901994.0573763206,901994.0573763206,4289087.218411582,4289087.218411582,4289087.218411582,0.0,0.0,0.0,24849168.074259765
2021-02-19,19644010.76474972,5056293.066805251,40259532.289371446,19644010.76474972,19644010.76474972,3653789.5782303885,3653789.5782303885,3653789.5782303885,164624.10669491423,164624.10669491423,164624.10669491423,3489165.4715354745,3489165.4715354745,3489165.4715354745,0.0,0.0,0.0,23297800.34298011
2021-02-22,19601782.663583294,2680798.1635862975,34617422.20240619,19601782.663583294,19601782.663583294,-1010437.8721355826,-1010437.8721355826,-1010437.8721355826,-2471823.099795859,-2471823.099795859,-2471823.099795859,1461385.2276602762,1461385.2276602762,1461385.2276602762,0.0,0.0,0.0,18591344.79144771
2021-02-23,19587706.629861154,912704.2302280202,34109730.12375657,19587706.629861154,19587706.629861154,-1815637.8400869211,-1815637.8400869211,-1815637.8400869211,-2758137.711492639,-2758137.711492639,-2758137.711492639,942499.8714057181,942499.8714057181,942499.8714057181,0.0,0.0,0.0,17772068.78977423
2021-02-24,19573630.59613901,2645053.547678013,34863824.48342034,19573630.59613901,19573630.59613901,-560145.3559799595,-560145.3559799595,-560145.3559799595,-1074276.5511785976,-1074276.5511785976,-1074276.5511785976,514131.1951986381,514131.1951986381,514131.1951986381,0.0,0.0,0.0,19013485.24015905
2021-02-25,19559554.562416866,4764941.0308153685,36566964.60297024,19559554.562416866,19559554.562416866,1082440.7780903934,1082440.7780903934,1082440.7780903934,901994.0573753689,901994.0573753689,901994.0573753689,180446.72071502433,180446.72071502433,180446.72071502433,0.0,0.0,0.0,20641995.34050726
2021-02-26,19545478.528694723,4103414.4173411923,36527401.912350446,19545478.528694723,19545478.528694723,108089.33706612483,108089.33706612483,108089.33706612483,164624.10669282117,164624.10669282117,164624.10669282117,-56534.76962669635,-56534.76962669635,-56534.76962669635,0.0,0.0,0.0,19653567.865760848
2021-03-01,19503250.427528296,1779579.8220883529,33053355.133387007,19503250.427528296,19503250.427528296,-2671412.534011923,-2671412.534011923,-2671412.534011923,-2471823.099782921,-2471823.099782921,-2471823.099782921,-199589.43422900204,-199589.43422900204,-199589.43422900204,0.0,0.0,0.0,16831837.893516373
2021-03-02,19489174.393806152,658345.2370321923,32497330.01905292,19489174.393806152,19489174.393806152,-2830706.6458479576,-2830706.6458479576,-2830706.6458479576,-2758137.7114902968,-2758137.7114902968,-2758137.7114902968,-72568.93435766098,-72568.93435766098,-72568.93435766098,0.0,0.0,0.0,16658467.747958194
2021-03-03,19475098.36008401,2065669.9709281665,34924546.571456425,19475098.36008401,19475098.36008401,-944609.4619266463,-944609.4619266463,-944609.4619266463,-1074276.551177417,-1074276.551177417,-1074276.551177417,129667.08925077066,129667.08925077066,129667.08925077066,0.0,0.0,0.0,18530488.898157362
2021-03-04,19461022.32636187,4730934.437136786,37367822.8582728,19461022.32636187,19461022.32636187,1299289.588840066,1299289.588840066,1299289.588840066,901994.0573771129,901994.0573771129,901994.0573771129,397295.5314629533,397295.5314629533,397295.5314629533,0.0,0.0,0.0,20760311.915201936
2021-03-05,19446946.292639725,4613973.666695561,37753492.66219536,19446946.292639725,19446946.292639725,883740.6449083904,883740.6449083904,883740.6449083904,164624.10669352527,164624.10669352527,164624.10669352527,719116.5382148649,719116.5382148649,719116.5382148649,0.0,0.0,0.0,20330686.937548116
2021-03-08,19404718.191473294,2365357.215728659,35584689.1075686,19404718.191473294,19404718.191473294,-588866.0299458732,-588866.0299458732,-588866.0299458732,-2471823.0997865275,-2471823.0997865275,-2471823.0997865275,1882957.0698406543,1882957.0698406543,1882957.0698406543,0.0,0.0,0.0,18815852.16152742
2021-03-09,19390642.157751154,1838916.8264569575,35746362.60802301,19390642.157751154,19390642.157751154,-466131.5048592199,-466131.5048592199,-466131.5048592199,-2758137.7114898004,-2758137.7114898004,-2758137.7114898004,2292006.2066305806,2292006.2066305806,2292006.2066305806,0.0,0.0,0.0,18924510.652891934
2021-03-10,19376566.12402901,4286170.167674881,36591065.5372739,19376566.12402901,19376566.12402901,1614576.263125414,1614576.263125414,1614576.263125414,-1074276.5511752523,-1074276.5511752523,-1074276.5511752523,2688852.8143006666,2688852.8143006666,2688852.8143006666,0.0,0.0,0.0,20991142.387154423
2021-03-11,19362490.090306867,7153845.422527041,39502499.55708849,19362490.090306867,19362490.090306867,3962385.574348478,3962385.574348478,3962385.574348478,901994.0573734657,901994.0573734657,901994.0573734657,3060391.516975012,3060391.516975012,3060391.516975012,0.0,0.0,0.0,23324875.664655346
2021-03-12,19348414.056584727,6796622.049381185,39408945.3628642,19348414.056584727,19348414.056584727,3558953.2997939293,3558953.2997939293,3558953.2997939293,164624.10669530617,164624.10669530617,164624.10669530617,3394329.1930986233,3394329.1930986233,3394329.1930986233,0.0,0.0,0.0,22907367.356378656
2021-03-15,19306185.9554183,5654990.98689803,36421705.00888699,19306185.9554183,19306185.9554183,1594005.8242869105,1594005.8242869105,1594005.8242869105,-2471823.0997874867,-2471823.0997874867,-2471823.0997874867,4065828.9240743974,4065828.9240743974,4065828.9240743974,0.0,0.0,0.0,20900191.77970521
2021-03-16,19292109.921696156,4120438.977714934,36721324.6736669,19292109.921696156,19292109.921696156,1394322.8727008782,1394322.8727008782,1394322.8727008782,-2758137.711488382,-2758137.711488382,-2758137.711488382,4152460.58418926,4152460.58418926,4152460.58418926,0.0,0.0,0.0,20686432.794397034
2021-03-17,19278033.887974016,5021539.333376803,39468064.38402658,19278033.887974016,19278033.887974016,3087256.7874515713,3087256.7874515713,3087256.7874515713,-1074276.5511847585,-1074276.5511847585,-1074276.5511847585,4161533.338636329,4161533.338636329,4161533.338636329,0.0,0.0,0.0,22365290.67542559
2021-03-18,19263957.854251873,6976256.789130463,40358262.38245926,19263957.854251873,19263957.854251873,4992709.388928575,4992709.388928575,4992709.388928575,901994.0573752098,901994.0573752098,901994.0573752098,4090715.3315533665,4090715.3315533665,4090715.3315533665,0.0,0.0,0.0,24256667.243180446
2021-03-19,19249881.82052973,8171420.852294554,39554885.85241889,19249881.82052973,19249881.82052973,4104428.83033202,4104428.83033202,4104428.83033202,164624.10669708633,164624.10669708633,164624.10669708633,3939804.723634934,3939804.723634934,3939804.723634934,0.0,0.0,0.0,23354310.650861748
2021-03-22,19207653.719363302,2752917.150268669,35972069.316357404,19207653.719363302,19207653.719363302,564340.6463210116,564340.6463210116,564340.6463210116,-2471823.0997771965,-2471823.0997771965,-2471823.0997771965,3036163.746098208,3036163.746098208,3036163.746098208,0.0,0.0,0.0,19771994.36568431
2021-03-23,19193577.68564116,2758054.928365169,35336401.77325351,19193577.68564116,19193577.68564116,-153628.1433337948,-153628.1433337948,-153628.1433337948,-2758137.711486962,-2758137.711486962,-2758137.711486962,2604509.568153167,2604509.568153167,2604509.568153167,0.0,0.0,0.0,19039949.542307362
2021-03-24,19179501.651919015,5097432.175674459,36555999.523158155,19179501.651919015,19179501.651919015,1047765.290889277,1047765.290889277,1047765.290889277,-1074276.5511816104,-1074276.5511816104,-1074276.5511816104,2122041.8420708873,2122041.8420708873,2122041.8420708873,0.0,0.0,0.0,20227266.942808293
2021-03-25,19165425.61819687,4913714.183317241,38048009.96033981,19165425.61819687,19165425.61819687,2501651.38550688,2501651.38550688,2501651.38550688,901994.0573769538,901994.0573769538,901994.0573769538,1599657.3281299258,1599657.3281299258,1599657.3281299258,0.0,0.0,0.0,21667077.00370375
2021-03-26,19151349.58447473,4039059.5198924947,36459804.81789898,19151349.58447473,19151349.58447473,1214019.7452152916,1214019.7452152916,1214019.7452152916,164624.10669499333,164624.10669499333,164624.10669499333,1049395.638520298,1049395.638520298,1049395.638520298,0.0,0.0,0.0,20365369.329690024
2021-03-29,19109121.483308304,362771.72529183613,34093697.13590449,19109121.483308304,19109121.483308304,-3109297.6009941427,-3109297.6009941427,-3109297.6009941427,-2471823.0997781563,-2471823.0997781563,-2471823.0997781563,-637474.5012159866,-637474.5012159866,-637474.5012159866,0.0,0.0,0.0,15999823.88231416
2021-03-30,19095045.44958616,-1895218.6556894756,30297191.30814566,19095045.44958616,19095045.44958616,-3924883.3133748877,-3924883.3133748877,-3924883.3133748877,-2758137.7114855433,-2758137.7114855433,-2758137.7114855433,-1166745.601889345,-1166745.601889345,-1166745.601889345,0.0,0.0,0.0,15170162.136211272
2021-03-31,19080969.415864017,-464075.8812738594,31817400.135189828,19080969.415864017,19080969.415864017,-2731763.902926349,-2731763.902926349,-2731763.902926349,-1074276.5511804293,-1074276.5511804293,-1074276.5511804293,-1657487.3517459193,-1657487.3517459193,-1657487.3517459193,0.0,0.0,0.0,16349205.512937669
2021-04-01,19066893.382141873,1809831.7836110834,33978962.29928719,19066893.382141873,19066893.382141873,-1195482.0790914146,-1195482.0790914146,-1195482.0790914146,901994.0573760021,901994.0573760021,901994.0573760021,-2097476.136467417,-2097476.136467417,-2097476.136467417,0.0,0.0,0.0,17871411.30305046
2021-04-05,19010589.247253306,-3074964.1916704355,29784052.211813714,19010589.247253306,19010589.247253306,-5620866.809710888,-5620866.809710888,-5620866.809710888,-2471823.099784409,-2471823.099784409,-2471823.099784409,-3149043.709926479,-3149043.709926479,-3149043.709926479,0.0,0.0,0.0,13389722.437542418
2021-04-06,18996513.213531166,-3161792.8964500926,29666918.02446963,18996513.213531166,18996513.213531166,-5957000.953969529,-5957000.953969529,-5957000.953969529,-2758137.711485047,-2758137.711485047,-2758137.711485047,-3198863.2424844815,-3198863.2424844815,-3198863.2424844815,0.0,0.0,0.0,13039512.259561637
2021-04-07,18982437.179809023,-2117147.3319757455,31295031.41544067,18982437.179809023,18982437.179809023,-4230031.885468158,-4230031.885468158,-4230031.885468158,-1074276.5511782656,-1074276.5511782656,-1074276.5511782656,-3155755.3342898926,-3155755.3342898926,-3155755.3342898926,0.0,0.0,0.0,14752405.294340864
2021-04-08,18985480.142626386,1136956.487859669,34729598.83964436,18985480.142626386,18985480.142626386,-2117526.1109808157,-2117526.1109808157,-2117526.1109808157,901994.057376912,901994.057376912,901994.057376912,-3019520.168357727,-3019520.168357727,-3019520.168357727,0.0,0.0,0.0,16867954.03164557
2021-04-09,18988523.10544375,-63995.33074575512,33076801.455823008,18988523.10544375,18988523.10544375,-2627472.5519461823,-2627472.5519461823,-2627472.5519461823,164624.1066897314,164624.1066897314,164624.1066897314,-2792096.6586359134,-2792096.6586359134,-2792096.6586359134,0.0,0.0,0.0,16361050.553497568
2021-04-12,18997651.993895844,-2150956.2734565097,31088418.48631201,18997651.993895844,18997651.993895844,-4084723.7570667374,-4084723.7570667374,-4084723.7570667374,-2471823.099785369,-2471823.099785369,-2471823.099785369,-1612900.6572813683,-1612900.6572813683,-1612900.6572813683,0.0,0.0,0.0,14912928.236829106
2021-04-13,19000694.95671321,-1256061.2580263482,31669153.691118002,19000694.95671321,19000694.95671321,-3838463.364462436,-3838463.364462436,-3838463.364462436,-2758137.7114902865,-2758137.7114902865,-2758137.7114902865,-1080325.6529721497,-1080325.6529721497,-1080325.6529721497,0.0,0.0,0.0,15162231.592250776
2021-04-14,19003737.919530574,1033231.372401954,33043460.933875073,19003737.919530574,19003737.919530574,-1569394.2333169465,-1569394.2333169465,-1569394.2333169465,-1074276.551176101,-1074276.551176101,-1074276.551176101,-495117.6821408452,-495117.6821408452,-495117.6821408452,0.0,0.0,0.0,17434343.686213627
2021-04-15,19006780.882347938,3587951.295601733,36236785.14705059,19006780.882347938,19006780.882347938,1032502.4852477516,1032502.4852477516,1032502.4852477516,901994.0573732648,901994.0573732648,901994.0573732648,130508.42787448679,130508.42787448679,130508.42787448679,0.0,0.0,0.0,20039283.367595688
2021-04-16,19009823.8451653,4475958.355751552,36850936.635712065,19009823.8451653,19009823.8451653,948051.7528367928,948051.7528367928,948051.7528367928,164624.10669538516,164624.10669538516,164624.10669538516,783427.6461414078,783427.6461414078,783427.6461414078,0.0,0.0,0.0,19957875.598002095
2021-04-19,19018952.733617395,3916981.4313466474,37124278.99858245,19018952.733617395,19018952.733617395,295655.586333615,295655.586333615,295655.586333615,-2471823.0997863286,-2471823.0997863286,-2471823.0997863286,2767478.686119944,2767478.686119944,2767478.686119944,0.0,0.0,0.0,19314608.31995101
2021-04-20,19021995.69643476,3074478.269341494,35445633.350989774,19021995.69643476,19021995.69643476,632776.6271782214,632776.6271782214,632776.6271782214,-2758137.7114897906,-2758137.7114897906,-2758137.7114897906,3390914.338668012,3390914.338668012,3390914.338668012,0.0,0.0,0.0,19654772.32361298
2021-04-21,19025038.659252122,4639543.985368949,37906916.80854765,19025038.659252122,19025038.659252122,2898942.232912485,2898942.232912485,2898942.232912485,-1074276.551173937,-1074276.551173937,-1074276.551173937,3973218.7840864216,3973218.7840864216,3973218.7840864216,0.0,0.0,0.0,21923980.892164607
2021-04-22,19028081.62206949,8559287.844576577,40815079.09615278,19028081.62206949,19028081.62206949,5404302.848767647,5404302.848767647,5404302.848767647,901994.0573750087,901994.0573750087,901994.0573750087,4502308.791392638,4502308.791392638,4502308.791392638,0.0,0.0,0.0,24432384.470837135
2021-04-23,19031124.584886853,7703175.53326884,41103823.613986105,19031124.584886853,19031124.584886853,5131913.341127456,5131913.341127456,5131913.341127456,164624.10669329224,164624.10669329224,164624.10669329224,4967289.234434163,4967289.234434163,4967289.234434163,0.0,0.0,0.0,24163037.926014308
2021-04-26,19040253.473338943,4997330.200955234,39284273.93741427,19040253.473338943,19040253.473338943,3419136.7375196586,3419136.7375196586,3419136.7375196586,-2471823.099792582,-2471823.099792582,-2471823.099792582,5890959.83731224,5890959.83731224,5890959.83731224,0.0,0.0,0.0,22459390.210858602
2021-04-27,19043296.43615631,5249829.159929006,38883773.19173724,19043296.43615631,19043296.43615631,3263339.7704712446,3263339.7704712446,3263339.7704712446,-2758137.7114874483,-2758137.7114874483,-2758137.7114874483,6021477.481958693,6021477.481958693,6021477.481958693,0.0,0.0,0.0,22306636.206627555
2021-04-28,19046339.398973674,8130769.471905575,39716916.65890277,19046339.398973674,19046339.398973674,4983555.996001961,4983555.996001961,4983555.996001961,-1074276.5511727568,-1074276.5511727568,-1074276.5511727568,6057832.547174718,6057832.547174718,6057832.547174718,0.0,0.0,0.0,24029895.394975632
2021-04-29,19049382.361791037,9223967.366375761,42491908.22288179,19049382.361791037,19049382.361791037,6901627.2855064245,6901627.2855064245,6901627.2855064245,901994.0573759186,901994.0573759186,901994.0573759186,5999633.228130505,5999633.228130505,5999633.228130505,0.0,0.0,0.0,25951009.64729746
2021-04-30,19052425.324608404,9044099.776740586,40457199.28780243,19052425.324608404,19052425.324608404,6013018.838049789,6013018.838049789,6013018.838049789,164624.10669119924,164624.10669119924,164624.10669119924,5848394.73135859,5848394.73135859,5848394.73135859,0.0,0.0,0.0,25065444.162658192
2021-05-03,19061554.2130605,4320614.304884669,38390278.16758806,19061554.2130605,19061554.2130605,2406513.3869251963,2406513.3869251963,2406513.3869251963,-2471823.0997935417,-2471823.0997935417,-2471823.0997935417,4878336.486718738,4878336.486718738,4878336.486718738,0.0,0.0,0.0,21468067.599985696
2021-05-04,19064597.175877858,5485956.4032962695,37135567.276511766,19064597.175877858,19064597.175877858,1646623.7664155937,1646623.7664155937,1646623.7664155937,-2758137.711486952,-2758137.711486952,-2758137.711486952,4404761.477902546,4404761.477902546,4404761.477902546,0.0,0.0,0.0,20711220.94229345
2021-05-05,19067640.13869522,5671803.623170028,38106805.81434514,19067640.13869522,19067640.13869522,2796060.6340730814,2796060.6340730814,2796060.6340730814,-1074276.5511802947,-1074276.5511802947,-1074276.5511802947,3870337.185253376,3870337.185253376,3870337.185253376,0.0,0.0,0.0,21863700.772768304
2021-05-06,19070683.10151259,7381717.2562659625,39229261.14458152,19070683.10151259,19070683.10151259,4187141.627030756,4187141.627030756,4187141.627030756,901994.0573776625,901994.0573776625,901994.0573776625,3285147.5696530933,3285147.5696530933,3285147.5696530933,0.0,0.0,0.0,23257824.728543345
2021-05-07,19073726.064329952,6311537.168357699,37676146.723163664,19073726.064329952,19073726.064329952,2824575.600153596,2824575.600153596,2824575.600153596,164624.10669685339,164624.10669685339,164624.10669685339,2659951.4934567427,2659951.4934567427,2659951.4934567427,0.0,0.0,0.0,21898301.664483547
2021-05-10,19082854.952782046,646318.0616832018,33541692.631332,19082854.952782046,19082854.952782046,-1815217.7095635522,-1815217.7095635522,-1815217.7095635522,-2471823.0997806033,-2471823.0997806033,-2471823.0997806033,656605.3902170514,656605.3902170514,656605.3902170514,0.0,0.0,0.0,17267637.243218493
2021-05-11,19085897.91559941,-572582.8084717366,32161027.31419031,19085897.91559941,19085897.91559941,-2774698.292370573,-2774698.292370573,-2774698.292370573,-2758137.711486456,-2758137.711486456,-2758137.711486456,-16560.58088411735,-16560.58088411735,-16560.58088411735,0.0,0.0,0.0,16311199.623228837
2021-05-12,19088940.878416773,1762034.6150624931,33968755.86283494,19088940.878416773,19088940.878416773,-1749052.2016700637,-1749052.2016700637,-1749052.2016700637,-1074276.551179114,-1074276.551179114,-1074276.551179114,-674775.6504909497,-674775.6504909497,-674775.6504909497,0.0,0.0,0.0,17339888.67674671
2021-05-13,19091983.841234136,1576467.0868208935,35673628.072713375,19091983.841234136,19091983.841234136,-406492.13628283056,-406492.13628283056,-406492.13628283056,901994.0573767108,901994.0573767108,901994.0573767108,-1308486.1936595414,-1308486.1936595414,-1308486.1936595414,0.0,0.0,0.0,18685491.704951305
2021-05-14,19095026.8040515,1598632.9675020806,34679640.03202535,19095026.8040515,19095026.8040515,-1744461.8509972875,-1744461.8509972875,-1744461.8509972875,164624.10669476018,164624.10669476018,164624.10669476018,-1909085.9576920478,-1909085.9576920478,-1909085.9576920478,0.0,0.0,0.0,17350564.953054212
2021-05-17,19104155.692503594,-3092475.0517569627,28145078.92992227,19104155.692503594,19104155.692503594,-5915018.227166216,-5915018.227166216,-5915018.227166216,-2471823.0997815635,-2471823.0997815635,-2471823.0997815635,-3443195.127384652,-3443195.127384652,-3443195.127384652,0.0,0.0,0.0,13189137.465337377
2021-05-18,19107198.65532096,-4131710.2412518486,29654906.40073424,19107198.65532096,19107198.65532096,-6606766.023579649,-6606766.023579649,-6606766.023579649,-2758137.7114841137,-2758137.7114841137,-2758137.7114841137,-3848628.3120955345,-3848628.3120955345,-3848628.3120955345,0.0,0.0,0.0,12500432.631741311
2021-05-19,19110241.618138324,-2499202.7205986963,29578819.56202543,19110241.618138324,19110241.618138324,-5270313.695275283,-5270313.695275283,-5270313.695275283,-1074276.5511759662,-1074276.5511759662,-1074276.5511759662,-4196037.1440993175,-4196037.1440993175,-4196037.1440993175,0.0,0.0,0.0,13839927.92286304
2021-05-20,19113284.58095569,294.34818923967833,31366118.318213064,19113284.58095569,19113284.58095569,-3582361.808758475,-3582361.808758475,-3582361.808758475,901994.0573757592,901994.0573757592,901994.0573757592,-4484355.866134234,-4484355.866134234,-4484355.866134234,0.0,0.0,0.0,15530922.772197217
2021-05-21,19116327.54377305,-1517029.0111977037,32233588.77357644,19116327.54377305,19116327.54377305,-4549137.788642412,-4549137.788642412,-4549137.788642412,164624.10669159086,164624.10669159086,164624.10669159086,-4713761.895334003,-4713761.895334003,-4713761.895334003,0.0,0.0,0.0,14567189.75513064
2021-05-24,19125456.432225145,-5560353.330537959,28569127.932606142,19125456.432225145,19125456.432225145,-7538711.318579344,-7538711.318579344,-7538711.318579344,-2471823.0997851705,-2471823.0997851705,-2471823.0997851705,-5066888.218794174,-5066888.218794174,-5066888.218794174,0.0,0.0,0.0,11586745.113645801
2021-05-25,19128499.39504251,-7276587.353959414,27718014.169295147,19128499.39504251,19128499.39504251,-7841811.29989059,-7841811.29989059,-7841811.29989059,-2758137.711483618,-2758137.711483618,-2758137.711483618,-5083673.588406973,-5083673.588406973,-5083673.588406973,0.0,0.0,0.0,11286688.09515192
2021-05-26,19131542.357859876,-3401845.36580273,30174938.04840335,19131542.357859876,19131542.357859876,-6131459.927665994,-6131459.927665994,-6131459.927665994,-1074276.5511854717,-1074276.5511854717,-1074276.5511854717,-5057183.376480523,-5057183.376480523,-5057183.376480523,0.0,0.0,0.0,13000082.430193882
2021-05-27,19134585.32067724,-1499962.2598174473,31342888.673311424,19134585.32067724,19134585.32067724,-4090471.7120380295,-4090471.7120380295,-4090471.7120380295,901994.0573748077,901994.0573748077,901994.0573748077,-4992465.769412837,-4992465.769412837,-4992465.769412837,0.0,0.0,0.0,15044113.60863921
2021-05-28,19137628.283494603,-1842322.6318992106,31448484.56058608,19137628.283494603,19137628.283494603,-4730200.409766297,-4730200.409766297,-4730200.409766297,164624.10668949786,164624.10668949786,164624.10668949786,-4894824.516455795,-4894824.516455795,-4894824.516455795,0.0,0.0,0.0,14407427.873728305
2021-06-01,19149800.13476406,-2733124.5764261275,28147954.353293575,19149800.13476406,19149800.13476406,-7039267.49775937,-7039267.49775937,-7039267.49775937,-2758137.7114879345,-2758137.7114879345,-2758137.7114879345,-4281129.786271434,-4281129.786271434,-4281129.786271434,0.0,0.0,0.0,12110532.63700469
2021-06-02,19152843.097581424,-914280.1317025172,32367708.114401862,19152843.097581424,19152843.097581424,-5170769.454257091,-5170769.454257091,-5170769.454257091,-1074276.5511833075,-1074276.5511833075,-1074276.5511833075,-4096492.903073784,-4096492.903073784,-4096492.903073784,0.0,0.0,0.0,13982073.643324334
2021-06-03,19155886.060398787,-926960.4609483551,32626601.8520403,19155886.060398787,19155886.060398787,-3005783.150411741,-3005783.150411741,-3005783.150411741,901994.0573765518,901994.0573765518,901994.0573765518,-3907777.2077882923,-3907777.2077882923,-3907777.2077882923,0.0,0.0,0.0,16150102.909987047
2021-06-04,19180031.135598946,-1631491.2894948653,31342222.667145424,19180031.135598946,19180031.135598946,-3553621.80711974,-3553621.80711974,-3553621.80711974,164624.1066912785,164624.1066912785,164624.1066912785,-3718245.913811019,-3718245.913811019,-3718245.913811019,0.0,0.0,0.0,15626409.328479206
2021-06-07,19252466.361199424,-3833477.8582181297,29877059.741874028,19252466.361199424,19252466.361199424,-5640002.269013712,-5640002.269013712,-5640002.269013712,-2471823.099792383,-2471823.099792383,-2471823.099792383,-3168179.169221329,-3168179.169221329,-3168179.169221329,0.0,0.0,0.0,13612464.092185711
2021-06-08,19276611.436399583,-2035301.4894660625,29677575.13524146,19276611.436399583,19276611.436399583,-5753909.744608927,-5753909.744608927,-5753909.744608927,-2758137.711487438,-2758137.711487438,-2758137.711487438,-2995772.0331214885,-2995772.0331214885,-2995772.0331214885,0.0,0.0,0.0,13522701.691790655
2021-06-09,19300756.511599742,-758758.5727175383,31992045.721929904,19300756.511599742,19300756.511599742,-3904104.5924110594,-3904104.5924110594,-3904104.5924110594,-1074276.5511821269,-1074276.5511821269,-1074276.5511821269,-2829828.0412289323,-2829828.0412289323,-2829828.0412289323,0.0,0.0,0.0,15396651.919188682
2021-06-10,19324901.5867999,2209173.1929126615,35450727.69334464,19324901.5867999,19324901.5867999,-1768232.3160464226,-1768232.3160464226,-1768232.3160464226,901994.0573729046,901994.0573729046,901994.0573729046,-2670226.373419327,-2670226.373419327,-2670226.373419327,0.0,0.0,0.0,17556669.270753477
2021-06-11,19349046.66200006,482215.00740571565,33338550.446516767,19349046.66200006,19349046.66200006,-2351856.578445218,-2351856.578445218,-2351856.578445218,164624.1066930591,164624.1066930591,164624.1066930591,-2516480.6851382772,-2516480.6851382772,-2516480.6851382772,0.0,0.0,0.0,16997190.08355484
2021-06-14,19421481.887600537,-2983797.8708573077,32118720.668274276,19421481.887600537,19421481.887600537,-4553835.567213803,-4553835.567213803,-4553835.567213803,-2471823.099793343,-2471823.099793343,-2471823.099793343,-2082012.4674204597,-2082012.4674204597,-2082012.4674204597,0.0,0.0,0.0,14867646.320386734
2021-06-15,19445626.962800693,-1476994.2265574199,31657933.11508608,19445626.962800693,19445626.962800693,-4700980.890343167,-4700980.890343167,-4700980.890343167,-2758137.7114860187,-2758137.7114860187,-2758137.7114860187,-1942843.178857148,-1942843.178857148,-1942843.178857148,0.0,0.0,0.0,14744646.072457526
2021-06-16,19469772.038000852,-949049.0728939148,32547770.592704024,19469772.038000852,19469772.038000852,-2879235.874828391,-2879235.874828391,-2879235.874828391,-1074276.5511809462,-1074276.5511809462,-1074276.5511809462,-1804959.3236474441,-1804959.3236474441,-1804959.3236474441,0.0,0.0,0.0,16590536.163172461
2021-06-17,19493917.113201015,3537034.7166462806,36734806.31688141,19493917.113201015,19493917.113201015,-765678.9052607332,-765678.9052607332,-765678.9052607332,901994.0573765099,901994.0573765099,901994.0573765099,-1667672.962637243,-1667672.962637243,-1667672.962637243,0.0,0.0,0.0,18728238.20794028
2021-06-18,19518062.188401174,2166560.824056853,36111203.79196823,19518062.188401174,19518062.188401174,-1365929.4931006983,-1365929.4931006983,-1365929.4931006983,164624.10669376326,164624.10669376326,164624.10669376326,-1530553.5997944614,-1530553.5997944614,-1530553.5997944614,0.0,0.0,0.0,18152132.695300475
2021-06-21,19590497.414001647,-1464800.4569308555,33399060.74783896,19590497.414001647,19590497.414001647,-3592534.8734821673,-3592534.8734821673,-3592534.8734821673,-2471823.0997995962,-2471823.0997995962,-2471823.0997995962,-1120711.7736825708,-1120711.7736825708,-1120711.7736825708,0.0,0.0,0.0,15997962.54051948
2021-06-22,19614642.489201806,-125563.13599930807,31789655.969022535,19614642.489201806,19614642.489201806,-3744670.4080346823,-3744670.4080346823,-3744670.4080346823,-2758137.7114912583,-2758137.7114912583,-2758137.7114912583,-986532.696543423,-986532.696543423,-986532.696543423,0.0,0.0,0.0,15869972.081167124
2021-06-23,19638787.564401966,3855215.964222238,33904692.01197454,19638787.564401966,19638787.564401966,-1929679.3868790371,-1929679.3868790371,-1929679.3868790371,-1074276.5511777985,-1074276.5511777985,-1074276.5511777985,-855402.8357012382,-855402.8357012382,-855402.8357012382,0.0,0.0,0.0,17709108.177522928
2021-06-24,19662932.639602125,2797903.660160764,35883745.166981064,19662932.639602125,19662932.639602125,173111.53218390292,173111.53218390292,173111.53218390292,901994.0573755583,901994.0573755583,901994.0573755583,-728882.5251916554,-728882.5251916554,-728882.5251916554,0.0,0.0,0.0,19836044.17178603
2021-06-25,19687077.714802284,2218080.3172708713,34427771.96679204,19687077.714802284,19687077.714802284,-444144.3194144892,-444144.3194144892,-444144.3194144892,164624.10669167028,164624.10669167028,164624.10669167028,-608768.4261061595,-608768.4261061595,-608768.4261061595,0.0,0.0,0.0,19242933.395387795
2021-06-28,19759512.94040276,-524007.1412886377,32707717.311077043,19759512.94040276,19759512.94040276,-2778646.601702713,-2778646.601702713,-2778646.601702713,-2471823.0997840115,-2471823.0997840115,-2471823.0997840115,-306823.5019187019,-306823.5019187019,-306823.5019187019,0.0,0.0,0.0,16980866.33870005
2021-06-29,19783658.01560292,227651.8125820435,33704970.04247405,19783658.01560292,19783658.01560292,-2990492.4855268965,-2990492.4855268965,-2990492.4855268965,-2758137.711489839,-2758137.711489839,-2758137.711489839,-232354.77403705762,-232354.77403705762,-232354.77403705762,0.0,0.0,0.0,16793165.530076023
2021-06-30,19807803.09080308,1882063.2700170195,34093917.575215854,19807803.09080308,19807803.09080308,-1248314.6812348524,-1248314.6812348524,-1248314.6812348524,-1074276.5511766179,-1074276.5511766179,-1074276.5511766179,-174038.13005823447,-174038.13005823447,-174038.13005823447,0.0,0.0,0.0,18559488.409568228
2021-07-01,19831948.166003235,4219941.891877119,38182531.11668061,19831948.166003235,19831948.166003235,768655.0205195388,768655.0205195388,768655.0205195388,901994.0573773022,901994.0573773022,901994.0573773022,-133339.0368577635,-133339.0368577635,-133339.0368577635,0.0,0.0,0.0,20600603.186522774
2021-07-02,19856093.241203398,4936754.68741613,35406293.62192404,19856093.241203398,19856093.241203398,53270.24456435378,53270.24456435378,53270.24456435378,164624.1066934509,164624.1066934509,164624.1066934509,-111353.86212909715,-111353.86212909715,-111353.86212909715,0.0,0.0,0.0,19909363.485767752
2021-07-06,19952673.542004034,98225.1839063768,32946773.53258808,19952673.542004034,19952673.542004034,-2973971.054468029,-2973971.054468029,-2973971.054468029,-2758137.711489343,-2758137.711489343,-2758137.711489343,-215833.34297868612,-215833.34297868612,-215833.34297868612,0.0,0.0,0.0,16978702.487536006
2021-07-07,19976818.61720419,1676885.3587299464,34906592.442911066,19976818.61720419,19976818.61720419,-1360898.5834589466,-1360898.5834589466,-1360898.5834589466,-1074276.5511744537,-1074276.5511744537,-1074276.5511744537,-286622.03228449286,-286622.03228449286,-286622.03228449286,0.0,0.0,0.0,18615920.033745244
2021-07-08,20000963.69240435,4236208.180009878,38025372.66072124,20000963.69240435,20000963.69240435,530069.8664092008,530069.8664092008,530069.8664092008,901994.0573790461,901994.0573790461,901994.0573790461,-371924.19096984534,-371924.19096984534,-371924.19096984534,0.0,0.0,0.0,20531033.55881355
2021-07-09,20025108.767604508,3515026.53913341,35834377.242514,20025108.767604508,20025108.767604508,-304498.6506178832,-304498.6506178832,-304498.6506178832,164624.1066913577,164624.1066913577,164624.1066913577,-469122.75730924093,-469122.75730924093,-469122.75730924093,0.0,0.0,0.0,19720610.116986625
2021-07-12,20097543.993204985,-356269.7975809392,32592481.180019077,20097543.993204985,20097543.993204985,-3271391.349273423,-3271391.349273423,-3271391.349273423,-2471823.0997912246,-2471823.0997912246,-2471823.0997912246,-799568.2494821982,-799568.2494821982,-799568.2494821982,0.0,0.0,0.0,16826152.64393156
2021-07-13,20121689.068405144,486637.2881786346,32491079.388384942,20121689.068405144,20121689.068405144,-3668486.54070872,-3668486.54070872,-3668486.54070872,-2758137.711487924,-2758137.711487924,-2758137.711487924,-910348.829220796,-910348.829220796,-910348.829220796,0.0,0.0,0.0,16453202.527696423
2021-07-14,20145834.1436053,1610539.0454044018,34597286.90837961,20145834.1436053,20145834.1436053,-2089219.7467869946,-2089219.7467869946,-2089219.7467869946,-1074276.5511829753,-1074276.5511829753,-1074276.5511829753,-1014943.1956040192,-1014943.1956040192,-1014943.1956040192,0.0,0.0,0.0,18056614.396818306
2021-07-15,20169979.21880546,2439333.4718104964,36011183.26005183,20169979.21880546,20169979.21880546,-207517.74454418413,-207517.74454418413,-207517.74454418413,901994.0573745648,901994.0573745648,901994.0573745648,-1109511.801918749,-1109511.801918749,-1109511.801918749,0.0,0.0,0.0,19962461.474261273
2021-07-16,20194124.294005617,2265735.1392970807,35189709.032859236,20194124.294005617,20194124.294005617,-1025822.2253699378,-1025822.2253699378,-1025822.2253699378,164624.10669701183,164624.10669701183,164624.10669701183,-1190446.3320669497,-1190446.3320669497,-1190446.3320669497,0.0,0.0,0.0,19168302.06863568
2021-07-19,20266559.5196061,151880.7884726826,32720978.602305215,20266559.5196061,20266559.5196061,-3793478.303152874,-3793478.303152874,-3793478.303152874,-2471823.099778287,-2471823.099778287,-2471823.099778287,-1321655.203374587,-1321655.203374587,-1321655.203374587,0.0,0.0,0.0,16473081.216453224
2021-07-20,20290704.59480625,-194570.40912790797,32952460.267826583,20290704.59480625,20290704.59480625,-4079366.0029579834,-4079366.0029579834,-4079366.0029579834,-2758137.7114874274,-2758137.7114874274,-2758137.7114874274,-1321228.2914705556,-1321228.2914705556,-1321228.2914705556,0.0,0.0,0.0,16211338.591848267
2021-07-21,20314849.670006413,1172283.0579325478,36323796.61161395,20314849.670006413,20314849.670006413,-2371366.517926942,-2371366.517926942,-2371366.517926942,-1074276.551180811,-1074276.551180811,-1074276.551180811,-1297089.9667461312,-1297089.9667461312,-1297089.9667461312,0.0,0.0,0.0,17943483.15207947
2021-07-22,20338994.745206572,4301975.247102681,36716331.05066619,20338994.745206572,20338994.745206572,-347549.12646573136,-347549.12646573136,-347549.12646573136,901994.0573736132,901994.0573736132,901994.0573736132,-1249543.1838393447,-1249543.1838393447,-1249543.1838393447,0.0,0.0,0.0,19991445.61874084
2021-07-23,20363139.82040673,2845062.4305607257,36604366.81120541,20363139.82040673,20363139.82040673,-1015189.937451649,-1015189.937451649,-1015189.937451649,164624.10669491888,164624.10669491888,164624.10669491888,-1179814.0441465678,-1179814.0441465678,-1179814.0441465678,0.0,0.0,0.0,19347949.88295508
2021-07-26,20435575.04600721,740270.3294226477,34088437.61440618,20435575.04600721,20435575.04600721,-3335546.9822812434,-3335546.9822812434,-3335546.9822812434,-2471823.0997818937,-2471823.0997818937,-2471823.0997818937,-863723.8824993499,-863723.8824993499,-863723.8824993499,0.0,0.0,0.0,17100028.063725963
2021-07-27,20459720.121207364,179162.47767436877,34836869.380597085,20459720.121207364,20459720.121207364,-3493990.987531447,-3493990.987531447,-3493990.987531447,-2758137.7114850855,-2758137.7114850855,-2758137.7114850855,-735853.2760463611,-735853.2760463611,-735853.2760463611,0.0,0.0,0.0,16965729.133675918
2021-07-28,20483865.196407523,1493495.9391498412,34135371.26018744,20483865.196407523,20483865.196407523,-1679506.4017355142,-1679506.4017355142,-1679506.4017355142,-1074276.5511796307,-1074276.5511796307,-1074276.5511796307,-605229.8505558836,-605229.8505558836,-605229.8505558836,0.0,0.0,0.0,18804358.79467201
2021-07-29,20508010.271607686,5952768.760228601,37125610.11309236,20508010.271607686,20508010.271607686,424112.7748643158,424112.7748643158,424112.7748643158,901994.0573753573,901994.0573753573,901994.0573753573,-477881.28251104144,-477881.28251104144,-477881.28251104144,0.0,0.0,0.0,20932123.046472
2021-07-30,20532155.34680785,4126414.6706210296,37632545.28482454,20532155.34680785,20532155.34680785,-195625.485642117,-195625.485642117,-195625.485642117,164624.10669174948,164624.10669174948,164624.10669174948,-360249.5923338665,-360249.5923338665,-360249.5923338665,0.0,0.0,0.0,20336529.861165732
2021-08-02,20663209.206107397,1995075.2339325037,35058118.32085579,20663209.206107397,20663209.206107397,-2604367.507175754,-2604367.507175754,-2604367.507175754,-2471823.0997855,-2471823.0997855,-2471823.0997855,-132544.40739025397,-132544.40739025397,-132544.40739025397,0.0,0.0,0.0,18058841.698931642
2021-08-03,20706893.825873908,1416684.0680680727,34011008.59153558,20706893.825873908,20706893.825873908,-2878263.256723054,-2878263.256723054,-2878263.256723054,-2758137.7114845896,-2758137.7114845896,-2758137.7114845896,-120125.54523846443,-120125.54523846443,-120125.54523846443,0.0,0.0,0.0,17828630.569150854
2021-08-04,20750578.445640422,3760876.3041321337,35046534.53399442,20750578.445640422,20750578.445640422,-1223620.0256886755,-1223620.0256886755,-1223620.0256886755,-1074276.5511774665,-1074276.5511774665,-1074276.5511774665,-149343.47451120912,-149343.47451120912,-149343.47451120912,0.0,0.0,0.0,19526958.419951748
2021-08-05,20794263.06540694,6277865.004591452,36728171.47507028,20794263.06540694,20794263.06540694,676867.9702668786,676867.9702668786,676867.9702668786,901994.0573771013,901994.0573771013,901994.0573771013,-225126.08711022258,-225126.08711022258,-225126.08711022258,0.0,0.0,0.0,21471131.03567382
2021-08-06,20837947.685173456,3848423.270604396,37898571.95671591,20837947.685173456,20837947.685173456,-186841.47056806204,-186841.47056806204,-186841.47056806204,164624.1066935301,164624.1066935301,164624.1066935301,-351465.57726159215,-351465.57726159215,-351465.57726159215,0.0,0.0,0.0,20651106.214605395
2021-08-09,20969001.544472996,1096118.985844136,33232843.58625686,20969001.544472996,20969001.544472996,-3528241.477829724,-3528241.477829724,-3528241.477829724,-2471823.0997864595,-2471823.0997864595,-2471823.0997864595,-1056418.3780432646,-1056418.3780432646,-1056418.3780432646,0.0,0.0,0.0,17440760.06664327
2021-08-10,21012686.164239515,616625.6664018108,33250787.830365267,21012686.164239515,21012686.164239515,-4159091.98224512,-4159091.98224512,-4159091.98224512,-2758137.7114898292,-2758137.7114898292,-2758137.7114898292,-1400954.2707552908,-1400954.2707552908,-1400954.2707552908,0.0,0.0,0.0,16853594.181994393
2021-08-11,21056370.78400603,1034864.5734393639,34415859.984501295,21056370.78400603,21056370.78400603,-2871410.9737628615,-2871410.9737628615,-2871410.9737628615,-1074276.551176286,-1074276.551176286,-1074276.551176286,-1797134.422586575,-1797134.422586575,-1797134.422586575,0.0,0.0,0.0,18184959.810243167
2021-08-12,21100055.403772544,2906919.8172995863,35148918.470557414,21100055.403772544,21100055.403772544,-1338873.7821830472,-1338873.7821830472,-1338873.7821830472,901994.0573761497,901994.0573761497,901994.0573761497,-2240867.8395591965,-2240867.8395591965,-2240867.8395591965,0.0,0.0,0.0,19761181.621589497
2021-08-13,21143740.023539063,3000455.958867179,35698987.28217393,21143740.023539063,21143740.023539063,-2561997.6193469674,-2561997.6193469674,-2561997.6193469674,164624.10669531074,164624.10669531074,164624.10669531074,-2726621.726042278,-2726621.726042278,-2726621.726042278,0.0,0.0,0.0,18581742.404192094
2021-08-16,21274793.882838603,-2457037.811717097,32290803.206963144,21274793.882838603,21274793.882838603,-6832779.4546045875,-6832779.4546045875,-6832779.4546045875,-2471823.099787419,-2471823.099787419,-2471823.099787419,-4360956.354817169,-4360956.354817169,-4360956.354817169,0.0,0.0,0.0,14442014.428234015
2021-08-17,21318478.502605118,-3479412.9072554545,29769541.169598144,21318478.502605118,21318478.502605118,-7692301.135709338,-7692301.135709338,-7692301.135709338,-2758137.71148841,-2758137.71148841,-2758137.71148841,-4934163.424220927,-4934163.424220927,-4934163.424220927,0.0,0.0,0.0,13626177.36689578
2021-08-18,21362163.122371636,-1203765.0443148098,30623027.31121269,21362163.122371636,21362163.122371636,-6578435.200507075,-6578435.200507075,-6578435.200507075,-1074276.5511828405,-1074276.5511828405,-1074276.5511828405,-5504158.649324234,-5504158.649324234,-5504158.649324234,0.0,0.0,0.0,14783727.921864562
2021-08-19,21405847.74213815,-416989.0685066632,33534541.52043864,21405847.74213815,21405847.74213815,-5157694.876777444,-5157694.876777444,-5157694.876777444,901994.057375198,901994.057375198,901994.057375198,-6059688.934152642,-6059688.934152642,-6059688.934152642,0.0,0.0,0.0,16248152.865360707
2021-08-20,21449532.361904666,-1493500.276921007,30727851.341378856,21449532.361904666,21449532.361904666,-6424708.276643264,-6424708.276643264,-6424708.276643264,164624.10669321768,164624.10669321768,164624.10669321768,-6589332.383336482,-6589332.383336482,-6589332.383336482,0.0,0.0,0.0,15024824.0852614
2021-08-23,21580586.22120421,-4624234.668330237,28960499.681136634,21580586.22120421,21580586.22120421,-10383908.73333713,-10383908.73333713,-10383908.73333713,-2471823.099791026,-2471823.099791026,-2471823.099791026,-7912085.633546105,-7912085.633546105,-7912085.633546105,0.0,0.0,0.0,11196677.48786708
2021-08-24,21624270.840970725,-5432810.102786759,27332079.89595577,21624270.840970725,21624270.840970725,-10988565.435940176,-10988565.435940176,-10988565.435940176,-2758137.7114869906,-2758137.7114869906,-2758137.7114869906,-8230427.724453185,-8230427.724453185,-8230427.724453185,0.0,0.0,0.0,10635705.405030549
2021-08-25,21667955.46073724,-4112943.7622315297,28883952.99776937,21667955.46073724,21667955.46073724,-9547338.16295881,-9547338.16295881,-9547338.16295881,-1074276.55118166,-1074276.55118166,-1074276.55118166,-8473061.611777151,-8473061.611777151,-8473061.611777151,0.0,0.0,0.0,12120617.29777843
2021-08-26,21711640.080503758,-3255115.825821479,29997674.363210388,21711640.080503758,21711640.080503758,-7731366.897879384,-7731366.897879384,-7731366.897879384,901994.0573761079,901994.0573761079,901994.0573761079,-8633360.955255492,-8633360.955255492,-8633360.955255492,0.0,0.0,0.0,13980273.182624374
2021-08-27,21755324.70027027,-3683542.953901193,28060866.75300521,21755324.70027027,21755324.70027027,-8541724.960504303,-8541724.960504303,-8541724.960504303,164624.10669112467,164624.10669112467,164624.10669112467,-8706349.067195429,-8706349.067195429,-8706349.067195429,0.0,0.0,0.0,13213599.739765966
2021-08-30,21886378.559569813,-5342230.139684348,26250022.31377747,21886378.559569813,21886378.559569813,-10851459.579659365,-10851459.579659365,-10851459.579659365,-2471823.0997946328,-2471823.0997946328,-2471823.0997946328,-8379636.4798647305,-8379636.4798647305,-8379636.4798647305,0.0,0.0,0.0,11034918.979910448
2021-08-31,21930063.17933633,-4420056.628878145,27242704.976188693,21930063.17933633,21930063.17933633,-10849685.498228762,-10849685.498228762,-10849685.498228762,-2758137.711486495,-2758137.711486495,-2758137.711486495,-8091547.786742267,-8091547.786742267,-8091547.786742267,0.0,0.0,0.0,11080377.68110757
2021-09-01,21973747.799102847,-3457152.2655931315,29667595.530047726,21973747.799102847,21973747.799102847,-8794588.970594237,-8794588.970594237,-8794588.970594237,-1074276.5511794956,-1074276.5511794956,-1074276.5511794956,-7720312.419414742,-7720312.419414742,-7720312.419414742,0.0,0.0,0.0,13179158.82850861
2021-09-02,22017432.41886936,-1292714.0857436457,31654121.1446003,22017432.41886936,22017432.41886936,-6370777.831047246,-6370777.831047246,-6370777.831047246,901994.0573778518,901994.0573778518,901994.0573778518,-7272771.888425098,-7272771.888425098,-7272771.888425098,0.0,0.0,0.0,15646654.587822115
2021-09-03,22061117.038635872,-1036192.9309183902,32624695.335186314,22061117.038635872,22061117.038635872,-6592976.913043599,-6592976.913043599,-6592976.913043599,164624.10669290484,164624.10669290484,164624.10669290484,-6757601.019736504,-6757601.019736504,-6757601.019736504,0.0,0.0,0.0,15468140.125592273
2021-09-07,22235855.517701935,-822993.593496252,31242479.689043295,22235855.517701935,22235855.517701935,-7005520.841609435,-7005520.841609435,-7005520.841609435,-2758137.7114859987,-2758137.7114859987,-2758137.7114859987,-4247383.130123436,-4247383.130123436,-4247383.130123436,0.0,0.0,0.0,15230334.6760925
2021-09-08,22279540.137468453,2849533.707628337,33965406.845465116,22279540.137468453,22279540.137468453,-4648147.823089505,-4648147.823089505,-4648147.823089505,-1074276.5511783152,-1074276.5511783152,-1074276.5511783152,-3573871.2719111894,-3573871.2719111894,-3573871.2719111894,0.0,0.0,0.0,17631392.314378947
2021-09-09,22323224.757234965,3916819.8348461036,36484590.89808307,22323224.757234965,22323224.757234965,-2008739.057026098,-2008739.057026098,-2008739.057026098,901994.0573742046,901994.0573742046,901994.0573742046,-2910733.1144003025,-2910733.1144003025,-2910733.1144003025,0.0,0.0,0.0,20314485.700208865
2021-09-10,22366909.377001476,5090082.620611296,36463197.69680383,22366909.377001476,22366909.377001476,-2107868.3455586773,-2107868.3455586773,-2107868.3455586773,164624.10669468573,164624.10669468573,164624.10669468573,-2272492.4522533626,-2272492.4522533626,-2272492.4522533626,0.0,0.0,0.0,20259041.0314428
2021-09-13,22497963.236301027,2832474.16776292,36057513.90483175,22497963.236301027,22497963.236301027,-3114856.6921004336,-3114856.6921004336,-3114856.6921004336,-2471823.099782654,-2471823.099782654,-2471823.099782654,-643033.5923177794,-643033.5923177794,-643033.5923177794,0.0,0.0,0.0,19383106.54420059
2021-09-14,22541647.856067542,3909384.920894941,34474750.10884236,22541647.856067542,22541647.856067542,-2992891.184134661,-2992891.184134661,-2992891.184134661,-2758137.711490315,-2758137.711490315,-2758137.711490315,-234753.47264434604,-234753.47264434604,-234753.47264434604,0.0,0.0,0.0,19548756.67193288
2021-09-15,22585332.475834057,5392174.383725448,38412229.35092475,22585332.475834057,22585332.475834057,-984233.012812946,-984233.012812946,-984233.012812946,-1074276.5511761506,-1074276.5511761506,-1074276.5511761506,90043.53836320453,90043.53836320453,90043.53836320453,0.0,0.0,0.0,21601099.46302111
2021-09-16,22629017.095600568,8122297.218260447,40817263.02160269,22629017.095600568,22629017.095600568,1226595.8207187448,1226595.8207187448,1226595.8207187448,901994.0573759485,901994.0573759485,901994.0573759485,324601.76334279624,324601.76334279624,324601.76334279624,0.0,0.0,0.0,23855612.91631931
2021-09-17,22672701.715367083,6956171.167221296,39955895.22196628,22672701.715367083,22672701.715367083,629003.3139009106,629003.3139009106,629003.3139009106,164624.10669151624,164624.10669151624,164624.10669151624,464379.20720939426,464379.20720939426,464379.20720939426,0.0,0.0,0.0,23301705.029267993
2021-09-20,22803755.57466663,5578357.895230844,37267124.81174387,22803755.57466663,22803755.57466663,-2166306.3307002163,-2166306.3307002163,-2166306.3307002163,-2471823.0997889074,-2471823.0997889074,-2471823.0997889074,305516.7690886909,305516.7690886909,305516.7690886909,0.0,0.0,0.0,20637449.243966416
2021-09-21,22847440.19443315,4366740.854340894,35796817.68297035,22847440.19443315,22847440.19443315,-2689137.723151894,-2689137.723151894,-2689137.723151894,-2758137.7114879726,-2758137.7114879726,-2758137.7114879726,68999.98833607939,68999.98833607939,68999.98833607939,0.0,0.0,0.0,20158302.471281257
2021-09-22,22891124.81419966,4095484.106804674,37952876.74120682,22891124.81419966,22891124.81419966,-1322914.0466558556,-1322914.0466558556,-1322914.0466558556,-1074276.551184673,-1074276.551184673,-1074276.551184673,-248637.4954711826,-248637.4954711826,-248637.4954711826,0.0,0.0,0.0,21568210.767543804
2021-09-23,22934809.43396617,6531786.818024624,39259259.23328383,22934809.43396617,22934809.43396617,264417.33754050796,264417.33754050796,264417.33754050796,901994.057374997,901994.057374997,901994.057374997,-637576.719834489,-637576.719834489,-637576.719834489,0.0,0.0,0.0,23199226.77150668
2021-09-24,22978494.05373269,5984967.060318619,37523054.38264938,22978494.05373269,22978494.05373269,-921348.7717452431,-921348.7717452431,-921348.7717452431,164624.10668942338,164624.10668942338,164624.10668942338,-1085972.8784346667,-1085972.8784346667,-1085972.8784346667,0.0,0.0,0.0,22057145.281987447
2021-09-27,23109547.91303223,855318.5428749056,34200067.873774685,23109547.91303223,23109547.91303223,-5116523.09586478,-5116523.09586478,-5116523.09586478,-2471823.099789867,-2471823.099789867,-2471823.099789867,-2644699.996074912,-2644699.996074912,-2644699.996074912,0.0,0.0,0.0,17993024.81716745
2021-09-28,23153232.561455533,1766151.720385538,33441806.63362201,23153232.561455533,23153232.561455533,-5939877.255701575,-5939877.255701575,-5939877.255701575,-2758137.7114874762,-2758137.7114874762,-2758137.7114874762,-3181739.544214099,-3181739.544214099,-3181739.544214099,0.0,0.0,0.0,17213355.305753957
2021-09-29,23196917.209878843,1575836.7258975455,34243741.898642965,23196917.209878843,23196917.209878843,-4773225.443697282,-4773225.443697282,-4773225.443697282,-1074276.5511825085,-1074276.5511825085,-1074276.5511825085,-3698948.892514773,-3698948.892514773,-3698948.892514773,0.0,0.0,0.0,18423691.766181562
2021-09-30,23240601.858302154,3143330.9516149512,37107238.02517477,23240601.858302154,23240601.858302154,-3277005.966221879,-3277005.966221879,-3277005.966221879,901994.057376741,901994.057376741,901994.057376741,-4179000.0235986197,-4179000.0235986197,-4179000.0235986197,0.0,0.0,0.0,19963595.892080273
2021-10-01,23284286.50672546,1664626.8335048233,36569817.07001391,23284286.50672546,23284286.50672546,-4440385.862799543,-4440385.862799543,-4440385.862799543,164624.10669507761,164624.10669507761,164624.10669507761,-4605009.969494621,-4605009.969494621,-4605009.969494621,0.0,0.0,0.0,18843900.643925916
2021-10-04,23415340.451995384,-256616.8416556027,31069264.801352717,23415340.451995384,23415340.451995384,-7876844.119366746,-7876844.119366746,-7876844.119366746,-2471823.0997934737,-2471823.0997934737,-2471823.0997934737,-5405021.019573272,-5405021.019573272,-5405021.019573272,0.0,0.0,0.0,15538496.332628638
2021-10-05,23459025.100418694,-1756437.7387588862,31027859.341120828,23459025.100418694,23459025.100418694,-8226852.168560154,-8226852.168560154,-8226852.168560154,-2758137.7114869803,-2758137.7114869803,-2758137.7114869803,-5468714.4570731735,-5468714.4570731735,-5468714.4570731735,0.0,0.0,0.0,15232172.93185854
2021-10-06,23502709.748842005,1577453.2053823397,34155296.84948026,23502709.748842005,23502709.748842005,-6488337.456005465,-6488337.456005465,-6488337.456005465,-1074276.551181328,-1074276.551181328,-1074276.551181328,-5414060.904824137,-5414060.904824137,-5414060.904824137,0.0,0.0,0.0,17014372.29283654
2021-10-07,23546394.397265315,3130654.2896003854,35925329.51869108,23546394.397265315,23546394.397265315,-4332498.659987713,-4332498.659987713,-4332498.659987713,901994.0573757894,901994.0573757894,901994.0573757894,-5234492.717363503,-5234492.717363503,-5234492.717363503,0.0,0.0,0.0,19213895.7372776
2021-10-08,23590079.04568862,2038743.3287482667,34483533.409980096,23590079.04568862,23590079.04568862,-4761468.81146286,-4761468.81146286,-4761468.81146286,164624.10668803458,164624.10668803458,164624.10668803458,-4926092.918150894,-4926092.918150894,-4926092.918150894,0.0,0.0,0.0,18828610.23422576
2021-10-11,23721132.990958545,1995827.277437621,34479417.1971943,23721132.990958545,23721132.990958545,-5702548.326245527,-5702548.326245527,-5702548.326245527,-2471823.0997805367,-2471823.0997805367,-2471823.0997805367,-3230725.22646499,-3230725.22646499,-3230725.22646499,0.0,0.0,0.0,18018584.664713018
2021-10-12,23764817.639381856,2615344.3558317497,34865054.4027357,23764817.639381856,23764817.639381856,-5182110.12061859,-5182110.12061859,-5182110.12061859,-2758137.7114855614,-2758137.7114855614,-2758137.7114855614,-2423972.409133029,-2423972.409133029,-2423972.409133029,0.0,0.0,0.0,18582707.518763267
2021-10-13,23808502.287805166,5301979.641489593,37091579.66695098,23808502.287805166,23808502.287805166,-2585083.123114127,-2585083.123114127,-2585083.123114127,-1074276.55117818,-1074276.55117818,-1074276.55117818,-1510806.5719359475,-1510806.5719359475,-1510806.5719359475,0.0,0.0,0.0,21223419.16469104
2021-10-14,23852186.936228476,8584783.170564795,40043798.78466009,23852186.936228476,23852186.936228476,398317.47026999696,398317.47026999696,398317.47026999696,901994.0573766992,901994.0573766992,901994.0573766992,-503676.5871067022,-503676.5871067022,-503676.5871067022,0.0,0.0,0.0,24250504.406498473
2021-10-15,23895871.584651783,8345208.671343178,42853158.29642608,23895871.584651783,23895871.584651783,747366.5671907744,747366.5671907744,747366.5671907744,164624.1066936888,164624.1066936888,164624.1066936888,582742.4604970856,582742.4604970856,582742.4604970856,0.0,0.0,0.0,24643238.151842557
2021-10-18,24026925.529921707,9779105.181779489,41108043.78914192,24026925.529921707,24026925.529921707,1672194.5952786738,1672194.5952786738,1672194.5952786738,-2471823.099784143,-2471823.099784143,-2471823.099784143,4144017.6950628166,4144017.6950628166,4144017.6950628166,0.0,0.0,0.0,25699120.12520038
2021-10-19,24070610.178345017,8825253.531838479,43241820.164356634,24070610.178345017,24070610.178345017,2609257.1196354064,2609257.1196354064,2609257.1196354064,-2758137.7114917245,-2758137.7114917245,-2758137.7114917245,5367394.831127131,5367394.831127131,5367394.831127131,0.0,0.0,0.0,26679867.297980424
2021-10-20,24114294.826768324,12489154.198711645,45110056.470424354,24114294.826768324,24114294.826768324,5500589.2760165185,5500589.2760165185,5500589.2760165185,-1074276.5511769995,-1074276.5511769995,-1074276.5511769995,6574865.827193518,6574865.827193518,6574865.827193518,0.0,0.0,0.0,29614884.102784842
2021-10-21,24157979.475191634,16646421.393257238,48651908.496829815,24157979.475191634,24157979.475191634,8647760.771550888,8647760.771550888,8647760.771550888,901994.0573757476,901994.0573757476,901994.0573757476,7745766.714175141,7745766.714175141,7745766.714175141,0.0,0.0,0.0,32805740.246742524
2021-10-22,24201664.123614945,16457020.307396553,49094434.854463555,24201664.123614945,24201664.123614945,9024495.454674887,9024495.454674887,9024495.454674887,164624.10669159578,164624.10669159578,164624.10669159578,8859871.34798329,8859871.34798329,8859871.34798329,0.0,0.0,0.0,33226159.57828983
2021-10-25,24332718.06888487,16861121.446457777,49922143.81768744,24332718.06888487,24332718.06888487,9202445.83901131,9202445.83901131,9202445.83901131,-2471823.0997877494,-2471823.0997877494,-2471823.0997877494,11674268.938799059,11674268.938799059,11674268.938799059,0.0,0.0,0.0,33535163.907896176
2021-10-26,24376402.717308175,18049459.038990848,50382362.09302585,24376402.717308175,24376402.717308175,9623577.020341171,9623577.020341171,9623577.020341171,-2758137.711489382,-2758137.711489382,-2758137.711489382,12381714.731830552,12381714.731830552,12381714.731830552,0.0,0.0,0.0,33999979.737649344
2021-10-27,24420087.365731485,19762003.89364848,53150368.71711038,24420087.365731485,24420087.365731485,11877165.524452018,11877165.524452018,11877165.524452018,-1074276.551175819,-1074276.551175819,-1074276.551175819,12951442.075627835,12951442.075627835,12951442.075627835,0.0,0.0,0.0,36297252.8901835
2021-10-28,24463772.014154796,23243974.53383541,54551191.24055299,24463772.014154796,24463772.014154796,14275576.724490214,14275576.724490214,14275576.724490214,901994.0573747959,901994.0573747959,901994.0573747959,13373582.667115418,13373582.667115418,13373582.667115418,0.0,0.0,0.0,38739348.73864501
2021-10-29,24507456.662578106,21575421.122958746,54588575.646718316,24507456.662578106,24507456.662578106,13805546.615746746,13805546.615746746,13805546.615746746,164624.10669337638,164624.10669337638,164624.10669337638,13640922.50905337,13640922.50905337,13640922.50905337,0.0,0.0,0.0,38313003.27832485
2021-11-01,24638510.60784803,19557972.00568243,52241114.67252297,24638510.60784803,24638510.60784803,11012245.536001418,11012245.536001418,11012245.536001418,-2471823.099791356,-2471823.099791356,-2471823.099791356,13484068.635792775,13484068.635792775,13484068.635792775,0.0,0.0,0.0,35650756.14384945
2021-11-02,24682195.256271336,19264599.84761516,51541958.06230009,24682195.256271336,24682195.256271336,10358218.113388063,10358218.113388063,10358218.113388063,-2758137.711488886,-2758137.711488886,-2758137.711488886,13116355.82487695,13116355.82487695,13116355.82487695,0.0,0.0,0.0,35040413.3696594
2021-11-03,24725879.904694647,19097068.92947867,53359855.497888796,24725879.904694647,24725879.904694647,11525681.39810899,11525681.39810899,11525681.39810899,-1074276.5511736549,-1074276.5511736549,-1074276.5511736549,12599957.949282644,12599957.949282644,12599957.949282644,0.0,0.0,0.0,36251561.302803636
2021-11-04,24769564.553117957,20687404.518905066,53668843.884700105,24769564.553117957,24769564.553117957,12846178.941125512,12846178.941125512,12846178.941125512,901994.0573757058,901994.0573757058,901994.0573757058,11944184.883749807,11944184.883749807,11944184.883749807,0.0,0.0,0.0,37615743.49424347
2021-11-05,24813249.20154126,20439547.597597614,51264424.00188389,24813249.20154126,24813249.20154126,11325290.766819641,11325290.766819641,11325290.766819641,164624.1066951568,164624.1066951568,164624.1066951568,11160666.660124484,11160666.660124484,11160666.660124484,0.0,0.0,0.0,36138539.9683609
2021-11-08,24944303.14681119,13776538.218264766,47024094.28784071,24944303.14681119,24944303.14681119,5717255.27382789,5717255.27382789,5717255.27382789,-2471823.0997923156,-2471823.0997923156,-2471823.0997923156,8189078.373620206,8189078.373620206,8189078.373620206,0.0,0.0,0.0,30661558.420639083
2021-11-09,24987987.795234498,13853724.358496906,45415663.54627422,24987987.795234498,24987987.795234498,4289386.600826153,4289386.600826153,4289386.600826153,-2758137.7114874665,-2758137.7114874665,-2758137.7114874665,7047524.312313619,7047524.312313619,7047524.312313619,0.0,0.0,0.0,29277374.39606065
2021-11-10,25031672.443657808,12792552.347545994,46414876.303726576,25031672.443657808,25031672.443657808,4786712.392746782,4786712.392746782,4786712.392746782,-1074276.5511831602,-1074276.5511831602,-1074276.5511831602,5860988.943929943,5860988.943929943,5860988.943929943,0.0,0.0,0.0,29818384.83640459
2021-11-11,25075357.092081115,14955623.305311592,47969491.41894157,25075357.092081115,25075357.092081115,5550538.277479343,5550538.277479343,5550538.277479343,901994.0573774497,901994.0573774497,901994.0573774497,4648544.220101893,4648544.220101893,4648544.220101893,0.0,0.0,0.0,30625895.369560458
2021-11-12,25119041.74050442,12367470.466271024,45155778.984504595,25119041.74050442,25119041.74050442,3593868.4986705454,3593868.4986705454,3593868.4986705454,164624.1066969374,164624.1066969374,164624.1066969374,3429244.3919736077,3429244.3919736077,3429244.3919736077,0.0,0.0,0.0,28712910.239174966
2021-11-15,25250095.685774352,6796369.355167963,38865508.44221136,25250095.685774352,25250095.685774352,-2558830.4997213013,-2558830.4997213013,-2558830.4997213013,-2471823.0997793777,-2471823.0997793777,-2471823.0997793777,-87007.3999419238,-87007.3999419238,-87007.3999419238,0.0,0.0,0.0,22691265.186053053
2021-11-16,25293780.33419766,5129773.291601165,36356813.658465475,25293780.33419766,25293780.33419766,-3913987.7770397784,-3913987.7770397784,-3913987.7770397784,-2758137.711486047,-2758137.711486047,-2758137.711486047,-1155850.0655537308,-1155850.0655537308,-1155850.0655537308,0.0,0.0,0.0,21379792.55715788
2021-11-17,25337464.982620962,6132506.532302284,40045362.80346218,25337464.982620962,25337464.982620962,-3222811.0983822797,-3222811.0983822797,-3222811.0983822797,-1074276.5511800123,-1074276.5511800123,-1074276.5511800123,-2148534.547202267,-2148534.547202267,-2148534.547202267,0.0,0.0,0.0,22114653.884238683
2021-11-18,25381149.631044276,7504469.744798449,40336753.320526406,25381149.631044276,25381149.631044276,-2150945.997176989,-2150945.997176989,-2150945.997176989,901994.0573738025,901994.0573738025,901994.0573738025,-3052940.0545507916,-3052940.0545507916,-3052940.0545507916,0.0,0.0,0.0,23230203.633867286
2021-11-19,25424834.279467583,5066681.184875944,37757655.02332718,25424834.279467583,25424834.279467583,-3694325.1004330795,-3694325.1004330795,-3694325.1004330795,164624.10669484438,164624.10669484438,164624.10669484438,-3858949.207127924,-3858949.207127924,-3858949.207127924,0.0,0.0,0.0,21730509.1790345
2021-11-22,25555888.224737518,1410982.8635054915,33509364.193052568,25555888.224737518,25555888.224737518,-8089769.733660825,-8089769.733660825,-8089769.733660825,-2471823.0997803374,-2471823.0997803374,-2471823.0997803374,-5617946.633880488,-5617946.633880488,-5617946.633880488,0.0,0.0,0.0,17466118.491076693
2021-11-23,25599572.874119528,968833.3457972629,33272203.86327356,25599572.874119528,25599572.874119528,-8731087.507471193,-8731087.507471193,-8731087.507471193,-2758137.7114846283,-2758137.7114846283,-2758137.7114846283,-5972949.795986564,-5972949.795986564,-5972949.795986564,0.0,0.0,0.0,16868485.366648335
2021-11-24,25643257.523501534,1395818.8904499502,35047719.32368909,25643257.523501534,25643257.523501534,-7286335.808085901,-7286335.808085901,-7286335.808085901,-1074276.5511788316,-1074276.5511788316,-1074276.5511788316,-6212059.256907069,-6212059.256907069,-6212059.256907069,0.0,0.0,0.0,18356921.715415634
2021-11-26,25730626.82226555,2477015.069437764,36387983.623337545,25730626.82226555,25730626.82226555,-6192309.696651155,-6192309.696651155,-6192309.696651155,164624.10669167503,164624.10669167503,164624.10669167503,-6356933.80334283,-6356933.80334283,-6356933.80334283,0.0,0.0,0.0,19538317.125614397
2021-11-29,25861680.770411577,1516935.0823441884,34455771.309518516,25861680.770411577,25861680.770411577,-8314958.192725222,-8314958.192725222,-8314958.192725222,-2471823.099786591,-2471823.099786591,-2471823.099786591,-5843135.092938631,-5843135.092938631,-5843135.092938631,0.0,0.0,0.0,17546722.577686355
2021-11-30,25905365.419793583,2100206.329433621,33883895.18793788,25905365.419793583,25905365.419793583,-8273043.553041759,-8273043.553041759,-8273043.553041759,-2758137.7114841323,-2758137.7114841323,-2758137.7114841323,-5514905.841557627,-5514905.841557627,-5514905.841557627,0.0,0.0,0.0,17632321.866751824
2021-12-01,25949050.069175594,3461408.582932657,36467741.36041174,25949050.069175594,25949050.069175594,-6201705.461722942,-6201705.461722942,-6201705.461722942,-1074276.55118637,-1074276.55118637,-1074276.55118637,-5127428.910536572,-5127428.910536572,-5127428.910536572,0.0,0.0,0.0,19747344.607452653
2021-12-02,25992734.7185576,4391784.79395,38311219.60000543,25992734.7185576,25992734.7185576,-3791395.720038963,-3791395.720038963,-3791395.720038963,901994.0573772906,901994.0573772906,901994.0573772906,-4693389.777416253,-4693389.777416253,-4693389.777416253,0.0,0.0,0.0,22201338.99851864
2021-12-03,26036419.367939614,5415511.389048624,38156970.63169955,26036419.367939614,26036419.367939614,-4061246.7875273973,-4061246.7875273973,-4061246.7875273973,164624.10668958203,164624.10668958203,164624.10668958203,-4225870.89421698,-4225870.89421698,-4225870.89421698,0.0,0.0,0.0,21975172.580412216
2021-12-06,26167473.316085633,5590136.555869567,36359698.562796645,26167473.316085633,26167473.316085633,-5225616.625861195,-5225616.625861195,-5225616.625861195,-2471823.099787551,-2471823.099787551,-2471823.099787551,-2753793.526073645,-2753793.526073645,-2753793.526073645,0.0,0.0,0.0,20941856.69022444
2021-12-07,26211157.965467643,3829258.791749442,36705814.20527207,26211157.965467643,26211157.965467643,-5040311.794894539,-5040311.794894539,-5040311.794894539,-2758137.7114893715,-2758137.7114893715,-2758137.7114893715,-2282174.083405167,-2282174.083405167,-2282174.083405167,0.0,0.0,0.0,21170846.170573104
2021-12-08,26254842.614849653,6357276.350259865,40269230.742231585,26254842.614849653,26254842.614849653,-2913932.4343090113,-2913932.4343090113,-2913932.4343090113,-1074276.5511851893,-1074276.5511851893,-1074276.5511851893,-1839655.883123822,-1839655.883123822,-1839655.883123822,0.0,0.0,0.0,23340910.180540644
2021-12-09,26298527.264231663,10072515.264269734,41782014.514983565,26298527.264231663,26298527.264231663,-534629.4619879575,-534629.4619879575,-534629.4619879575,901994.0573736433,901994.0573736433,901994.0573736433,-1436623.5193616007,-1436623.5193616007,-1436623.5193616007,0.0,0.0,0.0,25763897.802243706
2021-12-10,26342211.913613673,8912987.306593686,41154390.40771924,26342211.913613673,26342211.913613673,-917697.9437319866,-917697.9437319866,-917697.9437319866,164624.10669523614,164624.10669523614,164624.10669523614,-1082322.0504272226,-1082322.0504272226,-1082322.0504272226,0.0,0.0,0.0,25424513.969881687
2021-12-13,26473265.861759692,6664128.449349723,39717242.22851373,26473265.861759692,26473265.861759692,-2856334.7521027518,-2856334.7521027518,-2856334.7521027518,-2471823.0997885107,-2471823.0997885107,-2471823.0997885107,-384511.6523142411,-384511.6523142411,-384511.6523142411,0.0,0.0,0.0,23616931.10965694
2021-12-14,26516950.511141706,5960688.192681074,39789006.498780765,26516950.511141706,26516950.511141706,-3048770.8963296777,-3048770.8963296777,-3048770.8963296777,-2758137.711488875,-2758137.711488875,-2758137.711488875,-290633.1848408025,-290633.1848408025,-290633.1848408025,0.0,0.0,0.0,23468179.614812028
2021-12-15,26560635.160523713,7797507.627584665,40635134.76655092,26560635.160523713,26560635.160523713,-1345116.3121485047,-1345116.3121485047,-1345116.3121485047,-1074276.5511830251,-1074276.5511830251,-1074276.5511830251,-270839.76096547965,-270839.76096547965,-270839.76096547965,0.0,0.0,0.0,25215518.84837521
2021-12-16,26604319.809905723,11359256.658347765,43785443.305636674,26604319.809905723,26604319.809905723,576340.532087626,576340.532087626,576340.532087626,901994.0573753873,901994.0573753873,901994.0573753873,-325653.52528776135,-325653.52528776135,-325653.52528776135,0.0,0.0,0.0,27180660.34199335
2021-12-17,26648004.459287733,10166762.251001757,43237970.82772344,26648004.459287733,26648004.459287733,-289454.59851186204,-289454.59851186204,-289454.59851186204,164624.10669314314,164624.10669314314,164624.10669314314,-454078.7052050052,-454078.7052050052,-454078.7052050052,0.0,0.0,0.0,26358549.86077587
2021-12-20,26779058.407433756,7688701.125983489,39320353.17779369,26779058.407433756,26779058.407433756,-3721271.841739809,-3721271.841739809,-3721271.841739809,-2471823.0997947636,-2471823.0997947636,-2471823.0997947636,-1249448.7419450453,-1249448.7419450453,-1249448.7419450453,0.0,0.0,0.0,23057786.565693945
2021-12-21,26822743.056815766,5036456.709653832,37918278.467810415,26822743.056815766,26822743.056815766,-4392249.561515571,-4392249.561515571,-4392249.561515571,-2758137.711486533,-2758137.711486533,-2758137.711486533,-1634111.8500290373,-1634111.8500290373,-1634111.8500290373,0.0,0.0,0.0,22430493.495300196
2021-12-22,26866427.706197772,7889805.263053197,39312024.778859526,26866427.706197772,26866427.706197772,-3141292.1614434174,-3141292.1614434174,-3141292.1614434174,-1074276.551180861,-1074276.551180861,-1074276.551180861,-2067015.6102625562,-2067015.6102625562,-2067015.6102625562,0.0,0.0,0.0,23725135.544754356
2021-12-23,26910112.355579782,8988686.86382033,41957843.10121621,26910112.355579782,26910112.355579782,-1637739.1283464655,-1637739.1283464655,-1637739.1283464655,901994.0573762971,901994.0573762971,901994.0573762971,-2539733.1857227627,-2539733.1857227627,-2539733.1857227627,0.0,0.0,0.0,25272373.227233317
2021-12-27,27084850.953107815,4289426.473081962,37428389.83016153,27084850.953107815,27084850.953107815,-7106874.346066168,-7106874.346066168,-7106874.346066168,-2471823.099795723,-2471823.099795723,-2471823.099795723,-4635051.246270445,-4635051.246270445,-4635051.246270445,0.0,0.0,0.0,19977976.60704165
2021-12-28,27128535.602489825,3698887.4004649166,35562863.424021624,27128535.602489825,27128535.602489825,-7915612.581659728,-7915612.581659728,-7915612.581659728,-2758137.7114917734,-2758137.7114917734,-2758137.7114917734,-5157474.870167956,-5157474.870167956,-5157474.870167956,0.0,0.0,0.0,19212923.0208301
2021-12-29,27172220.251871835,4408490.065629823,37163988.002938055,27172220.251871835,27172220.251871835,-6731875.030487725,-6731875.030487725,-6731875.030487725,-1074276.5511786968,-1074276.5511786968,-1074276.5511786968,-5657598.479309028,-5657598.479309028,-5657598.479309028,0.0,0.0,0.0,20440345.22138411
2021-12-30,27215904.901253846,5698026.066136898,38135522.40429587,27215904.901253846,27215904.901253846,-5222651.835837637,-5222651.835837637,-5222651.835837637,901994.0573780411,901994.0573780411,901994.0573780411,-6124645.893215678,-6124645.893215678,-6124645.893215678,0.0,0.0,0.0,21993253.06541621
2021-12-31,27259589.550635852,5760920.442157393,36722429.58339289,27259589.550635852,27259589.550635852,-6383527.954408668,-6383527.954408668,-6383527.954408668,164624.1066967043,164624.1066967043,164624.1066967043,-6548152.061105371,-6548152.061105371,-6548152.061105371,0.0,0.0,0.0,20876061.596227184
2022-01-03,27390643.498781875,1312916.8647086008,33996129.592802554,27390643.498781875,27390643.498781875,-9932492.051605036,-9932492.051605036,-9932492.051605036,-2471823.0997827854,-2471823.0997827854,-2471823.0997827854,-7460668.951822251,-7460668.951822251,-7460668.951822251,0.0,0.0,0.0,17458151.447176836
2022-01-04,27434328.14816389,1511297.3240635085,32599507.818528514,27434328.14816389,27434328.14816389,-10375040.14200165,-10375040.14200165,-10375040.14200165,-2758137.7114903536,-2758137.7114903536,-2758137.7114903536,-7616902.430511296,-7616902.430511296,-7616902.430511296,0.0,0.0,0.0,17059288.00616224
2022-01-05,27478012.797545895,3563595.8939620536,35976015.05789704,27478012.797545895,27478012.797545895,-8761431.376974927,-8761431.376974927,-8761431.376974927,-1074276.551177516,-1074276.551177516,-1074276.551177516,-7687154.82579741,-7687154.82579741,-7687154.82579741,0.0,0.0,0.0,18716581.42057097
2022-01-06,27521697.446927905,4563453.411949783,37379120.2456795,27521697.446927905,27521697.446927905,-6763851.340212198,-6763851.340212198,-6763851.340212198,901994.0573770895,901994.0573770895,901994.0573770895,-7665845.397589288,-7665845.397589288,-7665845.397589288,0.0,0.0,0.0,20757846.10671571
2022-01-07,27565382.09630991,3813577.1889191517,36487351.54589724,27565382.09630991,27565382.09630991,-7383998.826943442,-7383998.826943442,-7383998.826943442,164624.10669461082,164624.10669461082,164624.10669461082,-7548622.933638053,-7548622.933638053,-7548622.933638053,0.0,0.0,0.0,20181383.26936647
2022-01-10,27696436.044455938,829535.9875354556,34882358.20111035,27696436.044455938,27696436.044455938,-9069913.910820143,-9069913.910820143,-9069913.910820143,-2471823.099783745,-2471823.099783745,-2471823.099783745,-6598090.811036397,-6598090.811036397,-6598090.811036397,0.0,0.0,0.0,18626522.133635797
2022-01-11,27740120.69383795,2061532.334113288,34675670.28291612,27740120.69383795,27740120.69383795,-8839084.475553947,-8839084.475553947,-8839084.475553947,-2758137.7114898576,-2758137.7114898576,-2758137.7114898576,-6080946.76406409,-6080946.76406409,-6080946.76406409,0.0,0.0,0.0,18901036.218284003
2022-01-12,27783805.343219955,4645902.733181896,37548878.260146804,27783805.343219955,27783805.343219955,-6541269.097586436,-6541269.097586436,-6541269.097586436,-1074276.551174368,-1074276.551174368,-1074276.551174368,-5466992.546412068,-5466992.546412068,-5466992.546412068,0.0,0.0,0.0,21242536.24563352
2022-01-13,27827489.99260196,6508793.338569113,40110080.547784664,27827489.99260196,27827489.99260196,-3858463.346283037,-3858463.346283037,-3858463.346283037,901994.0573761378,901994.0573761378,901994.0573761378,-4760457.403659175,-4760457.403659175,-4760457.403659175,0.0,0.0,0.0,23969026.646318924
2022-01-14,27871174.641983967,7014593.359335761,40740957.51287524,27871174.641983967,27871174.641983967,-3802403.388100964,-3802403.388100964,-3802403.388100964,164624.10669531548,164624.10669531548,164624.10669531548,-3967027.4947962794,-3967027.4947962794,-3967027.4947962794,0.0,0.0,0.0,24068771.253883004
2022-01-18,28045913.239512008,8318144.10236662,41315220.242919795,28045913.239512008,28045913.239512008,-2843911.3909118017,-2843911.3909118017,-2843911.3909118017,-2758137.7114893617,-2758137.7114893617,-2758137.7114893617,-85773.6794224401,-85773.6794224401,-85773.6794224401,0.0,0.0,0.0,25202001.848600205
2022-01-19,28089597.88889401,12398978.089874072,44198846.44629871,28089597.88889401,28089597.88889401,-63839.419471284455,-63839.419471284455,-63839.419471284455,-1074276.5511838743,-1074276.5511838743,-1074276.5511838743,1010437.1317125896,1010437.1317125896,1010437.1317125896,0.0,0.0,0.0,28025758.469422724
2022-01-20,28133282.53827602,14264671.848329656,48368234.83124569,28133282.53827602,28133282.53827602,3035050.70029791,3035050.70029791,3035050.70029791,901994.0573751862,901994.0573751862,901994.0573751862,2133056.6429227237,2133056.6429227237,2133056.6429227237,0.0,0.0,0.0,31168333.23857393
2022-01-21,28176967.187717855,16007097.381684935,48153220.88667371,28176967.187717855,28176967.187717855,3433389.956781379,3433389.956781379,3433389.956781379,164624.10669322207,164624.10669322207,164624.10669322207,3268765.8500881568,3268765.8500881568,3268765.8500881568,0.0,0.0,0.0,31610357.144499235
2022-01-24,28308021.136043355,16055256.361119332,48984419.37656748,28308021.136043355,28308021.136043355,4143515.6941368026,4143515.6941368026,4143515.6941368026,-2471823.0997770606,-2471823.0997770606,-2471823.0997770606,6615338.793913863,6615338.793913863,6615338.793913863,0.0,0.0,0.0,32451536.830180157
2022-01-25,28351705.785485186,16693184.701100096,49844120.70523006,28351705.785485186,28351705.785485186,4905693.361144555,4905693.361144555,4905693.361144555,-2758137.7114870194,-2758137.7114870194,-2758137.7114870194,7663831.072631574,7663831.072631574,7663831.072631574,0.0,0.0,0.0,33257399.14662974
2022-01-26,28395390.43492702,19980414.92663126,52315479.85943585,28395390.43492702,28395390.43492702,7581647.382972661,7581647.382972661,7581647.382972661,-1074276.5511817094,-1074276.5511817094,-1074276.5511817094,8655923.93415437,8655923.93415437,8655923.93415437,0.0,0.0,0.0,35977037.81789968
2022-01-27,28439075.084368855,21544340.536791384,55289503.279202186,28439075.084368855,28439075.084368855,10480684.906124255,10480684.906124255,10480684.906124255,901994.0573769301,901994.0573769301,901994.0573769301,9578690.848747322,9578690.848747322,9578690.848747322,0.0,0.0,0.0,38919759.99049311
2022-01-28,28482759.733810686,23183225.970753547,55580561.357445166,28482759.733810686,28482759.733810686,10584682.00422761,10584682.00422761,10584682.00422761,164624.106695003,164624.106695003,164624.106695003,10420057.897532608,10420057.897532608,10420057.897532608,0.0,0.0,0.0,39067441.738038294
2022-01-31,28613813.682136193,22237555.02068586,54465787.329490274,28613813.682136193,28613813.682136193,9880453.97896528,9880453.97896528,9880453.97896528,-2471823.0997806676,-2471823.0997806676,-2471823.0997806676,12352277.078745946,12352277.078745946,12352277.078745946,0.0,0.0,0.0,38494267.661101475
2022-02-01,28657498.33157802,22222148.660745606,55511587.253271334,28657498.33157802,28657498.33157802,10013524.271989467,10013524.271989467,10013524.271989467,-2758137.711486523,-2758137.711486523,-2758137.711486523,12771661.98347599,12771661.98347599,12771661.98347599,0.0,0.0,0.0,38671022.60356749
2022-02-02,28701182.981019855,24003919.827195413,57068495.06429262,28701182.981019855,28701182.981019855,11994856.856881345,11994856.856881345,11994856.856881345,-1074276.551180529,-1074276.551180529,-1074276.551180529,13069133.408061873,13069133.408061873,13069133.408061873,0.0,0.0,0.0,40696039.8379012
2022-02-03,28744867.63046169,26516526.153872807,59743355.6748044,28744867.63046169,28744867.63046169,14143694.723762961,14143694.723762961,14143694.723762961,901994.057373283,901994.057373283,901994.057373283,13241700.666389678,13241700.666389678,13241700.666389678,0.0,0.0,0.0,42888562.35422465
2022-02-04,28788552.279903524,25515077.742965844,57959600.83548585,28788552.279903524,28788552.279903524,13452957.350468317,13452957.350468317,13452957.350468317,164624.10669183367,164624.10669183367,164624.10669183367,13288333.243776483,13288333.243776483,13288333.243776483,0.0,0.0,0.0,42241509.63037184
2022-02-07,28919606.228229024,22961952.453680746,54768704.16573205,28919606.228229024,28919606.228229024,10220573.491723785,10220573.491723785,10220573.491723785,-2471823.0997816273,-2471823.0997816273,-2471823.0997816273,12692396.591505414,12692396.591505414,12692396.591505414,0.0,0.0,0.0,39140179.71995281
2022-02-08,28963290.877670854,22850216.701304305,55629591.12604341,28963290.877670854,28963290.877670854,9506826.815490128,9506826.815490128,9506826.815490128,-2758137.7114851037,-2758137.7114851037,-2758137.7114851037,12264964.526975233,12264964.526975233,12264964.526975233,0.0,0.0,0.0,38470117.69316098
2022-02-09,29006975.52711269,23070578.611815732,56737095.63586842,29006975.52711269,29006975.52711269,10661815.799408117,10661815.799408117,10661815.799408117,-1074276.5511793485,-1074276.5511793485,-1074276.5511793485,11736092.350587467,11736092.350587467,11736092.350587467,0.0,0.0,0.0,39668791.32652081
2022-02-10,29050660.176554523,24245159.7866764,57110447.536255844,29050660.176554523,29050660.176554523,12018117.936119108,12018117.936119108,12018117.936119108,901994.0573768883,901994.0573768883,901994.0573768883,11116123.87874222,11116123.87874222,11116123.87874222,0.0,0.0,0.0,41068778.11267363
2022-02-11,29094344.825996354,22267057.53524149,55293263.0124388,29094344.825996354,29094344.825996354,10581505.530210817,10581505.530210817,10581505.530210817,164624.10669361425,164624.10669361425,164624.10669361425,10416881.423517203,10416881.423517203,10416881.423517203,0.0,0.0,0.0,39675850.35620717
2022-02-14,29225398.774321858,18055562.506758016,50605256.67240294,29225398.774321858,29225398.774321858,5507422.146961713,5507422.146961713,5507422.146961713,-2471823.099785234,-2471823.099785234,-2471823.099785234,7979245.246746946,7979245.246746946,7979245.246746946,0.0,0.0,0.0,34732820.92128357
2022-02-15,29269083.42376369,17179944.214180615,50004593.67033977,29269083.42376369,29269083.42376369,4344543.965270365,4344543.965270365,4344543.965270365,-2758137.7114903433,-2758137.7114903433,-2758137.7114903433,7102681.676760709,7102681.676760709,7102681.676760709,0.0,0.0,0.0,33613627.389034055
2022-02-16,29312768.07320552,16773538.022012684,50434386.37767737,29312768.07320552,29312768.07320552,5145504.529310196,5145504.529310196,5145504.529310196,-1074276.5511762004,-1074276.5511762004,-1074276.5511762004,6219781.080486396,6219781.080486396,6219781.080486396,0.0,0.0,0.0,34458272.60251571
2022-02-17,29356452.72264736,20955750.929376487,51884374.11992758,29356452.72264736,29356452.72264736,6247930.133759157,6247930.133759157,6247930.133759157,901994.0573732413,901994.0573732413,901994.0573732413,5345936.076385915,5345936.076385915,5345936.076385915,0.0,0.0,0.0,35604382.85640652
2022-02-18,29400137.372089192,18301809.550941475,51265317.02019904,29400137.372089192,29400137.372089192,4660729.455773627,4660729.455773627,4660729.455773627,164624.10669152084,164624.10669152084,164624.10669152084,4496105.349082108,4496105.349082108,4496105.349082108,0.0,0.0,0.0,34060866.82786282
2022-02-22,29574875.96985653,12456010.357350025,44147590.488979466,29574875.96985653,29574875.96985653,-1153575.1138369464,-1153575.1138369464,-1153575.1138369464,-2758137.7114889245,-2758137.7114889245,-2758137.7114889245,1604562.5976519778,1604562.5976519778,1604562.5976519778,0.0,0.0,0.0,28421300.856019583
2022-02-23,29618560.619298358,12920895.72568823,45920988.40737833,29618560.619298358,29618560.619298358,-10332.18032961056,-10332.18032961056,-10332.18032961056,-1074276.55117502,-1074276.55117502,-1074276.55117502,1063944.3708454093,1063944.3708454093,1063944.3708454093,0.0,0.0,0.0,29608228.438968748
2022-02-24,29662245.26874019,14386242.653623883,46760686.69703524,29662245.26874019,29662245.26874019,1514467.2785825308,1514467.2785825308,1514467.2785825308,901994.0573749853,901994.0573749853,901994.0573749853,612473.2212075457,612473.2212075457,612473.2212075457,0.0,0.0,0.0,31176712.54732272
2022-02-25,29705929.918182034,14488226.571767809,45754915.312742956,29705929.918182034,29705929.918182034,419467.72899629903,419467.72899629903,419467.72899629903,164624.10669330182,164624.10669330182,164624.10669330182,254843.6223029972,254843.6223029972,254843.6223029972,0.0,0.0,0.0,30125397.647178333
2022-02-28,29836983.866507526,9704430.004073117,43586349.72316927,29836983.866507526,29836983.866507526,-2712083.8485928336,-2712083.8485928336,-2712083.8485928336,-2471823.099792447,-2471823.099792447,-2471823.099792447,-240260.74880038702,-240260.74880038702,-240260.74880038702,0.0,0.0,0.0,27124900.017914694
2022-03-01,29880668.515949354,11248032.8395179,42600241.813411206,29880668.515949354,29880668.515949354,-2976729.5129346056,-2976729.5129346056,-2976729.5129346056,-2758137.711488428,-2758137.711488428,-2758137.711488428,-218591.80144617736,-218591.80144617736,-218591.80144617736,0.0,0.0,0.0,26903939.003014747
2022-03-02,29924353.1653912,13338030.528812204,45523338.65528341,29924353.1653912,29924353.1653912,-1186001.9657233194,-1186001.9657233194,-1186001.9657233194,-1074276.5511728558,-1074276.5511728558,-1074276.5511728558,-111725.41455046365,-111725.41455046365,-111725.41455046365,0.0,0.0,0.0,28738351.19966788
2022-03-03,29968037.81483303,14706732.357755024,47145582.00326461,29968037.81483303,29968037.81483303,974562.395886107,974562.395886107,974562.395886107,901994.0573758951,901994.0573758951,901994.0573758951,72568.338510212,72568.338510212,72568.338510212,0.0,0.0,0.0,30942600.21071914
2022-03-04,30011722.46427486,15212484.566192158,47150024.484546766,30011722.46427486,30011722.46427486,489473.3999354395,489473.3999354395,489473.3999354395,164624.1066912087,164624.1066912087,164624.1066912087,324849.2932442308,324849.2932442308,324849.2932442308,0.0,0.0,0.0,30501195.8642103
2022-03-07,30142776.412600365,12212594.638934886,45034972.74973457,30142776.412600365,30142776.412600365,-1096595.6366814445,-1096595.6366814445,-1096595.6366814445,-2471823.099793406,-2471823.099793406,-2471823.099793406,1375227.463111962,1375227.463111962,1375227.463111962,0.0,0.0,0.0,29046180.77591892
2022-03-08,30186461.062042195,12411486.575658647,44488658.30493071,30186461.062042195,30186461.062042195,-977761.9006138208,-977761.9006138208,-977761.9006138208,-2758137.711487009,-2758137.711487009,-2758137.711487009,1780375.8108731883,1780375.8108731883,1780375.8108731883,0.0,0.0,0.0,29208699.161428373
2022-03-09,30230145.711484026,15002477.149929764,49467211.45287991,30230145.711484026,30230145.711484026,1116086.0368778245,1116086.0368778245,1116086.0368778245,-1074276.5511813776,-1074276.5511813776,-1074276.5511813776,2190362.5880592023,2190362.5880592023,2190362.5880592023,0.0,0.0,0.0,31346231.748361852
2022-03-10,30273830.360925857,16559691.954337925,50707545.10240539,30273830.360925857,30273830.360925857,3493507.412642713,3493507.412642713,3493507.412642713,901994.0573749435,901994.0573749435,901994.0573749435,2591513.3552677697,2591513.3552677697,2591513.3552677697,0.0,0.0,0.0,33767337.77356857
2022-03-11,30317515.010367688,19266827.50452403,50849772.89298668,30317515.010367688,30317515.010367688,3135192.597839707,3135192.597839707,3135192.597839707,164624.10669686247,164624.10669686247,164624.10669686247,2970568.4911428443,2970568.4911428443,2970568.4911428443,0.0,0.0,0.0,33452707.608207393
2022-03-14,30448568.95869319,15155478.949239973,48315685.553082146,30448568.95869319,30448568.95869319,1383550.9963542302,1383550.9963542302,1383550.9963542302,-2471823.0997804687,-2471823.0997804687,-2471823.0997804687,3855374.0961346985,3855374.0961346985,3855374.0961346985,0.0,0.0,0.0,31832119.95504742
2022-03-15,30492253.608135033,15003494.348124703,48736283.21696557,30492253.608135033,30492253.608135033,1274386.8019692553,1274386.8019692553,1274386.8019692553,-2758137.711486513,-2758137.711486513,-2758137.711486513,4032524.513455768,4032524.513455768,4032524.513455768,0.0,0.0,0.0,31766640.41010429
2022-03-16,30535938.257576864,17587760.142718032,49880672.25974466,30535938.257576864,30535938.257576864,3063659.9566359185,3063659.9566359185,3063659.9566359185,-1074276.5511792134,-1074276.5511792134,-1074276.5511792134,4137936.507815132,4137936.507815132,4137936.507815132,0.0,0.0,0.0,33599598.21421278
2022-03-17,30579622.907018695,18857230.079896208,52126234.653023906,30579622.907018695,30579622.907018695,5068694.033277765,5068694.033277765,5068694.033277765,901994.0573739918,901994.0573739918,901994.0573739918,4166699.9759037737,4166699.9759037737,4166699.9759037737,0.0,0.0,0.0,35648316.940296456
2022-03-18,30623307.556460526,18213761.074063677,50740073.4866248,30623307.556460526,30623307.556460526,4280581.358198177,4280581.358198177,4280581.358198177,164624.1066947694,164624.1066947694,164624.1066947694,4115957.251503408,4115957.251503408,4115957.251503408,0.0,0.0,0.0,34903888.9146587
2022-03-21,30753153.69651099,15838055.051037218,47953648.43262731,30753153.69651099,30753153.69651099,1018154.6452577735,1018154.6452577735,1018154.6452577735,-2471823.0997840753,-2471823.0997840753,-2471823.0997840753,3489977.745041849,3489977.745041849,3489977.745041849,0.0,0.0,0.0,31771308.341768764
2022-03-22,30796435.74319447,15544859.059689766,46270184.79751726,30796435.74319447,30796435.74319447,376853.859252715,376853.859252715,376853.859252715,-2758137.7114841705,-2758137.7114841705,-2758137.7114841705,3134991.5707368855,3134991.5707368855,3134991.5707368855,0.0,0.0,0.0,31173289.602447182
2022-03-23,30839717.789877955,16294140.93975226,49592871.11026548,30839717.789877955,30839717.789877955,1643306.9094025618,1643306.9094025618,1643306.9094025618,-1074276.5511770486,-1074276.5511770486,-1074276.5511770486,2717583.460579611,2717583.460579611,2717583.460579611,0.0,0.0,0.0,32483024.699280515
2022-03-24,30882999.836561434,16656095.219523292,49337512.59009955,30882999.836561434,30882999.836561434,3148842.3889509463,3148842.3889509463,3148842.3889509463,901994.0573757358,901994.0573757358,901994.0573757358,2246848.33157521,2246848.33157521,2246848.33157521,0.0,0.0,0.0,34031842.22551238
2022-03-25,30926281.883244924,16911399.47988609,49465409.551239364,30926281.883244924,30926281.883244924,1897978.177423764,1897978.177423764,1897978.177423764,164624.10669160052,164624.10669160052,164624.10669160052,1733354.0707321633,1733354.0707321633,1733354.0707321633,0.0,0.0,0.0,32824260.06066869
2022-03-28,31056128.023295384,12210385.052021567,44941361.91683697,31056128.023295384,31056128.023295384,-2413397.997694258,-2413397.997694258,-2413397.997694258,-2471823.0997876814,-2471823.0997876814,-2471823.0997876814,58425.102093423266,58425.102093423266,58425.102093423266,0.0,0.0,0.0,28642730.025601126
2022-03-29,31099410.069978863,10909170.644491227,44632377.21515805,31099410.069978863,31099410.069978863,-3258786.195112019,-3258786.195112019,-3258786.195112019,-2758137.7114836746,-2758137.7114836746,-2758137.7114836746,-500648.4836283448,-500648.4836283448,-500648.4836283448,0.0,0.0,0.0,27840623.874866843
2022-03-30,31142692.116662346,13212373.123867167,45093565.87279961,31142692.116662346,31142692.116662346,-2111819.3048352995,-2111819.3048352995,-2111819.3048352995,-1074276.5511855711,-1074276.5511855711,-1074276.5511855711,-1037542.7536497283,-1037542.7536497283,-1037542.7536497283,0.0,0.0,0.0,29030872.811827045
2022-03-31,31185974.163345832,13786212.489036217,46736395.15797681,31185974.163345832,31185974.163345832,-637104.8344446376,-637104.8344446376,-637104.8344446376,901994.0573774797,901994.0573774797,901994.0573774797,-1539098.8918221174,-1539098.8918221174,-1539098.8918221174,0.0,0.0,0.0,30548869.328901194
2022-04-01,31229256.21002932,13122777.88153724,46986840.77047353,31229256.21002932,31229256.21002932,-1828243.1606055473,-1828243.1606055473,-1828243.1606055473,164624.106693381,164624.106693381,164624.106693381,-1992867.267298928,-1992867.267298928,-1992867.267298928,0.0,0.0,0.0,29401013.049423773
2022-04-04,31359102.350079775,10467632.971383488,42803450.28642247,31359102.350079775,31359102.350079775,-5431662.576676133,-5431662.576676133,-5431662.576676133,-2471823.099788641,-2471823.099788641,-2471823.099788641,-2959839.4768874925,-2959839.4768874925,-2959839.4768874925,0.0,0.0,0.0,25927439.77340364
2022-04-05,31402384.39676326,8177486.691557216,42476660.0548527,31402384.39676326,31402384.39676326,-5880433.574397023,-5880433.574397023,-5880433.574397023,-2758137.7114889137,-2758137.7114889137,-2758137.7114889137,-3122295.8629081096,-3122295.8629081096,-3122295.8629081096,0.0,0.0,0.0,25521950.822366238
2022-04-06,31445666.44344674,10816193.536302892,44069361.549396075,31445666.44344674,31445666.44344674,-4269341.954584547,-4269341.954584547,-4269341.954584547,-1074276.5511843904,-1074276.5511843904,-1074276.5511843904,-3195065.4034001566,-3195065.4034001566,-3195065.4034001566,0.0,0.0,0.0,27176324.488862194
2022-04-07,31488948.490130227,13625858.187831923,46893040.86229712,31488948.490130227,31488948.490130227,-2273297.8022684357,-2273297.8022684357,-2273297.8022684357,901994.0573765282,901994.0573765282,901994.0573765282,-3175291.8596449643,-3175291.8596449643,-3175291.8596449643,0.0,0.0,0.0,29215650.687861793
2022-04-08,31532230.536813714,13487039.938691394,44024924.6154295,31532230.536813714,31532230.536813714,-2897615.8190066405,-2897615.8190066405,-2897615.8190066405,164624.10669516123,164624.10669516123,164624.10669516123,-3062239.9257018017,-3062239.9257018017,-3062239.9257018017,0.0,0.0,0.0,28634614.717807073
2022-04-11,31662076.67686417,10885917.703052461,43450871.44294777,31662076.67686417,31662076.67686417,-4659772.423977696,-4659772.423977696,-4659772.423977696,-2471823.099789601,-2471823.099789601,-2471823.099789601,-2187949.3241880955,-2187949.3241880955,-2187949.3241880955,0.0,0.0,0.0,27002304.252886474
2022-04-12,31705358.72354765,11036643.57438314,42689854.43642309,31705358.72354765,31705358.72354765,-4494636.665949354,-4494636.665949354,-4494636.665949354,-2758137.711487495,-2758137.711487495,-2758137.711487495,-1736498.9544618588,-1736498.9544618588,-1736498.9544618588,0.0,0.0,0.0,27210722.057598293
2022-04-13,31748640.77023114,13361036.9438412,45177921.700830586,31748640.77023114,31748640.77023114,-2293133.2875598613,-2293133.2875598613,-2293133.2875598613,-1074276.5511812423,-1074276.5511812423,-1074276.5511812423,-1218856.7363786187,-1218856.7363786187,-1218856.7363786187,0.0,0.0,0.0,29455507.482671276
2022-04-14,31791922.816914625,16307242.164594589,48265494.63965055,31791922.816914625,31791922.816914625,256290.2232704262,256290.2232704262,256290.2232704262,901994.0573755766,901994.0573755766,901994.0573755766,-645703.8341051503,-645703.8341051503,-645703.8341051503,0.0,0.0,0.0,32048213.040185053
2022-04-18,31965051.00364856,13914275.659141595,48116809.86338351,31965051.00364856,31965051.00364856,-521590.5897545102,-521590.5897545102,-521590.5897545102,-2471823.0997932074,-2471823.0997932074,-2471823.0997932074,1950232.5100386974,1950232.5100386974,1950232.5100386974,0.0,0.0,0.0,31443460.41389405
2022-04-19,32008333.050332047,14853745.28487648,48545030.97050564,32008333.050332047,32008333.050332047,-151436.24640919987,-151436.24640919987,-151436.24640919987,-2758137.711486076,-2758137.711486076,-2758137.711486076,2606701.465076876,2606701.465076876,2606701.465076876,0.0,0.0,0.0,31856896.803922847
2022-04-20,32051615.097015534,18883600.4060687,51712195.27359968,32051615.097015534,32051615.097015534,2164140.400029669,2164140.400029669,2164140.400029669,-1074276.551180062,-1074276.551180062,-1074276.551180062,3238416.951209731,3238416.951209731,3238416.951209731,0.0,0.0,0.0,34215755.497045204
2022-04-21,32094897.14369902,20924602.03197058,53654337.053322196,32094897.14369902,32094897.14369902,4734171.997211894,4734171.997211894,4734171.997211894,901994.0573764862,901994.0573764862,901994.0573764862,3832177.939835408,3832177.939835408,3832177.939835408,0.0,0.0,0.0,36829069.140910916
2022-04-22,32138179.190382507,20312307.462567568,53963625.06750919,32138179.190382507,32138179.190382507,4540267.6410953,4540267.6410953,4540267.6410953,164624.10669377286,164624.10669377286,164624.10669377286,4375643.534401527,4375643.534401527,4375643.534401527,0.0,0.0,0.0,36678446.831477806
2022-04-25,32268025.330432955,19012472.252630644,51482074.89237795,32268025.330432955,32268025.330432955,3127307.027675989,3127307.027675989,3127307.027675989,-2471823.099796814,-2471823.099796814,-2471823.099796814,5599130.127472803,5599130.127472803,5599130.127472803,0.0,0.0,0.0,35395332.358108945
2022-04-26,32311307.37711644,19507326.73369013,51373491.921432845,32311307.37711644,32311307.37711644,3085710.2873446685,3085710.2873446685,3085710.2873446685,-2758137.711491315,-2758137.711491315,-2758137.711491315,5843847.998835984,5843847.998835984,5843847.998835984,0.0,0.0,0.0,35397017.66446111
2022-04-27,32354589.42379993,19676779.03540159,52458263.33846955,32354589.42379993,32354589.42379993,4923341.420152858,4923341.420152858,4923341.420152858,-1074276.551177898,-1074276.551177898,-1074276.551177898,5997617.971330755,5997617.971330755,5997617.971330755,0.0,0.0,0.0,37277930.84395279
2022-04-28,32397871.470483415,22204755.902481593,55894079.32620825,32397871.470483415,32397871.470483415,6959619.996216003,6959619.996216003,6959619.996216003,901994.0573782304,901994.0573782304,901994.0573782304,6057625.938837773,6057625.938837773,6057625.938837773,0.0,0.0,0.0,39357491.46669942
2022-04-29,32441153.517166898,22400389.262805346,55801482.48032143,32441153.517166898,32441153.517166898,6187620.80936609,6187620.80936609,6187620.80936609,164624.1066916793,164624.1066916793,164624.1066916793,6022996.702674411,6022996.702674411,6022996.702674411,0.0,0.0,0.0,38628774.32653299
2022-05-02,32570999.657217354,20053859.971398,52056926.8096171,32570999.657217354,32570999.657217354,2899067.3346030135,2899067.3346030135,2899067.3346030135,-2471823.0997838764,-2471823.0997838764,-2471823.0997838764,5370890.43438689,5370890.43438689,5370890.43438689,0.0,0.0,0.0,35470066.991820365
2022-05-03,32614281.70390084,19232584.689403214,50319779.58894875,32614281.70390084,32614281.70390084,2227987.7619614294,2227987.7619614294,2227987.7619614294,-2758137.711489896,-2758137.711489896,-2758137.711489896,4986125.473451326,4986125.473451326,4986125.473451326,0.0,0.0,0.0,34842269.46586227
2022-05-04,32657563.750584327,19491414.567779522,52344329.12896507,32657563.750584327,32657563.750584327,3454958.7490865975,3454958.7490865975,3454958.7490865975,-1074276.5511767173,-1074276.5511767173,-1074276.5511767173,4529235.3002633145,4529235.3002633145,4529235.3002633145,0.0,0.0,0.0,36112522.49967092
2022-05-05,32700845.797267813,20213324.456777833,53569410.679845184,32700845.797267813,32700845.797267813,4911103.968089072,4911103.968089072,4911103.968089072,901994.0573745832,901994.0573745832,901994.0573745832,4009109.9107144894,4009109.9107144894,4009109.9107144894,0.0,0.0,0.0,37611949.76535688
2022-05-06,32744127.843951292,20958167.651875254,52606076.6324849,32744127.843951292,32744127.843951292,3600249.074694235,3600249.074694235,3600249.074694235,164624.10669733348,164624.10669733348,164624.10669733348,3435624.9679969014,3435624.9679969014,3435624.9679969014,0.0,0.0,0.0,36344376.91864553
2022-05-09,32873973.98400175,15605476.36420503,47406104.87378373,32873973.98400175,32873973.98400175,-968521.556948615,-968521.556948615,-968521.556948615,-2471823.099787483,-2471823.099787483,-2471823.099787483,1503301.5428388675,1503301.5428388675,1503301.5428388675,0.0,0.0,0.0,31905452.427053135
2022-05-10,32917256.030685235,14922637.143898113,46748275.06073188,32917256.030685235,32917256.030685235,-1932100.524604598,-1932100.524604598,-1932100.524604598,-2758137.7114894,-2758137.7114894,-2758137.7114894,826037.1868848018,826037.1868848018,826037.1868848018,0.0,0.0,0.0,30985155.506080635
2022-05-11,32960538.07736872,15793146.22935833,48675865.401440576,32960538.07736872,32960538.07736872,-923555.6820828151,-923555.6820828151,-923555.6820828151,-1074276.5511745529,-1074276.5511745529,-1074276.5511745529,150720.86909173787,150720.86909173787,150720.86909173787,0.0,0.0,0.0,32036982.395285904
2022-05-12,33003820.124052204,16662825.458705174,49793140.720459715,33003820.124052204,33003820.124052204,389833.1270117932,389833.1270117932,389833.1270117932,901994.0573763271,901994.0573763271,901994.0573763271,-512160.9303645339,-512160.9303645339,-512160.9303645339,0.0,0.0,0.0,33393653.251064
2022-05-13,33047102.17073569,15651902.064080862,47538559.53348083,33047102.17073569,33047102.17073569,-988220.0795598873,-988220.0795598873,-988220.0795598873,164624.1066952405,164624.1066952405,164624.1066952405,-1152844.1862551277,-1152844.1862551277,-1152844.1862551277,0.0,0.0,0.0,32058882.091175802
2022-05-16,33176948.310786143,10843145.321820706,45290354.25585297,33176948.310786143,33176948.310786143,-5330365.388384904,-5330365.388384904,-5330365.388384904,-2471823.0997910895,-2471823.0997910895,-2471823.0997910895,-2858542.288593815,-2858542.288593815,-2858542.288593815,0.0,0.0,0.0,27846582.92240124
2022-05-17,33220230.35746963,8564027.505103914,43711165.18266409,33220230.35746963,33220230.35746963,-6091156.662044945,-6091156.662044945,-6091156.662044945,-2758137.7114870576,-2758137.7114870576,-2758137.7114870576,-3333018.9505578876,-3333018.9505578876,-3333018.9505578876,0.0,0.0,0.0,27129073.695424683
2022-05-18,33254987.186902743,10723395.193600819,45123845.679608345,33254987.186902743,33254987.186902743,-4826916.419227374,-4826916.419227374,-4826916.419227374,-1074276.5511830747,-1074276.5511830747,-1074276.5511830747,-3752639.868044299,-3752639.868044299,-3752639.868044299,0.0,0.0,0.0,28428070.76767537
2022-05-19,33289744.016335864,12589934.100756593,46901029.96701256,33289744.016335864,33289744.016335864,-3212710.7590259337,-3212710.7590259337,-3212710.7590259337,901994.0573753755,901994.0573753755,901994.0573753755,-4114704.8164013093,-4114704.8164013093,-4114704.8164013093,0.0,0.0,0.0,30077033.25730993
2022-05-20,33324500.84576898,13268009.892977018,44535809.945837714,33324500.84576898,33324500.84576898,-4253202.58055994,-4253202.58055994,-4253202.58055994,164624.10669314786,164624.10669314786,164624.10669314786,-4417826.687253088,-4417826.687253088,-4417826.687253088,0.0,0.0,0.0,29071298.26520904
2022-05-23,33428771.334068332,9702786.031004503,42385240.5404653,33428771.334068332,33428771.334068332,-7449883.008135128,-7449883.008135128,-7449883.008135128,-2471823.099775505,-2471823.099775505,-2471823.099775505,-4978059.9083596235,-4978059.9083596235,-4978059.9083596235,0.0,0.0,0.0,25978888.325933203
2022-05-24,33463528.163501453,8473695.76953425,40855483.92590292,33463528.163501453,33463528.163501453,-7813514.169740817,-7813514.169740817,-7813514.169740817,-2758137.7114865617,-2758137.7114865617,-2758137.7114865617,-5055376.458254255,-5055376.458254255,-5055376.458254255,0.0,0.0,0.0,25650013.993760638
2022-05-25,33498284.992934562,10393720.59921335,44771302.92793949,33498284.992934562,33498284.992934562,-6158000.059388124,-6158000.059388124,-6158000.059388124,-1074276.5511809106,-1074276.5511809106,-1074276.5511809106,-5083723.508207213,-5083723.508207213,-5083723.508207213,0.0,0.0,0.0,27340284.93354644
2022-05-26,33533041.822367687,13185118.074112704,46447487.467198186,33533041.822367687,33533041.822367687,-4165598.542298883,-4165598.542298883,-4165598.542298883,901994.0573762853,901994.0573762853,901994.0573762853,-5067592.599675168,-5067592.599675168,-5067592.599675168,0.0,0.0,0.0,29367443.280068804
2022-05-27,33567798.65180081,11855580.415842978,45049924.243043795,33567798.65180081,33567798.65180081,-4847317.632784691,-4847317.632784691,-4847317.632784691,164624.10669492805,164624.10669492805,164624.10669492805,-5011941.739479619,-5011941.739479619,-5011941.739479619,0.0,0.0,0.0,28720481.01901612
2022-05-31,33706825.96953328,10952647.462582188,43472056.107812636,33706825.96953328,33706825.96953328,-7258426.738815536,-7258426.738815536,-7258426.738815536,-2758137.7114860653,-2758137.7114860653,-2758137.7114860653,-4500289.02732947,-4500289.02732947,-4500289.02732947,0.0,0.0,0.0,26448399.230717745
2022-06-01,33741582.79896639,11885882.737854343,46088990.77719215,33741582.79896639,33741582.79896639,-5400490.14034061,-5400490.14034061,-5400490.14034061,-1074276.5511797296,-1074276.5511797296,-1074276.5511797296,-4326213.58916088,-4326213.58916088,-4326213.58916088,0.0,0.0,0.0,28341092.65862578
2022-06-02,33776339.628399506,12785152.18783993,46834727.17075422,33776339.628399506,33776339.628399506,-3241180.973485124,-3241180.973485124,-3241180.973485124,901994.0573753336,901994.0573753336,901994.0573753336,-4143175.030860457,-4143175.030860457,-4143175.030860457,0.0,0.0,0.0,30535158.654914383
2022-06-03,33811096.457832634,13087927.218900375,45919730.54533007,33811096.457832634,33811096.457832634,-3790525.682711338,-3790525.682711338,-3790525.682711338,164624.10668788519,164624.10668788519,164624.10668788519,-3955149.7893992234,-3955149.7893992234,-3955149.7893992234,0.0,0.0,0.0,30020570.775121298
2022-06-06,33915366.94613198,12378777.635065136,45523298.094526164,33915366.94613198,33915366.94613198,-5864051.407667163,-5864051.407667163,-5864051.407667163,-2471823.0997827174,-2471823.0997827174,-2471823.0997827174,-3392228.307884446,-3392228.307884446,-3392228.307884446,0.0,0.0,0.0,28051315.53846482
2022-06-07,33950123.775565095,11548701.663312122,44097902.294291064,33950123.775565095,33950123.775565095,-5970401.008196016,-5970401.008196016,-5970401.008196016,-2758137.711484647,-2758137.711484647,-2758137.711484647,-3212263.296711369,-3212263.296711369,-3212263.296711369,0.0,0.0,0.0,27979722.76736908
2022-06-08,33984880.60499822,13275421.826758742,46408850.42897624,33984880.60499822,33984880.60499822,-4112549.000895303,-4112549.000895303,-4112549.000895303,-1074276.5511765818,-1074276.5511765818,-1074276.5511765818,-3038272.449718721,-3038272.449718721,-3038272.449718721,0.0,0.0,0.0,29872331.60410292
2022-06-09,34019637.43443134,15779165.734846763,48246427.60556994,34019637.43443134,34019637.43443134,-1968713.7418636023,-1968713.7418636023,-1968713.7418636023,901994.0573743822,901994.0573743822,901994.0573743822,-2870707.799237984,-2870707.799237984,-2870707.799237984,0.0,0.0,0.0,32050923.692567736
2022-06-10,34054394.26386446,15742235.346391965,47381770.528655544,34054394.26386446,34054394.26386446,-2544929.2871355214,-2544929.2871355214,-2544929.2871355214,164624.10669353933,164624.10669353933,164624.10669353933,-2709553.393829061,-2709553.393829061,-2709553.393829061,0.0,0.0,0.0,31509464.976728935
2022-06-13,34158664.75216381,12797099.750176845,44638390.85157135,34158664.75216381,34158664.75216381,-4730954.882804516,-4730954.882804516,-4730954.882804516,-2471823.0997863244,-2471823.0997863244,-2471823.0997863244,-2259131.7830181913,-2259131.7830181913,-2259131.7830181913,0.0,0.0,0.0,29427709.869359296
2022-06-14,34193421.581596926,12694890.017798971,45313152.615870066,34193421.581596926,34193421.581596926,-4875243.202973779,-4875243.202973779,-4875243.202973779,-2758137.7114908095,-2758137.7114908095,-2758137.7114908095,-2117105.49148297,-2117105.49148297,-2117105.49148297,0.0,0.0,0.0,29318178.378623147
2022-06-15,34228178.41103005,14527084.469449863,47065745.972893044,34228178.41103005,34228178.41103005,-3051759.9105281592,-3051759.9105281592,-3051759.9105281592,-1074276.5511754018,-1074276.5511754018,-1074276.5511754018,-1977483.3593527575,-1977483.3593527575,-1977483.3593527575,0.0,0.0,0.0,31176418.500501886
2022-06-16,34262935.24046317,17412452.005356215,49612255.0045691,34262935.24046317,34262935.24046317,-937357.2783390918,-937357.2783390918,-937357.2783390918,901994.0573734306,901994.0573734306,901994.0573734306,-1839351.3357125225,-1839351.3357125225,-1839351.3357125225,0.0,0.0,0.0,33325577.962124076
2022-06-17,34297692.06989628,16526781.180279247,48895158.463503845,34297692.06989628,34297692.06989628,-1537342.9156252202,-1537342.9156252202,-1537342.9156252202,164624.10669144627,164624.10669144627,164624.10669144627,-1701967.0223166666,-1701967.0223166666,-1701967.0223166666,0.0,0.0,0.0,32760349.15427106
2022-06-21,34436719.38762876,15222400.216009025,46375472.41108349,34436719.38762876,34436719.38762876,-3912715.0627379958,-3912715.0627379958,-3912715.0627379958,-2758137.7114884667,-2758137.7114884667,-2758137.7114884667,-1154577.351249529,-1154577.351249529,-1154577.351249529,0.0,0.0,0.0,30524004.324890763
2022-06-22,34471476.21706187,15785915.262556452,47851391.90680588,34471476.21706187,34471476.21706187,-2094123.0419381931,-2094123.0419381931,-2094123.0419381931,-1074276.5511829397,-1074276.5511829397,-1074276.5511829397,-1019846.4907552532,-1019846.4907552532,-1019846.4907552532,0.0,0.0,0.0,32377353.175123677
2022-06-23,34506233.04649499,17426616.43260041,50058777.40194248,34506233.04649499,34506233.04649499,14175.425923130973,14175.425923130973,14175.425923130973,901994.0573751745,901994.0573751745,901994.0573751745,-887818.6314520435,-887818.6314520435,-887818.6314520435,0.0,0.0,0.0,34520408.47241812
2022-06-24,34540989.875928104,17080611.292418312,50738004.110517,34540989.875928104,34540989.875928104,-595361.518272019,-595361.518272019,-595361.518272019,164624.10669322684,164624.10669322684,164624.10669322684,-759985.6249652458,-759985.6249652458,-759985.6249652458,0.0,0.0,0.0,33945628.357656084
2022-06-27,34645260.36422746,15489303.743636172,47308419.443475865,34645260.36422746,34645260.36422746,-2891760.362813338,-2891760.362813338,-2891760.362813338,-2471823.0997935375,-2471823.0997935375,-2471823.0997935375,-419937.2630198008,-419937.2630198008,-419937.2630198008,0.0,0.0,0.0,31753500.00141412
2022-06-28,34680017.19366058,16063660.7194116,49469427.66054095,34680017.19366058,34680017.19366058,-3085902.0316595845,-3085902.0316595845,-3085902.0316595845,-2758137.711487971,-2758137.711487971,-2758137.711487971,-327764.32017161394,-327764.32017161394,-327764.32017161394,0.0,0.0,0.0,31594115.162000995
2022-06-29,34714774.02309369,15595567.745761046,50193478.12303901,34714774.02309369,34714774.02309369,-1323798.4337736233,-1323798.4337736233,-1323798.4337736233,-1074276.5511817592,-1074276.5511817592,-1074276.5511817592,-249521.88259186407,-249521.88259186407,-249521.88259186407,0.0,0.0,0.0,33390975.58932007
2022-06-30,34749530.852526814,20018710.07074727,52294749.67700157,34749530.852526814,34749530.852526814,714976.8571259698,714976.8571259698,714976.8571259698,901994.0573760843,901994.0573760843,901994.0573760843,-187017.20025011446,-187017.20025011446,-187017.20025011446,0.0,0.0,0.0,35464507.70965278
2022-07-01,34784287.68195993,19182307.9406848,49835268.79879301,34784287.68195993,34784287.68195993,22828.94528589318,22828.94528589318,22828.94528589318,164624.10669500753,164624.10669500753,164624.10669500753,-141795.16140911434,-141795.16140911434,-141795.16140911434,0.0,0.0,0.0,34807116.62724582
2022-07-05,34923314.9996924,16694780.442545975,48672959.38432452,34923314.9996924,34923314.9996924,-2909040.018987487,-2909040.018987487,-2909040.018987487,-2758137.7114865514,-2758137.7114865514,-2758137.7114865514,-150902.30750093548,-150902.30750093548,-150902.30750093548,0.0,0.0,0.0,32014274.980704915
2022-07-06,34958071.82912552,18090018.064702235,49876050.20472934,34958071.82912552,34958071.82912552,-1274938.4817428505,-1274938.4817428505,-1274938.4817428505,-1074276.5511805785,-1074276.5511805785,-1074276.5511805785,-200661.93056227211,-200661.93056227211,-200661.93056227211,0.0,0.0,0.0,33683133.34738267
2022-07-07,34992828.65855864,18189353.014375616,51275012.80000351,34992828.65855864,34992828.65855864,634521.0641895313,634521.0641895313,634521.0641895313,901994.0573778283,901994.0573778283,901994.0573778283,-267472.993188297,-267472.993188297,-267472.993188297,0.0,0.0,0.0,35627349.72274817
2022-07-08,35027585.48799176,18918236.186522048,51484710.98291109,35027585.48799176,35027585.48799176,-184748.67373015036,-184748.67373015036,-184748.67373015036,164624.10669678796,164624.10669678796,164624.10669678796,-349372.7804269383,-349372.7804269383,-349372.7804269383,0.0,0.0,0.0,34842836.81426161
2022-07-11,35131855.97629111,15374394.241531221,48531879.15343576,35131855.97629111,35131855.97629111,-3130206.9130427246,-3130206.9130427246,-3130206.9130427246,-2471823.099781559,-2471823.099781559,-2471823.099781559,-658383.8132611654,-658383.8132611654,-658383.8132611654,0.0,0.0,0.0,32001649.06324839
2022-07-12,35166612.805724226,15022455.609434107,48697502.537443124,35166612.805724226,35166612.805724226,-3529505.0527615095,-3529505.0527615095,-3529505.0527615095,-2758137.711485132,-2758137.711485132,-2758137.711485132,-771367.3412763774,-771367.3412763774,-771367.3412763774,0.0,0.0,0.0,31637107.752962716
2022-07-13,35201369.63515735,16116538.174206184,48390836.49903043,35201369.63515735,35201369.63515735,-1957357.0979755137,-1957357.0979755137,-1957357.0979755137,-1074276.5511774307,-1074276.5511774307,-1074276.5511774307,-883080.5467980831,-883080.5467980831,-883080.5467980831,0.0,0.0,0.0,33244012.537181832
2022-07-14,35236126.46459046,19037338.494882215,51939487.942828365,35236126.46459046,35236126.46459046,-87593.37094294562,-87593.37094294562,-87593.37094294562,901994.0573741811,901994.0573741811,901994.0573741811,-989587.4283171267,-989587.4283171267,-989587.4283171267,0.0,0.0,0.0,35148533.09364752
2022-07-15,35270883.29402357,17980578.446076166,51800390.74822958,35270883.29402357,35270883.29402357,-922388.0342227432,-922388.0342227432,-922388.0342227432,164624.1066946949,164624.1066946949,164624.1066946949,-1087012.140917438,-1087012.140917438,-1087012.140917438,0.0,0.0,0.0,34348495.25980083
2022-07-18,35348850.59135869,16162806.46775093,48593617.432690136,35348850.59135869,35348850.59135869,-3761628.619044749,-3761628.619044749,-3761628.619044749,-2471823.0997825186,-2471823.0997825186,-2471823.0997825186,-1289805.51926223,-1289805.51926223,-1289805.51926223,0.0,0.0,0.0,31587221.97231394
2022-07-19,35374839.69047039,14602072.10967751,47611613.66226984,35374839.69047039,35374839.69047039,-4076244.054548558,-4076244.054548558,-4076244.054548558,-2758137.7114903717,-2758137.7114903717,-2758137.7114903717,-1318106.3430581864,-1318106.3430581864,-1318106.3430581864,0.0,0.0,0.0,31298595.635921832
2022-07-20,35400828.789582096,16831636.242637746,48484639.733184285,35400828.789582096,35400828.789582096,-2397826.5452322434,-2397826.5452322434,-2397826.5452322434,-1074276.5511762497,-1074276.5511762497,-1074276.5511762497,-1323549.9940559939,-1323549.9940559939,-1323549.9940559939,0.0,0.0,0.0,33003002.244349852
2022-07-21,35426817.8886938,18923057.91507539,51855950.442111306,35426817.8886938,35426817.8886938,-403352.42078673013,-403352.42078673013,-403352.42078673013,901994.0573759251,901994.0573759251,901994.0573759251,-1305346.4781626551,-1305346.4781626551,-1305346.4781626551,0.0,0.0,0.0,35023465.46790707
2022-07-22,35452806.98780551,17066631.539185155,50864578.526494175,35452806.98780551,35452806.98780551,-1098949.2692534244,-1098949.2692534244,-1098949.2692534244,164624.10669152552,164624.10669152552,164624.10669152552,-1263573.3759449497,-1263573.3759449497,-1263573.3759449497,0.0,0.0,0.0,34353857.71855208
2022-07-25,35530774.28514062,14781919.398410026,48540185.563211106,35530774.28514062,35530774.28514062,-3483261.348038278,-3483261.348038278,-3483261.348038278,-2471823.0997887724,-2471823.0997887724,-2471823.0997887724,-1011438.2482495055,-1011438.2482495055,-1011438.2482495055,0.0,0.0,0.0,32047512.93710234
2022-07-26,35556763.384252325,15638587.878895747,48862863.06695263,35556763.384252325,35556763.384252325,-3652744.8613813994,-3652744.8613813994,-3652744.8613813994,-2758137.7114889524,-2758137.7114889524,-2758137.7114889524,-894607.1498924466,-894607.1498924466,-894607.1498924466,0.0,0.0,0.0,31904018.522870924
2022-07-27,35582752.48336402,17149579.932215817,49290724.539143376,35582752.48336402,35582752.48336402,-1842579.6210479198,-1842579.6210479198,-1842579.6210479198,-1074276.551184772,-1074276.551184772,-1074276.551184772,-768303.0698631475,-768303.0698631475,-768303.0698631475,0.0,0.0,0.0,33740172.8623161
2022-07-28,35608741.58247573,20488611.780450296,52711919.0510477,35608741.58247573,35608741.58247573,264171.57320581365,264171.57320581365,264171.57320581365,901994.0573776691,901994.0573776691,901994.0573776691,-637822.4841718554,-637822.4841718554,-637822.4841718554,0.0,0.0,0.0,35872913.15568154
2022-07-29,35634730.68158743,19441995.8589863,51863384.68657193,35634730.68158743,35634730.68158743,-344440.51462987124,-344440.51462987124,-344440.51462987124,164624.10668943246,164624.10668943246,164624.10668943246,-509064.6213193037,-509064.6213193037,-509064.6213193037,0.0,0.0,0.0,35290290.16695756
2022-08-01,35712697.978922546,15598233.01936066,47822520.7330658,35712697.978922546,35712697.978922546,-2669734.127714743,-2669734.127714743,-2669734.127714743,-2471823.0997897317,-2471823.0997897317,-2471823.0997897317,-197911.0279250107,-197911.0279250107,-197911.0279250107,0.0,0.0,0.0,33042963.851207804
2022-08-02,35738687.078034244,16055273.06572761,49868806.23474508,35738687.078034244,35738687.078034244,-2899640.7275284124,-2899640.7275284124,-2899640.7275284124,-2758137.7114875335,-2758137.7114875335,-2758137.7114875335,-141503.01604087872,-141503.01604087872,-141503.01604087872,0.0,0.0,0.0,32839046.350505833
2022-08-03,35764676.17714596,19178747.918653324,51138798.14760385,35764676.17714596,35764676.17714596,-1193813.8575865293,-1193813.8575865293,-1193813.8575865293,-1074276.5511835916,-1074276.5511835916,-1074276.5511835916,-119537.30640293784,-119537.30640293784,-119537.30640293784,0.0,0.0,0.0,34570862.319559425
2022-08-04,35790665.27625766,20417384.326238185,52713463.5420127,35790665.27625766,35790665.27625766,764142.6429444376,764142.6429444376,764142.6429444376,901994.0573740219,901994.0573740219,901994.0573740219,-137851.41442958437,-137851.41442958437,-137851.41442958437,0.0,0.0,0.0,36554807.9192021
2022-08-05,35816654.37536936,19879184.466350336,51536451.929383315,35816654.37536936,35816654.37536936,-36954.946193177595,-36954.946193177595,-36954.946193177595,164624.10669896024,164624.10669896024,164624.10669896024,-201579.05289213784,-201579.05289213784,-201579.05289213784,0.0,0.0,0.0,35779699.42917618
2022-08-08,35894621.67270447,15517550.515906382,48640274.85467982,35894621.67270447,35894621.67270447,-3174035.121189822,-3174035.121189822,-3174035.121189822,-2471823.0997906914,-2471823.0997906914,-2471823.0997906914,-702212.0213991308,-702212.0213991308,-702212.0213991308,0.0,0.0,0.0,32720586.55151465
2022-08-09,35920610.77181618,16167629.01489546,48407018.08082742,35920610.77181618,35920610.77181618,-3736830.2679945244,-3736830.2679945244,-3736830.2679945244,-2758137.711487037,-2758137.711487037,-2758137.711487037,-978692.5565074875,-978692.5565074875,-978692.5565074875,0.0,0.0,0.0,32183780.503821656
2022-08-10,35946599.870927885,18862676.333737534,50769094.13190023,35946599.870927885,35946599.870927885,-2384127.771624699,-2384127.771624699,-2384127.771624699,-1074276.5511814272,-1074276.5511814272,-1074276.5511814272,-1309851.2204432713,-1309851.2204432713,-1309851.2204432713,0.0,0.0,0.0,33562472.099303186
2022-08-11,35972588.970039584,18619821.286671415,51842430.688778214,35972588.970039584,35972588.970039584,-791452.3366813879,-791452.3366813879,-791452.3366813879,901994.0573757658,901994.0573757658,901994.0573757658,-1693446.3940571537,-1693446.3940571537,-1693446.3940571537,0.0,0.0,0.0,35181136.633358195
2022-08-12,35998578.0691513,18138565.833311908,51509358.02299882,35998578.0691513,35998578.0691513,-1961130.7808516622,-1961130.7808516622,-1961130.7808516622,164624.10669191775,164624.10669191775,164624.10669191775,-2125754.88754358,-2125754.88754358,-2125754.88754358,0.0,0.0,0.0,34037447.288299635
2022-08-15,36076545.3664864,13593111.430712473,47569913.31590974,36076545.3664864,36076545.3664864,-6128173.455500684,-6128173.455500684,-6128173.455500684,-2471823.0997969448,-2471823.0997969448,-2471823.0997969448,-3656350.3557037385,-3656350.3557037385,-3656350.3557037385,0.0,0.0,0.0,29948371.910985716
2022-08-16,36102534.465598114,12463568.30847956,45745097.68198596,36102534.465598114,36102534.465598114,-6976571.390053387,-6976571.390053387,-6976571.390053387,-2758137.711484695,-2758137.711484695,-2758137.711484695,-4218433.678568692,-4218433.678568692,-4218433.678568692,0.0,0.0,0.0,29125963.075544726
2022-08-17,36128523.56470981,14249394.148932386,48043148.565170154,36128523.56470981,36128523.56470981,-5865007.323610148,-5865007.323610148,-5865007.323610148,-1074276.551179263,-1074276.551179263,-1074276.551179263,-4790730.772430886,-4790730.772430886,-4790730.772430886,0.0,0.0,0.0,30263516.241099663
2022-08-18,36154512.66382152,15662109.846578967,47754697.2023389,36154512.66382152,36154512.66382152,-4460577.312244909,-4460577.312244909,-4460577.312244909,901994.0573766757,901994.0573766757,901994.0573766757,-5362571.369621584,-5362571.369621584,-5362571.369621584,0.0,0.0,0.0,31693935.35157661
2022-08-19,36180501.76293322,13184168.288787136,47381802.404164776,36180501.76293322,36180501.76293322,-5758162.684475206,-5758162.684475206,-5758162.684475206,164624.10669369792,164624.10669369792,164624.10669369792,-5922786.791168903,-5922786.791168903,-5922786.791168903,0.0,0.0,0.0,30422339.07845801
2022-08-22,36258469.060268335,10583730.128289917,42501821.269115925,36258469.060268335,36258469.060268335,-9891932.965070333,-9891932.965070333,-9891932.965070333,-2471823.0997813605,-2471823.0997813605,-2471823.0997813605,-7420109.865288973,-7420109.865288973,-7420109.865288973,0.0,0.0,0.0,26366536.095198
2022-08-23,36284458.15938003,9906346.341765666,42945633.56889077,36284458.15938003,36284458.15938003,-10579725.845682751,-10579725.845682751,-10579725.845682751,-2758137.711490858,-2758137.711490858,-2758137.711490858,-7821588.134191892,-7821588.134191892,-7821588.134191892,0.0,0.0,0.0,25704732.313697282
2022-08-24,36310447.25849174,11106942.194251632,43212158.94817714,36310447.25849174,36310447.25849174,-9231924.08069346,-9231924.08069346,-9231924.08069346,-1074276.5511770989,-1074276.5511770989,-1074276.5511770989,-8157647.529516362,-8157647.529516362,-8157647.529516362,0.0,0.0,0.0,27078523.17779828
2022-08-25,36336436.357603446,12304103.567830103,44266781.18213807,36336436.357603446,36336436.357603446,-7517895.849633658,-7517895.849633658,-7517895.849633658,901994.0573784196,901994.0573784196,901994.0573784196,-8419889.907012077,-8419889.907012077,-8419889.907012077,0.0,0.0,0.0,28818540.50796979
2022-08-26,36362425.45671515,11798117.526385881,43299793.419920325,36362425.45671515,36362425.45671515,-8436682.94180651,-8436682.94180651,-8436682.94180651,164624.10669160492,164624.10669160492,164624.10669160492,-8601307.048498116,-8601307.048498116,-8601307.048498116,0.0,0.0,0.0,27925742.51490864
2022-08-29,36440392.75405026,8252738.7633296065,42421612.23954863,36440392.75405026,36440392.75405026,-11087397.069684735,-11087397.069684735,-11087397.069684735,-2471823.0997876143,-2471823.0997876143,-2471823.0997876143,-8615573.96989712,-8615573.96989712,-8615573.96989712,0.0,0.0,0.0,25352995.684365526
2022-08-30,36466381.85316197,8334718.155650474,42313922.891598,36466381.85316197,36466381.85316197,-11196188.044295413,-11196188.044295413,-11196188.044295413,-2758137.711489439,-2758137.711489439,-2758137.711489439,-8438050.332805976,-8438050.332805976,-8438050.332805976,0.0,0.0,0.0,25270193.808866553
2022-08-31,36492370.952273674,10398004.891199533,42869420.823368356,36492370.952273674,36492370.952273674,-9245866.498280875,-9245866.498280875,-9245866.498280875,-1074276.551175918,-1074276.551175918,-1074276.551175918,-8171589.947104955,-8171589.947104955,-8171589.947104955,0.0,0.0,0.0,27246504.4539928
2022-09-01,36518360.05138537,12824936.481486311,44573693.39722106,36518360.05138537,36518360.05138537,-6918580.51875922,-6918580.51875922,-6918580.51875922,901994.0573747725,901994.0573747725,901994.0573747725,-7820574.5761339925,-7820574.5761339925,-7820574.5761339925,0.0,0.0,0.0,29599779.532626152
2022-09-02,36544349.15049708,13404524.898440816,45264819.70584038,36544349.15049708,36544349.15049708,-7226741.9947576765,-7226741.9947576765,-7226741.9947576765,164624.1066895118,164624.1066895118,164624.1066895118,-7391366.101447189,-7391366.101447189,-7391366.101447189,0.0,0.0,0.0,29317607.155739404
2022-09-06,36648305.546943896,10896830.425194595,45417807.06970473,36648305.546943896,36648305.546943896,-7839696.3271454945,-7839696.3271454945,-7839696.3271454945,-2758137.711488943,-2758137.711488943,-2758137.711488943,-5081558.615656552,-5081558.615656552,-5081558.615656552,0.0,0.0,0.0,28808609.2197984
2022-09-07,36674294.6460556,15349730.892428616,47119981.37845131,36674294.6460556,36674294.6460556,-5489939.375784717,-5489939.375784717,-5489939.375784717,-1074276.5511727699,-1074276.5511727699,-1074276.5511727699,-4415662.824611946,-4415662.824611946,-4415662.824611946,0.0,0.0,0.0,31184355.270270884
2022-09-08,36700283.74516731,17426769.96680789,50622953.46819812,36700283.74516731,36700283.74516731,-2839855.5130561027,-2839855.5130561027,-2839855.5130561027,901994.0573756822,901994.0573756822,901994.0573756822,-3741849.5704317847,-3741849.5704317847,-3741849.5704317847,0.0,0.0,0.0,33860428.23211121
2022-09-09,36726272.844279006,17317976.82036403,51221262.37508858,36726272.844279006,36726272.844279006,-2910121.2129626474,-2910121.2129626474,-2910121.2129626474,164624.10669516592,164624.10669516592,164624.10669516592,-3074745.3196578133,-3074745.3196578133,-3074745.3196578133,0.0,0.0,0.0,33816151.63131636
2022-09-12,36804240.141614124,16821701.786621623,49635137.54537681,36804240.141614124,36804240.141614124,-3729070.6663154666,-3729070.6663154666,-3729070.6663154666,-2471823.0997921797,-2471823.0997921797,-2471823.0997921797,-1257247.566523287,-1257247.566523287,-1257247.566523287,0.0,0.0,0.0,33075169.475298658
2022-09-13,36805686.55132122,17330730.777076922,48457680.09536226,36805686.55132122,36805686.55132122,-3515298.706030492,-3515298.706030492,-3515298.706030492,-2758137.711488446,-2758137.711488446,-2758137.711488446,-757160.9945420455,-757160.9945420455,-757160.9945420455,0.0,0.0,0.0,33290387.84529073
2022-09-14,36807132.96102832,19044403.430920184,52118134.30579886,36807132.96102832,36807132.96102832,-1403583.4104590197,-1403583.4104590197,-1403583.4104590197,-1074276.5511822759,-1074276.5511822759,-1074276.5511822759,-329306.85927674366,-329306.85927674366,-329306.85927674366,0.0,0.0,0.0,35403549.5505693
2022-09-15,36808579.37073543,21388773.521829616,54058374.088971056,36808579.37073543,36808579.37073543,919070.8119913384,919070.8119913384,919070.8119913384,901994.0573747306,901994.0573747306,901994.0573747306,17076.754616607777,17076.754616607777,17076.754616607777,0.0,0.0,0.0,37727650.18272677
2022-09-16,36810025.78044253,20935742.821006883,53041786.16245177,36810025.78044253,36810025.78044253,439333.9970133543,439333.9970133543,439333.9970133543,164624.10669307294,164624.10669307294,164624.10669307294,274709.89032028144,274709.89032028144,274709.89032028144,0.0,0.0,0.0,37249359.77745588
2022-09-19,36814365.009563826,18493093.29470619,51182219.4628843,36814365.009563826,36814365.009563826,-1996077.1606515325,-1996077.1606515325,-1996077.1606515325,-2471823.099779242,-2471823.099779242,-2471823.099779242,475745.93912771,475745.93912771,475745.93912771,0.0,0.0,0.0,34818287.84891229
2022-09-20,36815811.41927093,17901525.984480534,50441917.05214937,36815811.41927093,36815811.41927093,-2407107.7567945165,-2407107.7567945165,-2407107.7567945165,-2758137.711486104,-2758137.711486104,-2758137.711486104,351029.95469158725,351029.95469158725,351029.95469158725,0.0,0.0,0.0,34408703.66247641
2022-09-21,36817257.82897803,19646590.233612083,52519989.570048295,36817257.82897803,36817257.82897803,-938206.3674893915,-938206.3674893915,-938206.3674893915,-1074276.5511801117,-1074276.5511801117,-1074276.5511801117,136070.18369072012,136070.18369072012,136070.18369072012,0.0,0.0,0.0,35879051.46148864
2022-09-22,36818704.23868513,21756229.663276285,53849409.078929186,36818704.23868513,36818704.23868513,739870.3857385549,739870.3857385549,739870.3857385549,901994.0573764746,901994.0573764746,901994.0573764746,-162123.6716379197,-162123.6716379197,-162123.6716379197,0.0,0.0,0.0,37558574.62442368
2022-09-23,36820150.64839224,20077931.497717552,51611015.643552914,36820150.64839224,36820150.64839224,-369648.6178487117,-369648.6178487117,-369648.6178487117,164624.10669485322,164624.10669485322,164624.10669485322,-534272.724543565,-534272.724543565,-534272.724543565,0.0,0.0,0.0,36450502.03054353
2022-09-26,36824489.87751354,16249889.520581447,47661780.58053058,36824489.87751354,36824489.87751354,-4443758.47490608,-4443758.47490608,-4443758.47490608,-2471823.099782849,-2471823.099782849,-2471823.099782849,-1971935.3751232317,-1971935.3751232317,-1971935.3751232317,0.0,0.0,0.0,32380731.402607463
2022-09-27,36825936.28722064,15895331.351708356,48562281.851325035,36825936.28722064,36825936.28722064,-5267519.113945421,-5267519.113945421,-5267519.113945421,-2758137.7114856075,-2758137.7114856075,-2758137.7114856075,-2509381.4024598133,-2509381.4024598133,-2509381.4024598133,0.0,0.0,0.0,31558417.17327522
2022-09-28,36827382.69692775,14840918.100194398,48101495.481069714,36827382.69692775,36827382.69692775,-4122934.4988427004,-4122934.4988427004,-4122934.4988427004,-1074276.551178931,-1074276.551178931,-1074276.551178931,-3048657.94766377,-3048657.94766377,-3048657.94766377,0.0,0.0,0.0,32704448.198085047
2022-09-29,36828829.10663485,18770589.49821801,50782239.267593,36828829.10663485,36828829.10663485,-2670463.6583320247,-2670463.6583320247,-2670463.6583320247,901994.0573755231,901994.0573755231,901994.0573755231,-3572457.7157075475,-3572457.7157075475,-3572457.7157075475,0.0,0.0,0.0,34158365.44830282
2022-09-30,36830275.51634195,17768859.981581457,48950445.83143523,36830275.51634195,36830275.51634195,-3898781.4533344395,-3898781.4533344395,-3898781.4533344395,164624.1066916842,164624.1066916842,164624.1066916842,-4063405.5600261246,-4063405.5600261246,-4063405.5600261246,0.0,0.0,0.0,32931494.063007507
2022-10-03,36834614.745463245,11919018.479991022,46088626.66462593,36834614.745463245,36834614.745463245,-7644777.459356505,-7644777.459356505,-7644777.459356505,-2471823.0997838085,-2471823.0997838085,-2471823.0997838085,-5172954.359572698,-5172954.359572698,-5172954.359572698,0.0,0.0,0.0,29189837.28610674
2022-10-04,36836061.15517035,11980718.991878988,45169928.45730747,36836061.15517035,36836061.15517035,-8129751.181378754,-8129751.181378754,-8129751.181378754,-2758137.7114841887,-2758137.7114841887,-2758137.7114841887,-5371613.469894565,-5371613.469894565,-5371613.469894565,0.0,0.0,0.0,28706309.9737916
2022-10-05,36837507.56487745,12977032.152489861,47016421.11027916,36837507.56487745,36837507.56487745,-6537850.311499466,-6537850.311499466,-6537850.311499466,-1074276.5511864692,-1074276.5511864692,-1074276.5511864692,-5463573.760312997,-5463573.760312997,-5463573.760312997,0.0,0.0,0.0,30299657.253377985
2022-10-06,36838953.97458455,15926918.331862599,49623718.73280792,36838953.97458455,36838953.97458455,-4537228.503512931,-4537228.503512931,-4537228.503512931,901994.057377267,901994.057377267,901994.057377267,-5439222.560890198,-5439222.560890198,-5439222.560890198,0.0,0.0,0.0,32301725.47107162
2022-10-07,36840400.38429166,15839658.669235708,47675359.21171608,36840400.38429166,36840400.38429166,-5126732.323639068,-5126732.323639068,-5126732.323639068,164624.10669346483,164624.10669346483,164624.10669346483,-5291356.430332533,-5291356.430332533,-5291356.430332533,0.0,0.0,0.0,31713668.060652588
2022-10-10,36844739.61341296,13668653.386011893,46511386.40316216,36844739.61341296,36844739.61341296,-6546391.42344765,-6546391.42344765,-6546391.42344765,-2471823.0997874145,-2471823.0997874145,-2471823.0997874145,-4074568.3236602354,-4074568.3236602354,-4074568.3236602354,0.0,0.0,0.0,30298348.18996531
2022-10-11,36846186.02312006,14773614.891198546,46984146.122936584,36846186.02312006,36846186.02312006,-6172697.343210462,-6172697.343210462,-6172697.343210462,-2758137.7114894288,-2758137.7114894288,-2758137.7114894288,-3414559.631721033,-3414559.631721033,-3414559.631721033,0.0,0.0,0.0,30673488.679909598
2022-10-12,36847632.43282717,16824856.176670678,49900331.104285836,36847632.43282717,36847632.43282717,-3710347.076351024,-3710347.076351024,-3710347.076351024,-1074276.5511843048,-1074276.5511843048,-1074276.5511843048,-2636070.5251667197,-2636070.5251667197,-2636070.5251667197,0.0,0.0,0.0,33137285.356476143
2022-10-13,36849078.84253427,19139401.738628447,51683630.923506156,36849078.84253427,36849078.84253427,-846439.4886241695,-846439.4886241695,-846439.4886241695,901994.0573736198,901994.0573736198,901994.0573736198,-1748433.5459977891,-1748433.5459977891,-1748433.5459977891,0.0,0.0,0.0,36002639.353910096
2022-10-14,36850525.252241366,20377469.497140646,51707917.368161015,36850525.252241366,36850525.252241366,-598877.0382390998,-598877.0382390998,-598877.0382390998,164624.10669137182,164624.10669137182,164624.10669137182,-763501.1449304715,-763501.1449304715,-763501.1449304715,0.0,0.0,0.0,36251648.21400227
2022-10-17,36854864.48136267,20579737.749815576,53341661.18550656,36854864.48136267,36854864.48136267,152072.24596833327,152072.24596833327,152072.24596833327,-2471823.0997883747,-2471823.0997883747,-2471823.0997883747,2623895.3457567077,2623895.3457567077,2623895.3457567077,0.0,0.0,0.0,37006936.727331005
2022-10-18,36856310.89106977,19743805.142693292,54356631.244936265,36856310.89106977,36856310.89106977,1079979.2757332819,1079979.2757332819,1079979.2757332819,-2758137.711488009,-2758137.711488009,-2758137.711488009,3838116.987221291,3838116.987221291,3838116.987221291,0.0,0.0,0.0,37936290.166803055
2022-10-19,36857757.30077687,24392688.103161793,57419068.83061316,36857757.30077687,36857757.30077687,3987954.4359172895,3987954.4359172895,3987954.4359172895,-1074276.5511821408,-1074276.5511821408,-1074276.5511821408,5062230.9870994305,5062230.9870994305,5062230.9870994305,0.0,0.0,0.0,40845711.73669416
2022-10-20,36859203.71048397,28213334.115802806,61538354.46964313,36859203.71048397,36859203.71048397,7177617.634618326,7177617.634618326,7177617.634618326,901994.0573753637,901994.0573753637,901994.0573753637,6275623.577242962,6275623.577242962,6275623.577242962,0.0,0.0,0.0,44036821.345102295
2022-10-21,36860650.120191075,27651797.397910316,59732746.10236235,36860650.120191075,36860650.120191075,7622211.594915447,7622211.594915447,7622211.594915447,164624.106693152,164624.106693152,164624.106693152,7457587.4882222945,7457587.4882222945,7457587.4882222945,0.0,0.0,0.0,44482861.715106525
2022-10-24,36864989.34931238,29113660.698452022,61939795.750125274,36864989.34931238,36864989.34931238,8143484.690107903,8143484.690107903,8143484.690107903,-2471823.099794628,-2471823.099794628,-2471823.099794628,10615307.789902532,10615307.789902532,10615307.789902532,0.0,0.0,0.0,45008474.039420284
2022-10-25,36866435.75901948,29311455.011430956,61463268.2308023,36866435.75901948,36866435.75901948,8719146.062636703,8719146.062636703,8719146.062636703,-2758137.711487513,-2758137.711487513,-2758137.711487513,11477283.774124214,11477283.774124214,11477283.774124214,0.0,0.0,0.0,45585581.82165618
2022-10-26,36867882.168726586,30963428.35834331,63226304.29232761,36867882.168726586,36867882.168726586,11143046.4389316,11143046.4389316,11143046.4389316,-1074276.5511809601,-1074276.5511809601,-1074276.5511809601,12217322.990112558,12217322.990112558,12217322.990112558,0.0,0.0,0.0,48010928.607658185
2022-10-27,36869328.578433685,35358718.697042875,67720054.24582936,36869328.578433685,36869328.578433685,13724499.214193067,13724499.214193067,13724499.214193067,901994.0573762736,901994.0573762736,901994.0573762736,12822505.156816792,12822505.156816792,12822505.156816792,0.0,0.0,0.0,50593827.79262675
2022-10-28,36870774.988140784,34937366.24096412,67442996.41892947,36870774.988140784,36870774.988140784,13446949.164292132,13446949.164292132,13446949.164292132,164624.1066910594,164624.1066910594,164624.1066910594,13282325.057601072,13282325.057601072,13282325.057601072,0.0,0.0,0.0,50317724.15243292
2022-10-31,36875114.21726209,30849146.278122067,65175181.7925649,36875114.21726209,36875114.21726209,11252729.392586438,11252729.392586438,11252729.392586438,-2471823.099795588,-2471823.099795588,-2471823.099795588,13724552.492382025,13724552.492382025,13724552.492382025,0.0,0.0,0.0,48127843.60984853
2022-11-01,36876560.626969196,31337939.046607178,64336319.55004803,36876560.626969196,36876560.626969196,10793774.73694066,10793774.73694066,10793774.73694066,-2758137.71149183,-2758137.71149183,-2758137.71149183,13551912.448432488,13551912.448432488,13551912.448432488,0.0,0.0,0.0,47670335.363909855
2022-11-02,36878007.036676295,32649034.37433912,66066001.336584784,36878007.036676295,36878007.036676295,12148256.145222485,12148256.145222485,12148256.145222485,-1074276.5511797797,-1074276.5511797797,-1074276.5511797797,13222532.696402265,13222532.696402265,13222532.696402265,0.0,0.0,0.0,49026263.18189878
2022-11-03,36879453.446383394,33990347.135699086,66815619.3533818,36879453.446383394,36879453.446383394,13644523.022555161,13644523.022555161,13644523.022555161,901994.057375322,901994.057375322,901994.057375322,12742528.965179838,12742528.965179838,12742528.965179838,0.0,0.0,0.0,50523976.46893856
2022-11-04,36880899.85609049,32609797.22236644,65113840.857236885,36880899.85609049,36880899.85609049,12285220.039715964,12285220.039715964,12285220.039715964,164624.1066967134,164624.1066967134,164624.1066967134,12120595.93301925,12120595.93301925,12120595.93301925,0.0,0.0,0.0,49166119.89580646
2022-11-07,36885239.08521179,27925147.73486076,60940780.03767813,36885239.08521179,36885239.08521179,7052490.803473512,7052490.803473512,7052490.803473512,-2471823.09978265,-2471823.09978265,-2471823.09978265,9524313.903256161,9524313.903256161,9524313.903256161,0.0,0.0,0.0,43937729.8886853
2022-11-08,36841179.06471736,26523453.751767572,59482920.831966266,36841179.06471736,36841179.06471736,5707094.205167072,5707094.205167072,5707094.205167072,-2758137.7114913333,-2758137.7114913333,-2758137.7114913333,8465231.916658405,8465231.916658405,8465231.916658405,0.0,0.0,0.0,42548273.26988443
2022-11-09,36797119.04422293,26929148.372191537,59951509.89011121,36797119.04422293,36797119.04422293,6263593.371972728,6263593.371972728,6263593.371972728,-1074276.5511776153,-1074276.5511776153,-1074276.5511776153,7337869.923150342,7337869.923150342,7337869.923150342,0.0,0.0,0.0,43060712.41619565
2022-11-10,36753059.02372848,27740962.774849102,61243023.223637,36753059.02372848,36753059.02372848,7062793.379956689,7062793.379956689,7062793.379956689,901994.0573743704,901994.0573743704,901994.0573743704,6160799.3225823175,6160799.3225823175,6160799.3225823175,0.0,0.0,0.0,43815852.40368517
2022-11-11,36708999.00323406,24465325.186013855,57129157.486074366,36708999.00323406,36708999.00323406,5117662.722814478,5117662.722814478,5117662.722814478,164624.1066946201,164624.1066946201,164624.1066946201,4953038.616119858,4953038.616119858,4953038.616119858,0.0,0.0,0.0,41826661.72604854
2022-11-14,36576818.94175076,19164947.005284574,52522208.29663938,36576818.94175076,36576818.94175076,-1137082.1349587357,-1137082.1349587357,-1137082.1349587357,-2471823.099786257,-2471823.099786257,-2471823.099786257,1334740.964827521,1334740.964827521,1334740.964827521,0.0,0.0,0.0,35439736.80679202
2022-11-15,36532758.921256326,18509360.46261522,50216625.429803625,36532758.921256326,36532758.921256326,-2567631.915067652,-2567631.915067652,-2567631.915067652,-2758137.711488991,-2758137.711488991,-2758137.711488991,190505.79642133956,190505.79642133956,190505.79642133956,0.0,0.0,0.0,33965127.006188676
2022-11-16,36488698.900761895,18414335.34516619,51317516.92111363,36488698.900761895,36488698.900761895,-1969540.6525706486,-1969540.6525706486,-1969540.6525706486,-1074276.5511754511,-1074276.5511754511,-1074276.5511754511,-895264.1013951978,-895264.1013951978,-895264.1013951978,0.0,0.0,0.0,34519158.248191245
2022-11-17,36444638.880267456,20132096.434616286,52010086.0660016,36444638.880267456,36444638.880267456,-1006205.0787581255,-1006205.0787581255,-1006205.0787581255,901994.0573761143,901994.0573761143,901994.0573761143,-1908199.1361342398,-1908199.1361342398,-1908199.1361342398,0.0,0.0,0.0,35438433.80150933
2022-11-18,36400578.859773025,17691076.459944595,48696175.39264231,36400578.859773025,36400578.859773025,-2671079.6700483146,-2671079.6700483146,-2671079.6700483146,164624.10669532424,164624.10669532424,164624.10669532424,-2835703.776743639,-2835703.776743639,-2835703.776743639,0.0,0.0,0.0,33729499.18972471
2022-11-21,36268398.79828973,12364280.581819553,44907244.81156129,36268398.79828973,36268398.79828973,-7481769.621225523,-7481769.621225523,-7481769.621225523,-2471823.0997898635,-2471823.0997898635,-2471823.0997898635,-5009946.521435659,-5009946.521435659,-5009946.521435659,0.0,0.0,0.0,28786629.17706421
2022-11-22,36224338.77779529,12358740.906569136,45205688.660107434,36224338.77779529,36224338.77779529,-8269063.345791267,-8269063.345791267,-8269063.345791267,-2758137.7114884946,-2758137.7114884946,-2758137.7114884946,-5510925.634302772,-5510925.634302772,-5510925.634302772,0.0,0.0,0.0,27955275.432004027
2022-11-23,36180278.75730087,12001051.267829554,45791799.01033228,36180278.75730087,36180278.75730087,-6969415.549456171,-6969415.549456171,-6969415.549456171,-1074276.551183973,-1074276.551183973,-1074276.551183973,-5895138.998272197,-5895138.998272197,-5895138.998272197,0.0,0.0,0.0,29210863.207844697
2022-11-25,36092158.716312,14082037.592244932,46034145.171601675,36092158.716312,36092158.716312,-6152493.294848769,-6152493.294848769,-6152493.294848769,164624.1066932316,164624.1066932316,164624.1066932316,-6317117.4015420005,-6317117.4015420005,-6317117.4015420005,0.0,0.0,0.0,29939665.42146323
2022-11-28,35959978.654828705,10881977.294224417,43850141.880057655,35959978.654828705,35959978.654828705,-8623691.577614166,-8623691.577614166,-8623691.577614166,-2471823.0997769255,-2471823.0997769255,-2471823.0997769255,-6151868.477837239,-6151868.477837239,-6151868.477837239,0.0,0.0,0.0,27336287.07721454
2022-11-29,35915918.63433426,10082952.668233892,43785468.833168045,35915918.63433426,35915918.63433426,-8672645.187996399,-8672645.187996399,-8672645.187996399,-2758137.7114870762,-2758137.7114870762,-2758137.7114870762,-5914507.476509323,-5914507.476509323,-5914507.476509323,0.0,0.0,0.0,27243273.44633786
2022-11-30,35871858.613839835,11490658.462605853,44346114.971858144,35871858.613839835,35871858.613839835,-6677277.219558981,-6677277.219558981,-6677277.219558981,-1074276.5511827923,-1074276.5511827923,-1074276.5511827923,-5603000.66837619,-5603000.66837619,-5603000.66837619,0.0,0.0,0.0,29194581.394280855
2022-12-01,35827798.593345396,15162362.9066488,48786492.50246924,35827798.593345396,35827798.593345396,-4327173.626057057,-4327173.626057057,-4327173.626057057,901994.0573769067,901994.0573769067,901994.0573769067,-5229167.683433963,-5229167.683433963,-5229167.683433963,0.0,0.0,0.0,31500624.967288338
2022-12-02,35783738.572850965,15580003.32462751,47788861.38057772,35783738.572850965,35783738.572850965,-4640929.529711421,-4640929.529711421,-4640929.529711421,164624.10669501228,164624.10669501228,164624.10669501228,-4805553.636406433,-4805553.636406433,-4805553.636406433,0.0,0.0,0.0,31142809.043139543
2022-12-05,35651558.51136767,14039072.501442896,44680985.30682358,35651558.51136767,35651558.51136767,-5838675.296527509,-5838675.296527509,-5838675.296527509,-2471823.0997805316,-2471823.0997805316,-2471823.0997805316,-3366852.196746977,-3366852.196746977,-3366852.196746977,0.0,0.0,0.0,29812883.214840163
2022-12-06,35607498.49087323,14619363.06639847,45923430.01455832,35607498.49087323,35607498.49087323,-5633070.509722861,-5633070.509722861,-5633070.509722861,-2758137.71148658,-2758137.71148658,-2758137.71148658,-2874932.7982362816,-2874932.7982362816,-2874932.7982362816,0.0,0.0,0.0,29974427.98115037
2022-12-07,35563438.4703788,15349506.976762794,50061621.341811866,35563438.4703788,35563438.4703788,-3472055.7440296747,-3472055.7440296747,-3472055.7440296747,-1074276.5511796447,-1074276.5511796447,-1074276.5511796447,-2397779.19285003,-2397779.19285003,-2397779.19285003,0.0,0.0,0.0,32091382.726349127
2022-12-08,35519378.44988438,18323261.39428347,52116029.688904926,35519378.44988438,35519378.44988438,-1044976.9021861743,-1044976.9021861743,-1044976.9021861743,901994.0573759552,901994.0573759552,901994.0573759552,-1946970.9595621293,-1946970.9595621293,-1946970.9595621293,0.0,0.0,0.0,34474401.5476982
2022-12-09,35475318.42938994,17288034.214128673,50817806.78918076,35475318.42938994,35475318.42938994,-1368529.2784027336,-1368529.2784027336,-1368529.2784027336,164624.10669184278,164624.10669184278,164624.10669184278,-1533153.3850945765,-1533153.3850945765,-1533153.3850945765,0.0,0.0,0.0,34106789.15098721
2022-12-12,35343138.367906645,17219847.18201121,49464659.883212864,35343138.367906645,35343138.367906645,-3074572.1766778966,-3074572.1766778966,-3074572.1766778966,-2471823.0997814913,-2471823.0997814913,-2471823.0997814913,-602749.0768964052,-602749.0768964052,-602749.0768964052,0.0,0.0,0.0,32268566.191228747
2022-12-13,35299078.347412206,14525493.438162401,48071608.232976094,35299078.347412206,35299078.347412206,-3177486.801920158,-3177486.801920158,-3177486.801920158,-2758137.71148516,-2758137.71148516,-2758137.71148516,-419349.0904349977,-419349.0904349977,-419349.0904349977,0.0,0.0,0.0,32121591.54549205
2022-12-14,35255018.326917775,17967576.22346227,49075996.030979216,35255018.326917775,35255018.326917775,-1381488.0831786927,-1381488.0831786927,-1381488.0831786927,-1074276.551178464,-1074276.551178464,-1074276.551178464,-307211.5320002287,-307211.5320002287,-307211.5320002287,0.0,0.0,0.0,33873530.24373908
2022-12-15,35210958.30642334,19638702.701831106,52793253.46097191,35210958.30642334,35210958.30642334,633206.1837693726,633206.1837693726,633206.1837693726,901994.0573741694,901994.0573741694,901994.0573741694,-268787.87360479665,-268787.87360479665,-268787.87360479665,0.0,0.0,0.0,35844164.49019272
2022-12-16,35166898.28592891,18393015.2038585,52750202.179604225,35166898.28592891,35166898.28592891,-140360.440872816,-140360.440872816,-140360.440872816,164624.1066936235,164624.1066936235,164624.1066936235,-304984.5475664395,-304984.5475664395,-304984.5475664395,0.0,0.0,0.0,35026537.845056094
2022-12-19,35034718.224445604,15109003.457959844,47609668.03019934,35034718.224445604,35034718.224445604,-3319564.235020723,-3319564.235020723,-3319564.235020723,-2471823.0997877447,-2471823.0997877447,-2471823.0997877447,-847741.1352329783,-847741.1352329783,-847741.1352329783,0.0,0.0,0.0,31715153.98942488
2022-12-20,34990658.20395117,14439338.250364795,48558389.52949031,34990658.20395117,34990658.20395117,-3919856.91958648,-3919856.91958648,-3919856.91958648,-2758137.7114904,-2758137.7114904,-2758137.7114904,-1161719.2080960802,-1161719.2080960802,-1161719.2080960802,0.0,0.0,0.0,31070801.284364693
2022-12-21,34946598.18345674,15522005.309806895,48462301.51618471,34946598.18345674,34946598.18345674,-2607390.787475571,-2607390.787475571,-2607390.787475571,-1074276.5511762998,-1074276.5511762998,-1074276.5511762998,-1533114.2362992715,-1533114.2362992715,-1533114.2362992715,0.0,0.0,0.0,32339207.39598117
2022-12-22,34902538.16296231,17707042.394452903,50998729.36110126,34902538.16296231,34902538.16296231,-1052718.906204159,-1052718.906204159,-1052718.906204159,901994.0573759134,901994.0573759134,901994.0573759134,-1954712.9635800722,-1954712.9635800722,-1954712.9635800722,0.0,0.0,0.0,33849819.25675815
2022-12-23,34858478.14246788,16404530.433269283,49266118.2945025,34858478.14246788,34858478.14246788,-2253689.860545695,-2253689.860545695,-2253689.860545695,164624.10669153044,164624.10669153044,164624.10669153044,-2418313.9672372253,-2418313.9672372253,-2418313.9672372253,0.0,0.0,0.0,32604788.281922184
2022-12-27,34682238.06049015,10333482.540930044,44848205.51726728,34682238.06049015,34682238.06049015,-7260378.201818393,-7260378.201818393,-7260378.201818393,-2758137.711488981,-2758137.711488981,-2758137.711488981,-4502240.490329411,-4502240.490329411,-4502240.490329411,0.0,0.0,0.0,27421859.858671755
2022-12-28,34638178.039995715,12483763.173872355,44990523.54976236,34638178.039995715,34638178.039995715,-6102810.634071582,-6102810.634071582,-6102810.634071582,-1074276.5511751191,-1074276.5511751191,-1074276.5511751191,-5028534.082896464,-5028534.082896464,-5028534.082896464,0.0,0.0,0.0,28535367.405924134
2022-12-29,34594118.019501284,14661868.623898001,46682851.064621784,34594118.019501284,34594118.019501284,-4633257.566726382,-4633257.566726382,-4633257.566726382,901994.0573749617,901994.0573749617,901994.0573749617,-5535251.624101344,-5535251.624101344,-5535251.624101344,0.0,0.0,0.0,29960860.4527749
2022-12-30,34550057.999006845,13391259.262676384,45694457.535423,34550057.999006845,34550057.999006845,-5846939.933618096,-5846939.933618096,-5846939.933618096,164624.1066971844,164624.1066971844,164624.1066971844,-6011564.040315281,-6011564.040315281,-6011564.040315281,0.0,0.0,0.0,28703118.06538875
2023-01-03,34373817.91702912,7420739.732249586,40271689.1720663,34373817.91702912,34373817.91702912,-10167076.88373201,-10167076.88373201,-10167076.88373201,-2758137.711488485,-2758137.711488485,-2758137.711488485,-7408939.172243524,-7408939.172243524,-7408939.172243524,0.0,0.0,0.0,24206741.03329711
2023-01-04,34329757.89653469,9145821.791366857,41383396.54335757,34329757.89653469,34329757.89653469,-8659937.691745961,-8659937.691745961,-8659937.691745961,-1074276.5511729547,-1074276.5511729547,-1074276.5511729547,-7585661.140573007,-7585661.140573007,-7585661.140573007,0.0,0.0,0.0,25669820.20478873
2023-01-05,34285697.87604025,12499025.823234824,43416500.839805365,34285697.87604025,34285697.87604025,-6775983.887206772,-6775983.887206772,-6775983.887206772,901994.0573785669,901994.0573785669,901994.0573785669,-7677977.944585339,-7677977.944585339,-7677977.944585339,0.0,0.0,0.0,27509713.98883348
2023-01-06,34241637.8467638,10217412.316759972,44180683.144644,34241637.8467638,34241637.8467638,-7515392.393523723,-7515392.393523723,-7515392.393523723,164624.106695091,164624.106695091,164624.106695091,-7680016.500218813,-7680016.500218813,-7680016.500218813,0.0,0.0,0.0,26726245.453240074
2023-01-09,34109457.75893446,7362239.920252944,41236149.54597286,34109457.75893446,34109457.75893446,-9576162.690362714,-9576162.690362714,-9576162.690362714,-2471823.0997932707,-2471823.0997932707,-2471823.0997932707,-7104339.590569444,-7104339.590569444,-7104339.590569444,0.0,0.0,0.0,24533295.068571746
2023-01-10,34065397.72965802,8410816.906592738,41268528.40227335,34065397.72965802,34065397.72965802,-9470033.375205351,-9470033.375205351,-9470033.375205351,-2758137.7114861426,-2758137.7114861426,-2758137.7114861426,-6711895.663719209,-6711895.663719209,-6711895.663719209,0.0,0.0,0.0,24595364.35445267
2023-01-11,34021337.70038157,11429911.784574755,43469114.497108854,34021337.70038157,34021337.70038157,-7293718.011527043,-7293718.011527043,-7293718.011527043,-1074276.5511804929,-1074276.5511804929,-1074276.5511804929,-6219441.46034655,-6219441.46034655,-6219441.46034655,0.0,0.0,0.0,26727619.688854527
2023-01-12,33977277.671105124,11792428.117674734,45323767.52348361,33977277.671105124,33977277.671105124,-4727356.884923762,-4727356.884923762,-4727356.884923762,901994.0573749199,901994.0573749199,901994.0573749199,-5629350.9422986815,-5629350.9422986815,-5629350.9422986815,0.0,0.0,0.0,29249920.78618136
2023-01-13,33933217.64182868,12533866.903121732,45510517.73543109,33933217.64182868,33933217.64182868,-4780860.108851159,-4780860.108851159,-4780860.108851159,164624.10669299815,164624.10669299815,164624.10669299815,-4945484.215544157,-4945484.215544157,-4945484.215544157,0.0,0.0,0.0,29152357.53297752
2023-01-17,33756977.524722904,13656194.342640538,46395890.56960168,33756977.524722904,33756977.524722904,-4157841.1764168227,-4157841.1764168227,-4157841.1764168227,-2758137.711485646,-2758137.711485646,-2758137.711485646,-1399703.464931177,-1399703.464931177,-1399703.464931177,0.0,0.0,0.0,29599136.348306082
2023-01-18,33712917.49544645,17084014.230975665,48696500.23814155,33712917.49544645,33712917.49544645,-1428476.7129334116,-1428476.7129334116,-1428476.7129334116,-1074276.551178329,-1074276.551178329,-1074276.551178329,-354200.1617550827,-354200.1617550827,-354200.1617550827,0.0,0.0,0.0,32284440.78251304
2023-01-19,33668857.46617001,19298632.521943044,50936999.186031766,33668857.46617001,33668857.46617001,1635395.6540302115,1635395.6540302115,1635395.6540302115,901994.057376664,901994.057376664,901994.057376664,733401.5966535476,733401.5966535476,733401.5966535476,0.0,0.0,0.0,35304253.120200224
2023-01-20,33624797.43689356,18572622.805809293,52525406.28161659,33624797.43689356,33624797.43689356,2015268.777348768,2015268.777348768,2015268.777348768,164624.10669477904,164624.10669477904,164624.10669477904,1850644.6706539893,1850644.6706539893,1850644.6706539893,0.0,0.0,0.0,35640066.214242324
2023-01-23,33492617.349064223,19899509.613056384,52864369.527464084,33492617.349064223,33492617.349064223,2774278.261087066,2774278.261087066,2774278.261087066,-2471823.09978394,-2471823.09978394,-2471823.09978394,5246101.360871006,5246101.360871006,5246101.360871006,0.0,0.0,0.0,36266895.61015129
2023-01-24,33448557.319787778,20599473.291491404,52787568.80004866,33448557.319787778,33448557.319787778,3587843.426665281,3587843.426665281,3587843.426665281,-2758137.7114851503,-2758137.7114851503,-2758137.7114851503,6345981.138150431,6345981.138150431,6345981.138150431,0.0,0.0,0.0,37036400.74645306
2023-01-25,33404497.290511325,24061082.970403437,55898698.76038962,33404497.290511325,33404497.290511325,6332198.415561314,6332198.415561314,6332198.415561314,-1074276.5511771485,-1074276.5511771485,-1074276.5511771485,7406474.966738462,7406474.966738462,7406474.966738462,0.0,0.0,0.0,39736695.706072636
2023-01-26,33360437.261234887,26911393.848486055,58828855.078107886,33360437.261234887,33360437.261234887,9315902.000893412,9315902.000893412,9315902.000893412,901994.0573757123,901994.0573757123,901994.0573757123,8413907.9435177,8413907.9435177,8413907.9435177,0.0,0.0,0.0,42676339.2621283
2023-01-27,33316377.23195844,26258699.707754347,59246657.42606552,33316377.23195844,33316377.23195844,9519799.47591812,9519799.47591812,9519799.47591812,164624.10668773606,164624.10668773606,164624.10668773606,9355175.369230384,9355175.369230384,9355175.369230384,0.0,0.0,0.0,42836176.70787656
2023-01-30,33184197.1441291,26272479.43605127,58790329.15419766,33184197.1441291,33184197.1441291,9192373.480216365,9192373.480216365,9192373.480216365,-2471823.099784899,-2471823.099784899,-2471823.099784899,11664196.580001263,11664196.580001263,11664196.580001263,0.0,0.0,0.0,42376570.62434547
2023-01-31,33140137.114852656,25758298.958707877,60197565.11071281,33140137.114852656,33140137.114852656,9470775.16498989,9470775.16498989,9470775.16498989,-2758137.7114837314,-2758137.7114837314,-2758137.7114837314,12228912.87647362,12228912.87647362,12228912.87647362,0.0,0.0,0.0,42610912.27984255
2023-02-01,33096077.08557621,29035088.2432647,61785805.536027655,33096077.08557621,33096077.08557621,11603809.697719818,11603809.697719818,11603809.697719818,-1074276.5511856703,-1074276.5511856703,-1074276.5511856703,12678086.248905485,12678086.248905485,12678086.248905485,0.0,0.0,0.0,44699886.78329603
2023-02-02,33052017.056299765,29649230.275605496,61616440.54528003,33052017.056299765,33052017.056299765,13908385.557784803,13908385.557784803,13908385.557784803,901994.0573747607,901994.0573747607,901994.0573747607,13006391.50041004,13006391.50041004,13006391.50041004,0.0,0.0,0.0,46960402.61408457
2023-02-03,33007957.027023327,30791682.787849233,62384890.372769535,33007957.027023327,33007957.027023327,13374983.12607988,13374983.12607988,13374983.12607988,164624.10669338985,164624.10669338985,164624.10669338985,13210359.01938649,13210359.01938649,13210359.01938649,0.0,0.0,0.0,46382940.1531032
2023-02-06,32875776.939193975,26177681.846956164,58309720.971586965,32875776.939193975,32875776.939193975,10599152.734467277,10599152.734467277,10599152.734467277,-2471823.099788506,-2471823.099788506,-2471823.099788506,13070975.834255785,13070975.834255785,13070975.834255785,0.0,0.0,0.0,43474929.673661254
2023-02-07,32831716.909917537,26963645.325825,59531003.72435588,32831716.909917537,32831716.909917537,10024210.446868444,10024210.446868444,10024210.446868444,-2758137.711489894,-2758137.711489894,-2758137.711489894,12782348.158358337,12782348.158358337,12782348.158358337,0.0,0.0,0.0,42855927.35678598
2023-02-08,32787656.880641088,28014012.19718207,60647626.522629224,32787656.880641088,32787656.880641088,11307424.85043878,11307424.85043878,11307424.85043878,-1074276.5511844896,-1074276.5511844896,-1074276.5511844896,12381701.40162327,12381701.40162327,12381701.40162327,0.0,0.0,0.0,44095081.73107987
2023-02-09,32743596.851364642,29013296.8459096,61504621.8165237,32743596.851364642,32743596.851364642,12779275.559897559,12779275.559897559,12779275.559897559,901994.0573738092,901994.0573738092,901994.0573738092,11877281.50252375,11877281.50252375,11877281.50252375,0.0,0.0,0.0,45522872.4112622
2023-02-10,32699536.8220882,26705740.09099902,60494919.65350568,32699536.8220882,32699536.8220882,11443657.222616024,11443657.222616024,11443657.222616024,164624.10669129685,164624.10669129685,164624.10669129685,11279033.115924727,11279033.115924727,11279033.115924727,0.0,0.0,0.0,44143194.04470423
2023-02-13,32567356.734258853,23544062.54315285,55433056.90122074,32567356.734258853,32567356.734258853,6570582.132329685,6570582.132329685,6570582.132329685,-2471823.0997921126,-2471823.0997921126,-2471823.0997921126,9042405.232121797,9042405.232121797,9042405.232121797,0.0,0.0,0.0,39137938.86658854
2023-02-14,32523296.704982415,21164047.78657588,55042288.293962575,32523296.704982415,32523296.704982415,5437437.832878417,5437437.832878417,5437437.832878417,-2758137.7114866287,-2758137.7114866287,-2758137.7114866287,8195575.544365046,8195575.544365046,8195575.544365046,0.0,0.0,0.0,37960734.53786083
2023-02-15,32479236.67570597,21812009.930315416,54550595.00043704,32479236.67570597,32479236.67570597,6248746.570010214,6248746.570010214,6248746.570010214,-1074276.5511813418,-1074276.5511813418,-1074276.5511813418,7323023.121191556,7323023.121191556,7323023.121191556,0.0,0.0,0.0,38727983.245716184
2023-02-16,32435176.646429524,23682585.219146073,56488678.72117504,32435176.646429524,32435176.646429524,7342247.521455035,7342247.521455035,7342247.521455035,901994.0573755531,901994.0573755531,901994.0573755531,6440253.464079482,6440253.464079482,6440253.464079482,0.0,0.0,0.0,39777424.16788456
2023-02-17,32391116.61715308,20993106.75507055,53615578.00497312,32391116.61715308,32391116.61715308,5727344.1561975395,5727344.1561975395,5727344.1561975395,164624.1066930779,164624.1066930779,164624.1066930779,5562720.049504462,5562720.049504462,5562720.049504462,0.0,0.0,0.0,38118460.77335062
2023-02-21,32214876.500047293,14989746.808653915,49119123.66449098,32214876.500047293,32214876.500047293,-362891.2309824003,-362891.2309824003,-362891.2309824003,-2758137.7114861323,-2758137.7114861323,-2758137.7114861323,2395246.4805037323,2395246.4805037323,2395246.4805037323,0.0,0.0,0.0,31851985.269064892
2023-02-22,32170816.470770855,16030612.789369188,50010053.335150674,32170816.470770855,32170816.470770855,678623.2389492039,678623.2389492039,678623.2389492039,-1074276.5511801613,-1074276.5511801613,-1074276.5511801613,1752899.7901293654,1752899.7901293654,1752899.7901293654,0.0,0.0,0.0,32849439.70972006
2023-02-23,32126756.4414944,18714962.40468365,52470756.23409114,32126756.4414944,32126756.4414944,2092964.6351565314,2092964.6351565314,2092964.6351565314,901994.0573764628,901994.0573764628,901994.0573764628,1190970.5777800684,1190970.5777800684,1190970.5777800684,0.0,0.0,0.0,34219721.07665093
2023-02-24,32082696.412217956,16860609.392360974,49567354.89332771,32082696.412217956,32082696.412217956,881314.9001161815,881314.9001161815,881314.9001161815,164624.1066899084,164624.1066899084,164624.1066899084,716690.793426273,716690.793426273,716690.793426273,0.0,0.0,0.0,32964011.31233414
2023-02-27,31950516.324388612,13580386.852155201,45836384.187893204,31950516.324388612,31950516.324388612,-2610549.9815537403,-2610549.9815537403,-2610549.9815537403,-2471823.0997966784,-2471823.0997966784,-2471823.0997966784,-138726.88175706152,-138726.88175706152,-138726.88175706152,0.0,0.0,0.0,29339966.34283487
2023-02-28,31906456.29511217,13086615.33270399,45649080.84813771,31906456.29511217,31906456.29511217,-2989767.996285254,-2989767.996285254,-2989767.996285254,-2758137.711491372,-2758137.711491372,-2758137.711491372,-231630.28479388173,-231630.28479388173,-231630.28479388173,0.0,0.0,0.0,28916688.298826918
2023-03-01,31862396.26583573,13449981.331363179,46211222.36639083,31862396.26583573,31862396.26583573,-1306536.761673831,-1306536.761673831,-1306536.761673831,-1074276.5511789809,-1074276.5511789809,-1074276.5511789809,-232260.21049485,-232260.21049485,-232260.21049485,0.0,0.0,0.0,30555859.504161898
2023-03-02,31818336.23655928,17185064.61597727,49407847.52553189,31818336.23655928,31818336.23655928,755959.5526182131,755959.5526182131,755959.5526182131,901994.0573782068,901994.0573782068,901994.0573782068,-146034.50475999364,-146034.50475999364,-146034.50475999364,0.0,0.0,0.0,32574295.789177492
2023-03-03,31774276.207282834,15810903.816372884,47568799.7147259,31774276.207282834,31774276.207282834,184349.94632038628,184349.94632038628,184349.94632038628,164624.10669168853,164624.10669168853,164624.10669168853,19725.83962869774,19725.83962869774,19725.83962869774,0.0,0.0,0.0,31958626.15360322
2023-03-06,31642096.119453516,13624209.735748274,45722783.287004836,31642096.119453516,31642096.119453516,-1575284.0518233401,-1575284.0518233401,-1575284.0518233401,-2471823.099783741,-2471823.099783741,-2471823.099783741,896539.0479604009,896539.0479604009,896539.0479604009,0.0,0.0,0.0,30066812.067630176
2023-03-07,31598036.085819762,13288740.96666614,44787241.43977716,31598036.085819762,31598036.085819762,-1481826.0075965654,-1481826.0075965654,-1481826.0075965654,-2758137.711490876,-2758137.711490876,-2758137.711490876,1276311.7038943106,1276311.7038943106,1276311.7038943106,0.0,0.0,0.0,30116210.0782232
2023-03-08,31553976.052186012,16281752.867152259,48428799.93239509,31553976.052186012,31553976.052186012,603819.9859071265,603819.9859071265,603819.9859071265,-1074276.5511758323,-1074276.5511758323,-1074276.5511758323,1678096.537082959,1678096.537082959,1678096.537082959,0.0,0.0,0.0,32157796.03809314
2023-03-09,31509916.01855226,18283372.786052283,51325437.34944118,31509916.01855226,31509916.01855226,2990158.7444411777,2990158.7444411777,2990158.7444411777,901994.0573745597,901994.0573745597,901994.0573745597,2088164.6870666181,2088164.6870666181,2088164.6870666181,0.0,0.0,0.0,34500074.76299344
2023-03-10,31465855.98491851,19201522.624043714,52000118.7280711,31465855.98491851,31465855.98491851,2657413.4271724913,2657413.4271724913,2657413.4271724913,164624.1066934691,164624.1066934691,164624.1066934691,2492789.3204790223,2492789.3204790223,2492789.3204790223,0.0,0.0,0.0,34123269.412091
2023-03-13,31333675.884017263,15894313.345952358,49542613.57163992,31333675.884017263,31333675.884017263,1071828.60796387,1071828.60796387,1071828.60796387,-2471823.0997873475,-2471823.0997873475,-2471823.0997873475,3543651.7077512173,3543651.7077512173,3543651.7077512173,0.0,0.0,0.0,32405504.491981134
2023-03-14,31289615.850383505,15881921.582856199,48373639.62162898,31289615.850383505,31289615.850383505,1042501.3768958942,1042501.3768958942,1042501.3768958942,-2758137.7114894567,-2758137.7114894567,-2758137.7114894567,3800639.088385351,3800639.088385351,3800639.088385351,0.0,0.0,0.0,32332117.2272794
2023-03-15,31245555.81674976,17947574.97502296,49577306.95208876,31245555.81674976,31245555.81674976,2920450.4266085275,2920450.4266085275,2920450.4266085275,-1074276.5511746523,-1074276.5511746523,-1074276.5511746523,3994726.97778318,3994726.97778318,3994726.97778318,0.0,0.0,0.0,34166006.243358284
2023-03-16,31201495.783116,19760043.501050185,52407272.27210431,31201495.783116,31201495.783116,5020605.902137154,5020605.902137154,5020605.902137154,901994.0573763036,901994.0573763036,901994.0573763036,4118611.8447608496,4118611.8447608496,4118611.8447608496,0.0,0.0,0.0,36222101.68525316
2023-03-17,31157435.749482255,18806862.489735413,50669125.918847755,31157435.749482255,31157435.749482255,4331511.193465173,4331511.193465173,4331511.193465173,164624.1066952502,164624.1066952502,164624.1066952502,4166887.086769923,4166887.086769923,4166887.086769923,0.0,0.0,0.0,35488946.94294743
2023-03-20,31025255.648581006,16337700.036686668,49627367.41993878,31025255.648581006,31025255.648581006,1363012.937477452,1363012.937477452,1363012.937477452,-2471823.099793601,-2471823.099793601,-2471823.099793601,3834836.0372710526,3834836.0372710526,3834836.0372710526,0.0,0.0,0.0,32388268.586058456
2023-03-21,30981195.614947252,16013555.266446458,49011732.48127544,30981195.614947252,30981195.614947252,809926.1230347273,809926.1230347273,809926.1230347273,-2758137.711488038,-2758137.711488038,-2758137.711488038,3568063.8345227647,3568063.8345227647,3568063.8345227647,0.0,0.0,0.0,31791121.73798198
2023-03-22,30937135.581313502,16623449.91081006,50025144.957459,30937135.581313502,30937135.581313502,2155633.16058131,2155633.16058131,2155633.16058131,-1074276.5511831741,-1074276.5511831741,-1074276.5511831741,3229909.711764484,3229909.711764484,3229909.711764484,0.0,0.0,0.0,33092768.74189481
2023-03-23,30893075.54767975,18535310.22278203,51343545.345901154,30893075.54767975,30893075.54767975,3729311.256181631,3729311.256181631,3729311.256181631,901994.0573780476,901994.0573780476,901994.0573780476,2827317.198803583,2827317.198803583,2827317.198803583,0.0,0.0,0.0,34622386.80386138
2023-03-24,30849015.514046,16301059.67060117,48456875.76244432,30849015.514046,30849015.514046,2533600.5408987775,2533600.5408987775,2533600.5408987775,164624.10669315673,164624.10669315673,164624.10669315673,2368976.434205621,2368976.434205621,2368976.434205621,0.0,0.0,0.0,33382616.054944776
2023-03-27,30716835.413144752,12350731.934926318,45308803.882004,30716835.413144752,30716835.413144752,-1704009.834899494,-1704009.834899494,-1704009.834899494,-2471823.0997780156,-2471823.0997780156,-2471823.0997780156,767813.2648785218,767813.2648785218,767813.2648785218,0.0,0.0,0.0,29012825.57824526
2023-03-28,30672775.379511,12253169.90192734,43511095.617094636,30672775.379511,30672775.379511,-2558062.1785124526,-2558062.1785124526,-2558062.1785124526,-2758137.7114866185,-2758137.7114866185,-2758137.7114866185,200075.53297416557,200075.53297416557,200075.53297416557,0.0,0.0,0.0,28114713.200998545
2023-03-29,30628715.34587725,12460832.889317233,46028228.61972798,30628715.34587725,30628715.34587725,-1436710.9221653796,-1436710.9221653796,-1436710.9221653796,-1074276.5511819934,-1074276.5511819934,-1074276.5511819934,-362434.3709833861,-362434.3709833861,-362434.3709833861,0.0,0.0,0.0,29192004.42371187
2023-03-30,30584655.31224349,14718564.098984806,47108300.86842116,30584655.31224349,30584655.31224349,-4133.740748066384,-4133.740748066384,-4133.740748066384,901994.0573762618,901994.0573762618,901994.0573762618,-906127.7981243283,-906127.7981243283,-906127.7981243283,0.0,0.0,0.0,30580521.571495425
2023-03-31,30540595.27860975,13135227.674638594,45933728.34647971,30540595.27860975,30540595.27860975,-1253094.6152297754,-1253094.6152297754,-1253094.6152297754,164624.10669881088,164624.10669881088,164624.10669881088,-1417718.7219285863,-1417718.7219285863,-1417718.7219285863,0.0,0.0,0.0,29287500.663379975
2023-04-03,30408415.1777085,8333273.705295061,41065564.690054044,30408415.1777085,30408415.1777085,-5110128.347661079,-5110128.347661079,-5110128.347661079,-2471823.099781622,-2471823.099781622,-2471823.099781622,-2638305.2478794563,-2638305.2478794563,-2638305.2478794563,0.0,0.0,0.0,25298286.83004742
2023-04-04,30364355.14407474,7983122.331140156,39788638.91155834,30364355.14407474,30364355.14407474,-5663880.861644971,-5663880.861644971,-5663880.861644971,-2758137.711486122,-2758137.711486122,-2758137.711486122,-2905743.150158849,-2905743.150158849,-2905743.150158849,0.0,0.0,0.0,24700474.28242977
2023-04-05,30320295.11044099,10765765.492736002,43042736.280125685,30320295.11044099,30320295.11044099,-4164209.1028106445,-4164209.1028106445,-4164209.1028106445,-1074276.551179829,-1074276.551179829,-1074276.551179829,-3089932.5516308155,-3089932.5516308155,-3089932.5516308155,0.0,0.0,0.0,26156086.00763035
2023-04-06,30276235.076807253,12709366.48978338,42628283.662311606,30276235.076807253,30276235.076807253,-2283479.1750237634,-2283479.1750237634,-2283479.1750237634,901994.0573780058,901994.0573780058,901994.0573780058,-3185473.232401769,-3185473.232401769,-3185473.232401769,0.0,0.0,0.0,27992755.90178349
2023-04-10,30099994.942272242,8024894.440441473,41819353.496333145,30099994.942272242,30099994.942272242,-5117193.381970795,-5117193.381970795,-5117193.381970795,-2471823.0997825824,-2471823.0997825824,-2471823.0997825824,-2645370.282188214,-2645370.282188214,-2645370.282188214,0.0,0.0,0.0,24982801.560301445
2023-04-11,30055934.90863849,9161593.37559806,40741891.564863965,30055934.90863849,30055934.90863849,-5047496.026375321,-5047496.026375321,-5047496.026375321,-2758137.71148378,-2758137.71148378,-2758137.71148378,-2289358.31489154,-2289358.31489154,-2289358.31489154,0.0,0.0,0.0,25008438.88226317
2023-04-12,30011874.87500474,11046410.290856192,43684101.26090041,30011874.87500474,30011874.87500474,-2930229.4156630565,-2930229.4156630565,-2930229.4156630565,-1074276.5511776651,-1074276.5511776651,-1074276.5511776651,-1855952.8644853914,-1855952.8644853914,-1855952.8644853914,0.0,0.0,0.0,27081645.459341682
2023-04-13,29967814.841370996,12732821.461024843,46983630.88096894,29967814.841370996,29967814.841370996,-451918.1698577126,-451918.1698577126,-451918.1698577126,901994.0573743586,901994.0573743586,901994.0573743586,-1353912.227232071,-1353912.227232071,-1353912.227232071,0.0,0.0,0.0,29515896.67151328
2023-04-14,29923754.807737242,13304299.622085197,45202090.00102093,29923754.807737242,29923754.807737242,-628938.0245007732,-628938.0245007732,-628938.0245007732,164624.10669354897,164624.10669354897,164624.10669354897,-793562.1311943221,-793562.1311943221,-793562.1311943221,0.0,0.0,0.0,29294816.78323647
2023-04-17,29791574.70683599,11256332.81767877,43507131.00611457,29791574.70683599,29791574.70683599,-1355977.0889702514,-1355977.0889702514,-1355977.0889702514,-2471823.099783542,-2471823.099783542,-2471823.099783542,1115846.0108132907,1115846.0108132907,1115846.0108132907,0.0,0.0,0.0,28435597.617865738
2023-04-18,29747514.67320223,12491796.355465366,45841621.59545401,29747514.67320223,29747514.67320223,-974284.5467425946,-974284.5467425946,-974284.5467425946,-2758137.711489943,-2758137.711489943,-2758137.711489943,1783853.1647473483,1783853.1647473483,1783853.1647473483,0.0,0.0,0.0,28773230.126459636
2023-04-19,29703454.63956849,16361331.492894726,47746714.19793099,29703454.63956849,29703454.63956849,1370097.805636358,1370097.805636358,1370097.805636358,-1074276.5511755007,-1074276.5511755007,-1074276.5511755007,2444374.3568118587,2444374.3568118587,2444374.3568118587,0.0,0.0,0.0,31073552.445204847
2023-04-20,29659394.605934743,16716188.053361835,49729786.08446848,29659394.605934743,29659394.605934743,3985537.249768752,3985537.249768752,3985537.249768752,901994.0573761027,901994.0573761027,901994.0573761027,3083543.192392649,3083543.192392649,3083543.192392649,0.0,0.0,0.0,33644931.855703495
2023-04-21,29615334.572300985,16051547.756622052,49559390.99272827,29615334.572300985,29615334.572300985,3852612.22226583,3852612.22226583,3852612.22226583,164624.1066914555,164624.1066914555,164624.1066914555,3687988.115574374,3687988.115574374,3687988.115574374,0.0,0.0,0.0,33467946.794566814
2023-04-24,29483154.471399732,16504724.706632042,48599034.434397556,29483154.471399732,29483154.471399732,2700892.1249878956,2700892.1249878956,2700892.1249878956,-2471823.0997897955,-2471823.0997897955,-2471823.0997897955,5172715.224777691,5172715.224777691,5172715.224777691,0.0,0.0,0.0,32184046.59638763
2023-04-25,29439094.43776599,16482961.750881923,50567649.12081005,29439094.43776599,29439094.43776599,2766115.08735742,2766115.08735742,2766115.08735742,-2758137.7114885235,-2758137.7114885235,-2758137.7114885235,5524252.798845943,5524252.798845943,5524252.798845943,0.0,0.0,0.0,32205209.52512341
2023-04-26,29395034.404132236,17123294.864129405,49782690.09752557,29395034.404132236,29395034.404132236,4716765.995814714,4716765.995814714,4716765.995814714,-1074276.5511840228,-1074276.5511840228,-1074276.5511840228,5791042.546998736,5791042.546998736,5791042.546998736,0.0,0.0,0.0,34111800.39994695
2023-04-27,29350974.370498486,18655905.219742235,51074463.916162506,29350974.370498486,29350974.370498486,6869882.895862377,6869882.895862377,6869882.895862377,901994.057375151,901994.057375151,901994.057375151,5967888.8384872265,5967888.8384872265,5967888.8384872265,0.0,0.0,0.0,36220857.266360864
2023-04-28,29306914.336864732,19055039.774230007,51823948.761091806,29306914.336864732,29306914.336864732,6216119.213046184,6216119.213046184,6216119.213046184,164624.10668936238,164624.10668936238,164624.10668936238,6051495.106356821,6051495.106356821,6051495.106356821,0.0,0.0,0.0,35523033.54991092
2023-05-01,29174734.23596348,16869935.013496503,49216577.904063314,29174734.23596348,29174734.23596348,3267039.9881167416,3267039.9881167416,3267039.9881167416,-2471823.099790755,-2471823.099790755,-2471823.099790755,5738863.087907497,5738863.087907497,5738863.087907497,0.0,0.0,0.0,32441774.22408022
2023-05-02,29130674.20232973,15987918.478288652,46970852.192735426,29130674.20232973,29130674.20232973,2696745.3354873857,2696745.3354873857,2696745.3354873857,-2758137.711488027,-2758137.711488027,-2758137.711488027,5454883.046975413,5454883.046975413,5454883.046975413,0.0,0.0,0.0,31827419.537817113
2023-05-03,29086614.177277558,15275229.949398803,49853107.33508706,29086614.177277558,29086614.177277558,4015124.129489309,4015124.129489309,4015124.129489309,-1074276.5511818584,-1074276.5511818584,-1074276.5511818584,5089400.680671168,5089400.680671168,5089400.680671168,0.0,0.0,0.0,33101738.306766868
2023-05-04,29042554.152225398,17641223.844014294,51133268.74282421,29042554.152225398,29042554.152225398,5551746.155532405,5551746.155532405,5551746.155532405,901994.0573760608,901994.0573760608,901994.0573760608,4649752.098156343,4649752.098156343,4649752.098156343,0.0,0.0,0.0,34594300.3077578
2023-05-05,28998494.127173226,17688284.556117196,49855718.1801006,28998494.127173226,28998494.127173226,4309168.158501664,4309168.158501664,4309168.158501664,164624.10669501656,164624.10669501656,164624.10669501656,4144544.051806647,4144544.051806647,4144544.051806647,0.0,0.0,0.0,33307662.285674892
2023-05-08,28866314.05201673,12469084.525542969,44152992.64193923,28866314.05201673,28866314.05201673,-135988.92578285004,-135988.92578285004,-135988.92578285004,-2471823.0997943613,-2471823.0997943613,-2471823.0997943613,2335834.1740115113,2335834.1740115113,2335834.1740115113,0.0,0.0,0.0,28730325.12623388
2023-05-09,28822254.026964564,10849255.672080772,44914887.46411735,28822254.026964564,28822254.026964564,-1086496.6424091947,-1086496.6424091947,-1086496.6424091947,-2758137.711487531,-2758137.711487531,-2758137.711487531,1671641.0690783365,1671641.0690783365,1671641.0690783365,0.0,0.0,0.0,27735757.38455537
2023-05-10,28778194.001912393,11932315.283444181,45960941.258531556,28778194.001912393,28778194.001912393,-78683.29699145019,-78683.29699145019,-78683.29699145019,-1074276.5511806777,-1074276.5511806777,-1074276.5511806777,995593.2541892275,995593.2541892275,995593.2541892275,0.0,0.0,0.0,28699510.704920944
2023-05-11,28734133.976860233,14466053.591226391,45674106.70719353,28734133.976860233,28734133.976860233,1220777.0781830656,1220777.0781830656,1220777.0781830656,901994.0573751092,901994.0573751092,901994.0573751092,318783.0208079564,318783.0208079564,318783.0208079564,0.0,0.0,0.0,29954911.0550433
2023-05-12,28690073.95180806,11384039.735905213,44933066.12568872,28690073.95180806,28690073.95180806,-183530.2514821633,-183530.2514821633,-183530.2514821633,164624.10669292355,164624.10669292355,164624.10669292355,-348154.35817508685,-348154.35817508685,-348154.35817508685,0.0,0.0,0.0,28506543.7003259
2023-05-15,28557893.876651566,7756777.675804228,40704515.98864879,28557893.876651566,28557893.876651566,-4666398.542550176,-4666398.542550176,-4666398.542550176,-2471823.099781424,-2471823.099781424,-2471823.099781424,-2194575.4427687526,-2194575.4427687526,-2194575.4427687526,0.0,0.0,0.0,23891495.33410139
2023-05-16,28513833.8515994,6762802.818131868,39049144.059499376,28513833.8515994,28513833.8515994,-5489933.012731384,-5489933.012731384,-5489933.012731384,-2758137.711485189,-2758137.711485189,-2758137.711485189,-2731795.301246194,-2731795.301246194,-2731795.301246194,0.0,0.0,0.0,23023900.838868015
2023-05-17,28469773.826547228,7652380.027148886,40204329.4840883,28469773.826547228,28469773.826547228,-4293684.311527089,-4293684.311527089,-4293684.311527089,-1074276.5511775299,-1074276.5511775299,-1074276.5511775299,-3219407.760349559,-3219407.760349559,-3219407.760349559,0.0,0.0,0.0,24176089.51502014
2023-05-18,28425713.801495068,10513378.498806851,42066472.52404854,28425713.801495068,28425713.801495068,-2751053.6858687154,-2751053.6858687154,-2751053.6858687154,901994.0573768532,901994.0573768532,901994.0573768532,-3653047.7432455686,-3653047.7432455686,-3653047.7432455686,0.0,0.0,0.0,25674660.115626354
2023-05-19,28381653.776442897,7896067.0778476605,41336728.07892658,28381653.776442897,28381653.776442897,-3865058.263345734,-3865058.263345734,-3865058.263345734,164624.10669470413,164624.10669470413,164624.10669470413,-4029682.370040438,-4029682.370040438,-4029682.370040438,0.0,0.0,0.0,24516595.513097163
2023-05-22,28249473.7012864,4389024.190083646,36894502.037221245,28249473.7012864,28249473.7012864,-7278569.801181849,-7278569.801181849,-7278569.801181849,-2471823.0997850304,-2471823.0997850304,-2471823.0997850304,-4806746.701396819,-4806746.701396819,-4806746.701396819,0.0,0.0,0.0,20970903.900104553
2023-05-23,28205413.67623424,4114266.2756433375,36773828.10118238,28205413.67623424,28205413.67623424,-7708748.635542622,-7708748.635542622,-7708748.635542622,-2758137.711484693,-2758137.711484693,-2758137.711484693,-4950610.924057929,-4950610.924057929,-4950610.924057929,0.0,0.0,0.0,20496665.04069162
2023-05-24,28161353.65118207,5729872.348489934,38086636.380941585,28161353.65118207,28161353.65118207,-6115077.557418381,-6115077.557418381,-6115077.557418381,-1074276.5511763494,-1074276.5511763494,-1074276.5511763494,-5040801.006242031,-5040801.006242031,-5040801.006242031,0.0,0.0,0.0,22046276.09376369
2023-05-25,28117293.626129903,7975300.362520183,39354421.187035136,28117293.626129903,28117293.626129903,-4178997.2193276654,-4178997.2193276654,-4178997.2193276654,901994.0573759015,901994.0573759015,901994.0573759015,-5080991.276703566,-5080991.276703566,-5080991.276703566,0.0,0.0,0.0,23938296.406802237
2023-05-26,28073233.601077743,7485568.433996341,39439543.997804895,28073233.601077743,28073233.601077743,-4910906.268562345,-4910906.268562345,-4910906.268562345,164624.10669153483,164624.10669153483,164624.10669153483,-5075530.375253879,-5075530.375253879,-5075530.375253879,0.0,0.0,0.0,23162327.332515396
2023-05-30,27896993.500869077,4388811.375771126,37171620.74096908,27896993.500869077,27896993.500869077,-7456556.632544103,-7456556.632544103,-7456556.632544103,-2758137.7114890087,-2758137.7114890087,-2758137.7114890087,-4698418.921055094,-4698418.921055094,-4698418.921055094,0.0,0.0,0.0,20440436.868324973
2023-05-31,27852933.475816905,4689724.597043043,38535122.933969215,27852933.475816905,27852933.475816905,-5616169.200523533,-5616169.200523533,-5616169.200523533,-1074276.551184871,-1074276.551184871,-1074276.551184871,-4541892.649338661,-4541892.649338661,-4541892.649338661,0.0,0.0,0.0,22236764.275293373
2023-06-01,27808873.450764738,6500740.161740766,40743403.20923593,27808873.450764738,27808873.450764738,-3468745.5954833003,-3468745.5954833003,-3468745.5954833003,901994.0573776455,901994.0573776455,901994.0573776455,-4370739.652860946,-4370739.652860946,-4370739.652860946,0.0,0.0,0.0,24340127.85528144
2023-06-02,27764813.425712578,6798857.453574775,39006493.41492845,27764813.425712578,27764813.425712578,-4024924.1574827884,-4024924.1574827884,-4024924.1574827884,164624.10669331535,164624.10669331535,164624.10669331535,-4189548.264176104,-4189548.264176104,-4189548.264176104,0.0,0.0,0.0,23739889.26822979
2023-06-05,27632633.350556068,5839541.038396212,36754231.141896814,27632633.350556068,27632633.350556068,-6095850.477997931,-6095850.477997931,-6095850.477997931,-2471823.099789596,-2471823.099789596,-2471823.099789596,-3624027.3782083336,-3624027.3782083336,-3624027.3782083336,0.0,0.0,0.0,21536782.87255814
2023-06-06,27588573.32550391,4919251.39099242,38795150.030871265,27588573.32550391,27588573.32550391,-6196187.637535943,-6196187.637535943,-6196187.637535943,-2758137.7114885133,-2758137.7114885133,-2758137.7114885133,-3438049.926047429,-3438049.926047429,-3438049.926047429,0.0,0.0,0.0,21392385.68796797
2023-06-07,27544513.300451737,5981823.621792392,38609022.422005616,27544513.300451737,27544513.300451737,-4330999.982575084,-4330999.982575084,-4330999.982575084,-1074276.551182707,-1074276.551182707,-1074276.551182707,-3256723.4313923763,-3256723.4313923763,-3256723.4313923763,0.0,0.0,0.0,23213513.317876652
2023-06-08,27500453.275399573,9239484.383694446,40841212.780012906,27500453.275399573,27500453.275399573,-2179182.740214724,-2179182.740214724,-2179182.740214724,901994.0573739983,901994.0573739983,901994.0573739983,-3081176.7975887223,-3081176.7975887223,-3081176.7975887223,0.0,0.0,0.0,25321270.53518485
2023-06-09,27456393.250347413,8744855.549491607,41306195.00196092,27456393.250347413,27456393.250347413,-2747365.989059202,-2747365.989059202,-2747365.989059202,164624.10669509598,164624.10669509598,164624.10669509598,-2911990.095754298,-2911990.095754298,-2911990.095754298,0.0,0.0,0.0,24709027.26128821
2023-06-12,27324213.175190903,6076841.82625811,39395671.87776978,27324213.175190903,27324213.175190903,-4913397.68754684,-4913397.68754684,-4913397.68754684,-2471823.0997905564,-2471823.0997905564,-2471823.0997905564,-2441574.587756284,-2441574.587756284,-2441574.587756284,0.0,0.0,0.0,22410815.48764406
2023-06-13,27280153.150138747,5050465.345397137,38689302.163032874,27280153.150138747,27280153.150138747,-5053268.5835069325,-5053268.5835069325,-5053268.5835069325,-2758137.7114870944,-2758137.7114870944,-2758137.7114870944,-2295130.872019838,-2295130.872019838,-2295130.872019838,0.0,0.0,0.0,22226884.566631816
2023-06-14,27236093.12508658,8230144.162312501,39957349.05051037,27236093.12508658,27236093.12508658,-3226624.8865117887,-3226624.8865117887,-3226624.8865117887,-1074276.551180543,-1074276.551180543,-1074276.551180543,-2152348.3353312463,-2152348.3353312463,-2152348.3353312463,0.0,0.0,0.0,24009468.23857479
2023-06-15,27192033.10003441,11021660.895075178,41868053.74070344,27192033.10003441,27192033.10003441,-1110221.76817636,-1110221.76817636,-1110221.76817636,901994.0573757424,901994.0573757424,901994.0573757424,-2012215.8255521024,-2012215.8255521024,-2012215.8255521024,0.0,0.0,0.0,26081811.331858046
2023-06-16,27147973.07498225,8619516.655894313,41939277.19236168,27147973.07498225,27147973.07498225,-1709164.7813370181,-1709164.7813370181,-1709164.7813370181,164624.1066919266,164624.1066919266,164624.1066919266,-1873788.8880289448,-1873788.8880289448,-1873788.8880289448,0.0,0.0,0.0,25438808.29364523
2023-06-20,26971732.97477358,5450830.656295976,39659747.40816861,26971732.97477358,26971732.97477358,-4083152.585500713,-4083152.585500713,-4083152.585500713,-2758137.7114856755,-2758137.7114856755,-2758137.7114856755,-1325014.874015038,-1325014.874015038,-1325014.874015038,0.0,0.0,0.0,22888580.389272865
2023-06-21,26927672.949721415,7072702.296168387,40622515.726501495,26927672.949721415,26927672.949721415,-2262812.522000876,-2262812.522000876,-2262812.522000876,-1074276.5511793622,-1074276.5511793622,-1074276.5511793622,-1188535.9708215133,-1188535.9708215133,-1188535.9708215133,0.0,0.0,0.0,24664860.42772054
2023-06-22,26883612.924669243,10618831.499277247,42348439.10022955,26883612.924669243,26883612.924669243,-151333.66868221556,-151333.66868221556,-151333.66868221556,901994.0573766521,901994.0573766521,901994.0573766521,-1053327.7260588678,-1053327.7260588678,-1053327.7260588678,0.0,0.0,0.0,26732279.25598703
2023-06-23,26839552.899617083,9825496.685526267,42335237.58874992,26839552.899617083,26839552.899617083,-755871.259835808,-755871.259835808,-755871.259835808,164624.1066898334,164624.1066898334,164624.1066898334,-920495.3665256413,-920495.3665256413,-920495.3665256413,0.0,0.0,0.0,26083681.639781274
2023-06-26,26707372.82446058,7094474.327027216,40154577.82363482,26707372.82446058,26707372.82446058,-3023545.825766169,-3023545.825766169,-3023545.825766169,-2471823.0997838713,-2471823.0997838713,-2471823.0997838713,-551722.7259822977,-551722.7259822977,-551722.7259822977,0.0,0.0,0.0,23683826.998694412
2023-06-27,26663312.799408413,7727415.773368962,39880154.4871509,26663312.799408413,26663312.799408413,-3203065.5388014563,-3203065.5388014563,-3203065.5388014563,-2758137.711490914,-2758137.711490914,-2758137.711490914,-444927.8273105422,-444927.8273105422,-444927.8273105422,0.0,0.0,0.0,23460247.260606956
2023-06-28,26619252.774356257,9101987.500442522,41585713.25364171,26619252.774356257,26619252.774356257,-1423853.17695508,-1423853.17695508,-1423853.17695508,-1074276.5511781813,-1074276.5511781813,-1074276.5511781813,-349576.62577689835,-349576.62577689835,-349576.62577689835,0.0,0.0,0.0,25195399.597401176
2023-06-29,26575192.74930407,11092041.028911388,44500993.78682696,26575192.74930407,26575192.74930407,634320.1715894111,634320.1715894111,634320.1715894111,901994.0573757006,901994.0573757006,901994.0573757006,-267673.88578628947,-267673.88578628947,-267673.88578628947,0.0,0.0,0.0,27209512.920893483
2023-06-30,26531132.733378872,9226144.824049385,41487341.090186514,26531132.733378872,26531132.733378872,-36454.03856096529,-36454.03856096529,-36454.03856096529,164624.10669548766,164624.10669548766,164624.10669548766,-201078.14525645296,-201078.14525645296,-201078.14525645296,0.0,0.0,0.0,26494678.694817908
2023-07-03,26398952.685603265,7709402.951034366,41049713.83238747,26398952.685603265,26398952.685603265,-2579425.335323263,-2579425.335323263,-2579425.335323263,-2471823.099787478,-2471823.099787478,-2471823.099787478,-107602.23553578484,-107602.23553578484,-107602.23553578484,0.0,0.0,0.0,23819527.35028
2023-07-05,26310832.65375285,8756432.47513182,41604446.442484416,26310832.65375285,26310832.65375285,-1215579.8365883476,-1215579.8365883476,-1215579.8365883476,-1074276.5511760172,-1074276.5511760172,-1074276.5511760172,-141303.28541233036,-141303.28541233036,-141303.28541233036,0.0,0.0,0.0,25095252.8171645
2023-07-06,26266772.63782764,9865851.962812394,41677772.45569401,26266772.63782764,26266772.63782764,715435.0577174829,715435.0577174829,715435.0577174829,901994.0573747489,901994.0573747489,901994.0573747489,-186558.99965726602,-186558.99965726602,-186558.99965726602,0.0,0.0,0.0,26982207.695545122
2023-07-07,26222712.621902443,9643580.611020153,42814394.8208308,26222712.621902443,26222712.621902443,-84645.4931537446,-84645.4931537446,-84645.4931537446,164624.10669339466,164624.10669339466,164624.10669339466,-249269.59984713924,-249269.59984713924,-249269.59984713924,0.0,0.0,0.0,26138067.1287487
2023-07-10,26090532.574126832,7009223.310514481,39522803.658671945,26090532.574126832,26090532.574126832,-2993061.3528822623,-2993061.3528822623,-2993061.3528822623,-2471823.099788438,-2471823.099788438,-2471823.099788438,-521238.2530938243,-521238.2530938243,-521238.2530938243,0.0,0.0,0.0,23097471.22124457
2023-07-11,26046472.558201622,5633687.062978491,39783250.319255196,26046472.558201622,26046472.558201622,-3388533.3851930546,-3388533.3851930546,-3388533.3851930546,-2758137.7114880765,-2758137.7114880765,-2758137.7114880765,-630395.6737049785,-630395.6737049785,-630395.6737049785,0.0,0.0,0.0,22657939.17300857
2023-07-12,26002412.54227642,7705677.251442991,39760704.171379276,26002412.54227642,26002412.54227642,-1817363.9446920557,-1817363.9446920557,-1817363.9446920557,-1074276.5511738528,-1074276.5511738528,-1074276.5511738528,-743087.393518203,-743087.393518203,-743087.393518203,0.0,0.0,0.0,24185048.597584363
2023-07-13,25958352.52635121,9537182.455190752,42269832.00759256,25958352.52635121,25958352.52635121,46507.47883272401,46507.47883272401,46507.47883272401,901994.0573756587,901994.0573756587,901994.0573756587,-855486.5785429347,-855486.5785429347,-855486.5785429347,0.0,0.0,0.0,26004860.005183935
2023-07-14,25914292.51042601,8676267.3149981,40985189.15785124,25914292.51042601,25914292.51042601,-799038.9580389155,-799038.9580389155,-799038.9580389155,164624.10669517523,164624.10669517523,164624.10669517523,-963663.0647340908,-963663.0647340908,-963663.0647340908,0.0,0.0,0.0,25115253.552387096
2023-07-17,25782112.4626504,5324721.507605703,39103779.92627589,25782112.4626504,25782112.4626504,-3696593.2247070908,-3696593.2247070908,-3696593.2247070908,-2471823.0997920446,-2471823.0997920446,-2471823.0997920446,-1224770.1249150464,-1224770.1249150464,-1224770.1249150464,0.0,0.0,0.0,22085519.23794331
2023-07-18,25738052.44672519,5259872.046345396,36692846.95244371,25738052.44672519,25738052.44672519,-4037466.153993798,-4037466.153993798,-4037466.153993798,-2758137.71148758,-2758137.71148758,-2758137.71148758,-1279328.4425062176,-1279328.4425062176,-1279328.4425062176,0.0,0.0,0.0,21700586.292731393
2023-07-19,25693992.430799987,6759103.425865055,39691599.19399355,25693992.430799987,25693992.430799987,-2387401.563390003,-2387401.563390003,-2387401.563390003,-1074276.5511823746,-1074276.5511823746,-1074276.5511823746,-1313125.0122076278,-1313125.0122076278,-1313125.0122076278,0.0,0.0,0.0,23306590.867409986
2023-07-20,25649932.414874777,8707158.29450817,40816497.766565606,25649932.414874777,25649932.414874777,-422395.4393921714,-422395.4393921714,-422395.4393921714,901994.0573747071,901994.0573747071,901994.0573747071,-1324389.4967668785,-1324389.4967668785,-1324389.4967668785,0.0,0.0,0.0,25227536.975482605
2023-07-21,25605872.39894958,8243190.18517624,38877207.73877271,25605872.39894958,25605872.39894958,-1147501.2969121693,-1147501.2969121693,-1147501.2969121693,164624.10669308223,164624.10669308223,164624.10669308223,-1312125.4036052516,-1312125.4036052516,-1312125.4036052516,0.0,0.0,0.0,24458371.102037407
2023-07-24,25473692.35117397,6511660.19343323,37403543.43530013,25473692.35117397,25473692.35117397,-3609093.7335564992,-3609093.7335564992,-3609093.7335564992,-2471823.0997791067,-2471823.0997791067,-2471823.0997791067,-1137270.6337773923,-1137270.6337773923,-1137270.6337773923,0.0,0.0,0.0,21864598.617617473
2023-07-25,25429632.33524876,6115951.1188115515,38318700.30497426,25429632.33524876,25429632.33524876,-3796750.5601429897,-3796750.5601429897,-3796750.5601429897,-2758137.7114861608,-2758137.7114861608,-2758137.7114861608,-1038612.8486568292,-1038612.8486568292,-1038612.8486568292,0.0,0.0,0.0,21632881.77510577
2023-07-26,25385572.319323555,6959705.830352623,40689316.328204185,25385572.319323555,25385572.319323555,-1999171.3431958447,-1999171.3431958447,-1999171.3431958447,-1074276.5511811946,-1074276.5511811946,-1074276.5511811946,-924894.7920146501,-924894.7920146501,-924894.7920146501,0.0,0.0,0.0,23386400.97612771
2023-07-27,25341512.303398345,8721488.793293385,41811133.36461074,25341512.303398345,25341512.303398345,101505.18416998028,101505.18416998028,101505.18416998028,901994.0573764511,901994.0573764511,901994.0573764511,-800488.8732064709,-800488.8732064709,-800488.8732064709,0.0,0.0,0.0,25443017.487568326
2023-07-28,25297452.28747315,7968712.190090765,41390509.9623559,25297452.28747315,25297452.28747315,-505896.44726314757,-505896.44726314757,-505896.44726314757,164624.10669486286,164624.10669486286,164624.10669486286,-670520.5539580104,-670520.5539580104,-670520.5539580104,0.0,0.0,0.0,24791555.840210002
2023-07-31,25165272.23969753,5533525.254274963,37714548.164277,25165272.23969753,25165272.23969753,-2778984.7478965535,-2778984.7478965535,-2778984.7478965535,-2471823.099782713,-2471823.099782713,-2471823.099782713,-307161.64811384026,-307161.64811384026,-307161.64811384026,0.0,0.0,0.0,22386287.49180098
2023-08-01,25121212.22377233,6518696.088910656,38258192.96547074,25121212.22377233,25121212.22377233,-2974797.281049186,-2974797.281049186,-2974797.281049186,-2758137.7114856644,-2758137.7114856644,-2758137.7114856644,-216659.56956352136,-216659.56956352136,-216659.56956352136,0.0,0.0,0.0,22146414.942723144
2023-08-02,25077152.207847126,7593892.369978538,40564186.20776892,25077152.207847126,25077152.207847126,-1226893.2887099884,-1226893.2887099884,-1226893.2887099884,-1074276.5511780465,-1074276.5511780465,-1074276.5511780465,-152616.73753194176,-152616.73753194176,-152616.73753194176,0.0,0.0,0.0,23850258.91913714
2023-08-03,25033092.19192192,10220188.854745544,42791485.54860475,25033092.19192192,25033092.19192192,780524.0573598315,780524.0573598315,780524.0573598315,901994.057372804,901994.057372804,901994.057372804,-121470.00001297246,-121470.00001297246,-121470.00001297246,0.0,0.0,0.0,25813616.249281753
2023-08-04,24989032.17599671,9094001.09309291,40999530.80768692,24989032.17599671,24989032.17599671,35422.04359897261,35422.04359897261,35422.04359897261,164624.10669169348,164624.10669169348,164624.10669169348,-129202.06309272085,-129202.06309272085,-129202.06309272085,0.0,0.0,0.0,25024454.219595682
2023-08-07,24856852.128221102,6446109.151140672,38357364.35486873,24856852.128221102,24856852.128221102,-2906367.860452648,-2906367.860452648,-2906367.860452648,-2471823.099783673,-2471823.099783673,-2471823.099783673,-434544.76066897495,-434544.76066897495,-434544.76066897495,0.0,0.0,0.0,21950484.267768454
2023-08-08,24812792.112295892,5847888.179038882,38216883.648355335,24812792.112295892,24812792.112295892,-3399895.366548044,-3399895.366548044,-3399895.366548044,-2758137.7114842455,-2758137.7114842455,-2758137.7114842455,-641757.6550637984,-641757.6550637984,-641757.6550637984,0.0,0.0,0.0,21412896.74574785
2023-08-09,24768732.096370693,5102351.981581456,38590396.556394,24768732.096370693,24768732.096370693,-1978667.862881338,-1978667.862881338,-1978667.862881338,-1074276.551187552,-1074276.551187552,-1074276.551187552,-904391.311693786,-904391.311693786,-904391.311693786,0.0,0.0,0.0,22790064.233489357
2023-08-10,24724672.08044549,7368315.064278087,40636183.265150554,24724672.08044549,24724672.08044549,-320038.65465562383,-320038.65465562383,-320038.65465562383,901994.0573745479,901994.0573745479,901994.0573745479,-1222032.7120301716,-1222032.7120301716,-1222032.7120301716,0.0,0.0,0.0,24404633.425789867
2023-08-11,24680612.06452028,6653836.573746325,39029925.523808844,24680612.06452028,24680612.06452028,-1428185.9712392339,-1428185.9712392339,-1428185.9712392339,164624.106693474,164624.106693474,164624.106693474,-1592810.077932708,-1592810.077932708,-1592810.077932708,0.0,0.0,0.0,23252426.093281046
2023-08-14,24548432.01674467,2781606.618231087,35438145.38339768,24548432.01674467,24548432.01674467,-5454974.462359756,-5454974.462359756,-5454974.462359756,-2471823.099789927,-2471823.099789927,-2471823.099789927,-2983151.3625698294,-2983151.3625698294,-2983151.3625698294,0.0,0.0,0.0,19093457.554384913
2023-08-15,24504372.00081946,1638690.1914845577,34633453.05793376,24504372.00081946,24504372.00081946,-6276746.389419226,-6276746.389419226,-6276746.389419226,-2758137.711489485,-2758137.711489485,-2758137.711489485,-3518608.6779297413,-3518608.6779297413,-3518608.6779297413,0.0,0.0,0.0,18227625.61140023
2023-08-16,24460311.98489426,2548078.538784899,34876128.22976472,24460311.98489426,24460311.98489426,-5150829.538961229,-5150829.538961229,-5150829.538961229,-1074276.5511844042,-1074276.5511844042,-1074276.5511844042,-4076552.9877768243,-4076552.9877768243,-4076552.9877768243,0.0,0.0,0.0,19309482.445933033
2023-08-17,24416251.96896906,3197224.3590302626,37062767.7965112,24416251.96896906,24416251.96896906,-3745277.9795608795,-3745277.9795608795,-3745277.9795608795,901994.0573762918,901994.0573762918,901994.0573762918,-4647272.036937172,-4647272.036937172,-4647272.036937172,0.0,0.0,0.0,20670973.98940818
2023-08-18,24372191.95304385,4223145.487804932,36462163.032769196,24372191.95304385,24372191.95304385,-5055634.575473823,-5055634.575473823,-5055634.575473823,164624.106691381,164624.106691381,164624.106691381,-5220258.682165204,-5220258.682165204,-5220258.682165204,0.0,0.0,0.0,19316557.377570026
2023-08-21,24240011.905268237,-937897.5856467844,31501261.034588095,24240011.905268237,24240011.905268237,-9312722.666111995,-9312722.666111995,-9312722.666111995,-2471823.099790886,-2471823.099790886,-2471823.099790886,-6840899.566321107,-6840899.566321107,-6840899.566321107,0.0,0.0,0.0,14927289.239156242
2023-08-22,24195951.889343042,-2576468.786476542,30907912.199473493,24195951.889343042,24195951.889343042,-10068753.554572346,-10068753.554572346,-10068753.554572346,-2758137.7114880662,-2758137.7114880662,-2758137.7114880662,-7310615.84308428,-7310615.84308428,-7310615.84308428,0.0,0.0,0.0,14127198.334770696
2023-08-23,24151891.873417832,-1225770.7882759173,32881577.600640133,24151891.873417832,24151891.873417832,-8801272.881757861,-8801272.881757861,-8801272.881757861,-1074276.5511832237,-1074276.5511832237,-1074276.5511832237,-7726996.330574635,-7726996.330574635,-7726996.330574635,0.0,0.0,0.0,15350618.991659971
2023-08-24,24107831.857492626,-307638.00303786213,32890143.25698205,24107831.857492626,24107831.857492626,-7178252.908259161,-7178252.908259161,-7178252.908259161,901994.0573753404,901994.0573753404,901994.0573753404,-8080246.965634501,-8080246.965634501,-8080246.965634501,0.0,0.0,0.0,16929578.949233465
2023-08-25,24063771.841567416,-564164.765267004,32244062.706519008,24063771.841567416,24063771.841567416,-8197034.673797182,-8197034.673797182,-8197034.673797182,164624.10669703514,164624.10669703514,164624.10669703514,-8361658.780494217,-8361658.780494217,-8361658.780494217,0.0,0.0,0.0,15866737.167770233
2023-08-28,23931591.79379182,-3987219.964531742,28990049.94332329,23931591.79379182,23931591.79379182,-11180862.343268912,-11180862.343268912,-11180862.343268912,-2471823.0997918453,-2471823.0997918453,-2471823.0997918453,-8709039.243477067,-8709039.243477067,-8709039.243477067,0.0,0.0,0.0,12750729.450522907
2023-08-29,23887558.9477067,-4337061.510022601,28125815.553279318,23887558.9477067,23887558.9477067,-11403876.649148844,-11403876.649148844,-11403876.649148844,-2758137.71148757,-2758137.71148757,-2758137.71148757,-8645738.937661273,-8645738.937661273,-8645738.937661273,0.0,0.0,0.0,12483682.298557855
2023-08-30,23843526.10162158,-2227469.0895876093,32968332.97524934,23843526.10162158,23843526.10162158,-9565172.195561938,-9565172.195561938,-9565172.195561938,-1074276.5511810596,-1074276.5511810596,-1074276.5511810596,-8490895.644380879,-8490895.644380879,-8490895.644380879,0.0,0.0,0.0,14278353.906059641
2023-08-31,23799493.255536456,1256429.9458431264,33673549.54069277,23799493.255536456,23799493.255536456,-7344343.661997656,-7344343.661997656,-7344343.661997656,901994.0573789456,901994.0573789456,901994.0573789456,-8246337.719376602,-8246337.719376602,-8246337.719376602,0.0,0.0,0.0,16455149.593538798
2023-09-01,23755460.409451336,-901898.724182977,32769881.117765382,23755460.409451336,23755460.409451336,-7751316.399701795,-7751316.399701795,-7751316.399701795,164624.106694942,164624.106694942,164624.106694942,-7915940.506396737,-7915940.506396737,-7915940.506396737,0.0,0.0,0.0,16004144.009749541
2023-09-05,23579329.02511086,-2315986.0542896106,31657277.761566423,23579329.02511086,23579329.02511086,-8639186.02434007,-8639186.02434007,-8639186.02434007,-2758137.7114918865,-2758137.7114918865,-2758137.7114918865,-5881048.312848183,-5881048.312848183,-5881048.312848183,0.0,0.0,0.0,14940143.000770789
2023-09-06,23535296.179025736,-398736.3472855702,32429161.850822017,23535296.179025736,23535296.179025736,-6319383.003390367,-6319383.003390367,-6319383.003390367,-1074276.5511788952,-1074276.5511788952,-1074276.5511788952,-5245106.452211472,-5245106.452211472,-5245106.452211472,0.0,0.0,0.0,17215913.175635368
2023-09-07,23491263.33294062,4139032.5382347726,36166029.90945471,23491263.33294062,23491263.33294062,-3681452.076034281,-3681452.076034281,-3681452.076034281,901994.0573752985,901994.0573752985,901994.0573752985,-4583446.133409579,-4583446.133409579,-4583446.133409579,0.0,0.0,0.0,19809811.256906338
2023-09-08,23447230.486855492,3004171.283524579,36953093.456425935,23447230.486855492,23447230.486855492,-3745623.2543103974,-3745623.2543103974,-3745623.2543103974,164624.106692849,164624.106692849,164624.106692849,-3910247.361003247,-3910247.361003247,-3910247.361003247,0.0,0.0,0.0,19701607.232545093
2023-09-11,23315131.948600136,2904192.375026139,37007878.223864235,23315131.948600136,23315131.948600136,-4438947.781529465,-4438947.781529465,-4438947.781529465,-2471823.0997798676,-2471823.0997798676,-2471823.0997798676,-1967124.6817495974,-1967124.6817495974,-1967124.6817495974,0.0,0.0,0.0,18876184.167070672
2023-09-12,23271099.102515016,1895116.4472178204,34646219.476072684,23271099.102515016,23271099.102515016,-4150444.410623462,-4150444.410623462,-4150444.410623462,-2758137.71149139,-2758137.71149139,-2758137.71149139,-1392306.6991320713,-1392306.6991320713,-1392306.6991320713,0.0,0.0,0.0,19120654.691891555
2023-09-13,23227066.256429896,2632856.194564438,38486528.94682552,23227066.256429896,23227066.256429896,-1950087.8176454948,-1950087.8176454948,-1950087.8176454948,-1074276.5511767308,-1074276.5511767308,-1074276.5511767308,-875811.2664687642,-875811.2664687642,-875811.2664687642,0.0,0.0,0.0,21276978.438784402
2023-09-14,23183033.410344776,5945529.180524687,39764057.19092823,23183033.410344776,23183033.410344776,473032.3144225234,473032.3144225234,473032.3144225234,901994.0573770424,901994.0573770424,901994.0573770424,-428961.74295451905,-428961.74295451905,-428961.74295451905,0.0,0.0,0.0,23656065.724767298
2023-09-15,23139000.564259656,6362358.804685774,39709300.04609989,23139000.564259656,23139000.564259656,103176.55156449365,103176.55156449365,103176.55156449365,164624.10669462962,164624.10669462962,164624.10669462962,-61447.55513013596,-61447.55513013596,-61447.55513013596,0.0,0.0,0.0,23242177.115824148
2023-09-18,23006902.026004292,4741460.470302764,37064438.660583936,23006902.026004292,23006902.026004292,-1973874.6288227276,-1973874.6288227276,-1973874.6288227276,-2471823.099786121,-2471823.099786121,-2471823.099786121,497948.47096339357,497948.47096339357,497948.47096339357,0.0,0.0,0.0,21033027.397181563
2023-09-19,22962869.17991918,4205541.537031803,36724699.123157844,22962869.17991918,22962869.17991918,-2265907.5478349235,-2265907.5478349235,-2265907.5478349235,-2758137.711489048,-2758137.711489048,-2758137.711489048,492230.16365412425,492230.16365412425,492230.16365412425,0.0,0.0,0.0,20696961.632084258
2023-09-20,22918836.333834052,6479050.860979305,39058650.74927005,22918836.333834052,22918836.333834052,-683385.4060301007,-683385.4060301007,-683385.4060301007,-1074276.5511755503,-1074276.5511755503,-1074276.5511755503,390891.14514544973,390891.14514544973,390891.14514544973,0.0,0.0,0.0,22235450.927803952
2023-09-21,22874803.48774894,7448071.314237663,41063045.26709268,22874803.48774894,22874803.48774894,1099921.1896160042,1099921.1896160042,1099921.1896160042,901994.0573760909,901994.0573760909,901994.0573760909,197927.1322399133,197927.1322399133,197927.1322399133,0.0,0.0,0.0,23974724.677364945
2023-09-22,22830770.641663812,7721762.348037683,39815284.7459183,22830770.641663812,22830770.641663812,84381.86260995432,84381.86260995432,84381.86260995432,164624.10669146024,164624.10669146024,164624.10669146024,-80242.24408150591,-80242.24408150591,-80242.24408150591,0.0,0.0,0.0,22915152.504273765
2023-09-25,22698672.103408456,3615734.7014427385,34363529.17838497,22698672.103408456,22698672.103408456,-3800096.302154339,-3800096.302154339,-3800096.302154339,-2471823.099787081,-2471823.099787081,-2471823.099787081,-1328273.2023672578,-1328273.2023672578,-1328273.2023672578,0.0,0.0,0.0,18898575.801254116
2023-09-26,22654639.25732334,1831982.170080269,35257791.582032576,22654639.25732334,22654639.25732334,-4597986.501944993,-4597986.501944993,-4597986.501944993,-2758137.711488552,-2758137.711488552,-2758137.711488552,-1839848.7904564408,-1839848.7904564408,-1839848.7904564408,0.0,0.0,0.0,18056652.755378347
2023-09-27,22610606.411238216,4181187.778079883,36750707.08449883,22610606.411238216,22610606.411238216,-3448456.08161537,-3448456.08161537,-3448456.08161537,-1074276.5511840722,-1074276.5511840722,-1074276.5511840722,-2374179.530431298,-2374179.530431298,-2374179.530431298,0.0,0.0,0.0,19162150.329622846
2023-09-28,22566573.5651531,4663919.049353493,38316093.24937659,22566573.5651531,22566573.5651531,-2012615.3306173077,-2012615.3306173077,-2012615.3306173077,901994.0573751392,901994.0573751392,901994.0573751392,-2914609.387992447,-2914609.387992447,-2914609.387992447,0.0,0.0,0.0,20553958.23453579
2023-09-29,22522540.71906798,3461971.611565907,35039366.7866153,22522540.71906798,22522540.71906798,-3279287.512091834,-3279287.512091834,-3279287.512091834,164624.10669711445,164624.10669711445,164624.10669711445,-3443911.6187889487,-3443911.6187889487,-3443911.6187889487,0.0,0.0,0.0,19243253.206976146
2023-10-02,22390442.180812616,-1614987.7011457738,29984430.996049725,22390442.180812616,22390442.180812616,-7264518.2451922055,-7264518.2451922055,-7264518.2451922055,-2471823.099790687,-2471823.099790687,-2471823.099790687,-4792695.145401518,-4792695.145401518,-4792695.145401518,0.0,0.0,0.0,15125923.93562041
2023-10-03,22346409.334727496,-2154610.002411929,30399177.84806311,22346409.334727496,22346409.334727496,-7866091.463488225,-7866091.463488225,-7866091.463488225,-2758137.7114880565,-2758137.7114880565,-2758137.7114880565,-5107953.752000168,-5107953.752000168,-5107953.752000168,0.0,0.0,0.0,14480317.871239271
2023-10-04,22302376.488642376,76435.34919710817,31236499.5445523,22302376.488642376,22302376.488642376,-6405803.238604555,-6405803.238604555,-6405803.238604555,-1074276.5511828917,-1074276.5511828917,-1074276.5511828917,-5331526.687421664,-5331526.687421664,-5331526.687421664,0.0,0.0,0.0,15896573.250037821
2023-10-05,22258343.642557256,-372097.55457219505,34539103.09782887,22258343.642557256,22258343.642557256,-4549157.740057552,-4549157.740057552,-4549157.740057552,901994.0573741876,901994.0573741876,901994.0573741876,-5451151.797431739,-5451151.797431739,-5451151.797431739,0.0,0.0,0.0,17709185.902499706
2023-10-06,22214310.796472143,321488.7230882919,32792523.637911774,22214310.796472143,22214310.796472143,-5292027.647958044,-5292027.647958044,-5292027.647958044,164624.1066950214,164624.1066950214,164624.1066950214,-5456651.754653066,-5456651.754653066,-5456651.754653066,0.0,0.0,0.0,16922283.1485141
2023-10-09,22082212.258216772,-1384382.2086836514,31497645.059979334,22082212.258216772,22082212.258216772,-7194937.542163565,-7194937.542163565,-7194937.542163565,-2471823.0997777493,-2471823.0997777493,-2471823.0997777493,-4723114.442385815,-4723114.442385815,-4723114.442385815,0.0,0.0,0.0,14887274.716053206
2023-10-10,22038179.41213166,-2563138.5945387697,32169632.99104191,22038179.41213166,22038179.41213166,-6978356.398335991,-6978356.398335991,-6978356.398335991,-2758137.7114857137,-2758137.7114857137,-2758137.7114857137,-4220218.686850277,-4220218.686850277,-4220218.686850277,0.0,0.0,0.0,15059823.013795668
2023-10-11,21994146.56604654,638930.8690721355,33254900.672878865,21994146.56604654,21994146.56604654,-4665252.381970867,-4665252.381970867,-4665252.381970867,-1074276.5511797438,-1074276.5511797438,-1074276.5511797438,-3590975.8307911227,-3590975.8307911227,-3590975.8307911227,0.0,0.0,0.0,17328894.184075672
2023-10-12,21950113.71996142,2340963.191703823,35263648.26820754,21950113.71996142,21950113.71996142,-1939340.500934883,-1939340.500934883,-1939340.500934883,901994.0573759315,901994.0573759315,901994.0573759315,-2841334.5583108147,-2841334.5583108147,-2841334.5583108147,0.0,0.0,0.0,20010773.219026536
2023-10-13,21906080.873876296,3251882.944394118,36541366.572644465,21906080.873876296,21906080.873876296,-1815344.226812305,-1815344.226812305,-1815344.226812305,164624.1066918521,164624.1066918521,164624.1066918521,-1979968.3335041571,-1979968.3335041571,-1979968.3335041571,0.0,0.0,0.0,20090736.647063993
2023-10-16,21773982.335620936,2995343.8483566125,37790073.339295216,21773982.335620936,21773982.335620936,-1321261.4869524105,-1321261.4869524105,-1321261.4869524105,-2471823.099781356,-2471823.099781356,-2471823.099781356,1150561.6128289455,1150561.6128289455,1150561.6128289455,0.0,0.0,0.0,20452720.848668527
2023-10-17,21729949.489535816,4189712.9121734337,37575506.19478813,21729949.489535816,21729949.489535816,-433879.74239425425,-433879.74239425425,-433879.74239425425,-2758137.7114852173,-2758137.7114852173,-2758137.7114852173,2324257.9690909632,2324257.9690909632,2324257.9690909632,0.0,0.0,0.0,21296069.747141562
2023-10-18,21685916.6434507,7215333.038528711,39728948.57680435,21685916.6434507,21685916.6434507,2458560.5356100453,2458560.5356100453,2458560.5356100453,-1074276.5511785632,-1074276.5511785632,-1074276.5511785632,3532837.0867886087,3532837.0867886087,3532837.0867886087,0.0,0.0,0.0,24144477.179060746
2023-10-19,21641883.797365572,10974857.385760391,43682753.26676698,21641883.797365572,21641883.797365572,5658391.569882721,5658391.569882721,5658391.569882721,901994.0573741458,901994.0573741458,901994.0573741458,4756397.512508575,4756397.512508575,4756397.512508575,0.0,0.0,0.0,27300275.367248293
2023-10-20,21597850.95128046,11335341.673794761,44918470.41829275,21597850.95128046,21597850.95128046,6139039.514011694,6139039.514011694,6139039.514011694,164624.1066897591,164624.1066897591,164624.1066897591,5974415.407321935,5974415.407321935,5974415.407321935,0.0,0.0,0.0,27736890.465292156
2023-10-23,21465752.413025092,12804201.269414965,44264317.3961927,21465752.413025092,21465752.413025092,6917703.339834678,6917703.339834678,6917703.339834678,-2471823.0997849624,-2471823.0997849624,-2471823.0997849624,9389526.43961964,9389526.43961964,9389526.43961964,0.0,0.0,0.0,28383455.75285977
2023-10-24,21421719.566939976,11821407.67369371,44618294.42143353,21421719.566939976,21421719.566939976,7624347.683007018,7624347.683007018,7624347.683007018,-2758137.711490457,-2758137.711490457,-2758137.711490457,10382485.394497475,10382485.394497475,10382485.394497475,0.0,0.0,0.0,29046067.249946993
2023-10-25,21382578.03548319,15580286.218834996,47685028.085146904,21382578.03548319,21382578.03548319,10198390.4133254,10198390.4133254,10198390.4133254,-1074276.5511773827,-1074276.5511773827,-1074276.5511773827,11272666.964502783,11272666.964502783,11272666.964502783,0.0,0.0,0.0,31580968.448808588
2023-10-26,21343436.504026394,18835314.19140477,50506442.268321045,21343436.504026394,21343436.504026394,12946484.913958682,12946484.913958682,12946484.913958682,901994.0573758899,901994.0573758899,901994.0573758899,12044490.856582792,12044490.856582792,12044490.856582792,0.0,0.0,0.0,34289921.417985074
2023-10-27,21304294.972569603,17423487.55166114,52031817.74529789,21304294.972569603,21304294.972569603,12849094.405840797,12849094.405840797,12849094.405840797,164624.10669153958,164624.10669153958,164624.10669153958,12684470.299149256,12684470.299149256,12684470.299149256,0.0,0.0,0.0,34153389.3784104
2023-10-30,21186870.37819923,15182792.514742022,48755349.70068939,21186870.37819923,21186870.37819923,11243222.99591337,11243222.99591337,11243222.99591337,-2471823.0997885694,-2471823.0997885694,-2471823.0997885694,13715046.095701938,13715046.095701938,13715046.095701938,0.0,0.0,0.0,32430093.3741126
2023-10-31,21147728.846742436,14660704.162127752,48822829.35693623,21147728.846742436,21147728.846742436,10984625.779121745,10984625.779121745,10984625.779121745,-2758137.711489961,-2758137.711489961,-2758137.711489961,13742763.490611708,13742763.490611708,13742763.490611708,0.0,0.0,0.0,32132354.62586418
2023-11-01,21108587.31528565,18798308.246411573,50429534.45053517,21108587.31528565,21108587.31528565,12535670.117121436,12535670.117121436,12535670.117121436,-1074276.5511742346,-1074276.5511742346,-1074276.5511742346,13609946.668295672,13609946.668295672,13609946.668295672,0.0,0.0,0.0,33644257.43240708
2023-11-02,21069445.783828855,18752987.45722773,52724021.6506753,21069445.783828855,21069445.783828855,14221277.001277976,14221277.001277976,14221277.001277976,901994.0573722427,901994.0573722427,901994.0573722427,13319282.943905732,13319282.943905732,13319282.943905732,0.0,0.0,0.0,35290722.78510683
2023-11-03,21030304.252372064,17927212.082181476,50316178.157878496,21030304.252372064,21030304.252372064,13040841.866567506,13040841.866567506,13040841.866567506,164624.1066933201,164624.1066933201,164624.1066933201,12876217.759874186,12876217.759874186,12876217.759874186,0.0,0.0,0.0,34071146.11893957
2023-11-06,20912879.65800169,13085223.93524354,46506064.160504475,20912879.65800169,20912879.65800169,8253386.270209681,8253386.270209681,8253386.270209681,-2471823.099789529,-2471823.099789529,-2471823.099789529,10725209.36999921,10725209.36999921,10725209.36999921,0.0,0.0,0.0,29166265.928211372
2023-11-07,20873738.126544897,11527449.715520456,43228499.816064596,20873738.126544897,20873738.126544897,7018174.293243854,7018174.293243854,7018174.293243854,-2758137.7114885417,-2758137.7114885417,-2758137.7114885417,9776312.004732395,9776312.004732395,9776312.004732395,0.0,0.0,0.0,27891912.41978875
2023-11-08,20834596.595088106,11961256.440157862,44825250.36389329,20834596.595088106,20834596.595088106,7662837.4061892945,7662837.4061892945,7662837.4061892945,-1074276.551173054,-1074276.551173054,-1074276.551173054,8737113.957362348,8737113.957362348,8737113.957362348,0.0,0.0,0.0,28497434.001277402
2023-11-09,20795455.06363131,12787144.825190818,45368768.82589363,20795455.06363131,20795455.06363131,8527100.619575543,8527100.619575543,8527100.619575543,901994.057375848,901994.057375848,901994.057375848,7625106.562199696,7625106.562199696,7625106.562199696,0.0,0.0,0.0,29322555.683206856
2023-11-10,20756313.532174524,11795001.998391094,44156772.289147995,20756313.532174524,20756313.532174524,6623315.316139122,6623315.316139122,6623315.316139122,164624.10669510072,164624.10669510072,164624.10669510072,6458691.209444021,6458691.209444021,6458691.209444021,0.0,0.0,0.0,27379628.848313645
2023-11-13,20638888.93780416,5911242.024248267,38039240.8069157,20638888.93780416,20638888.93780416,351060.7461302804,351060.7461302804,351060.7461302804,-2471823.0997957825,-2471823.0997957825,-2471823.0997957825,2822883.8459260627,2822883.8459260627,2822883.8459260627,0.0,0.0,0.0,20989949.68393444
2023-11-14,20599747.40634736,1994808.9672116984,35558184.47993632,20599747.40634736,20599747.40634736,-1130037.3310138546,-1130037.3310138546,-1130037.3310138546,-2758137.711487123,-2758137.711487123,-2758137.711487123,1628100.3804732682,1628100.3804732682,1628100.3804732682,0.0,0.0,0.0,19469710.075333506
2023-11-15,20560605.874890573,3208976.4645404033,36977663.27776273,20560605.874890573,20560605.874890573,-602595.9187668294,-602595.9187668294,-602595.9187668294,-1074276.551181576,-1074276.551181576,-1074276.551181576,471680.63241474656,471680.63241474656,471680.63241474656,0.0,0.0,0.0,19958009.956123743
2023-11-16,20521464.34343378,4633179.401988497,37326552.589110054,20521464.34343378,20521464.34343378,271876.7883674247,271876.7883674247,271876.7883674247,901994.0573748964,901994.0573748964,901994.0573748964,-630117.2690074717,-630117.2690074717,-630117.2690074717,0.0,0.0,0.0,20793341.131801203
2023-11-17,20482322.811976988,4129345.1659090426,36228647.424992494,20482322.811976988,20482322.811976988,-1497890.605026496,-1497890.605026496,-1497890.605026496,164624.10669300772,164624.10669300772,164624.10669300772,-1662514.7117195039,-1662514.7117195039,-1662514.7117195039,0.0,0.0,0.0,18984432.206950493
2023-11-20,20364898.217606615,-2857297.9397519417,30476927.820908543,20364898.217606615,20364898.217606615,-6694298.080296991,-6694298.080296991,-6694298.080296991,-2471823.0997801977,-2471823.0997801977,-2471823.0997801977,-4222474.980516793,-4222474.980516793,-4222474.980516793,0.0,0.0,0.0,13670600.137309624
2023-11-21,20325756.68614982,-4434865.801220115,29075521.31133374,20325756.68614982,20325756.68614982,-7624755.866643124,-7624755.866643124,-7624755.866643124,-2758137.7114857035,-2758137.7114857035,-2758137.7114857035,-4866618.15515742,-4866618.15515742,-4866618.15515742,0.0,0.0,0.0,12701000.819506697
2023-11-22,20286615.154693034,-3074525.0042416058,29686178.052602846,20286615.154693034,20286615.154693034,-6470872.438532536,-6470872.438532536,-6470872.438532536,-1074276.5511794116,-1074276.5511794116,-1074276.5511794116,-5396595.887353124,-5396595.887353124,-5396595.887353124,0.0,0.0,0.0,13815742.716160499
2023-11-24,20208332.091779448,-3348007.8668445214,31060074.481257524,20208332.091779448,20208332.091779448,-5942222.408663035,-5942222.408663035,-5942222.408663035,164624.10669866184,164624.10669866184,164624.10669866184,-6106846.515361697,-6106846.515361697,-6106846.515361697,0.0,0.0,0.0,14266109.683116414
2023-11-27,20090907.497409075,-5815813.169079706,26624639.13475559,20090907.497409075,20090907.497409075,-8799731.813129913,-8799731.813129913,-8799731.813129913,-2471823.0997838043,-2471823.0997838043,-2471823.0997838043,-6327908.713346109,-6327908.713346109,-6327908.713346109,0.0,0.0,0.0,11291175.684279162
2023-11-28,20051765.96595228,-4976222.501854012,28521094.770740233,20051765.96595228,20051765.96595228,-8956466.126323862,-8956466.126323862,-8956466.126323862,-2758137.7114852075,-2758137.7114852075,-2758137.7114852075,-6198328.414838655,-6198328.414838655,-6198328.414838655,0.0,0.0,0.0,11095299.839628419
2023-11-29,20012624.43449549,-2993330.01350843,29568670.888808273,20012624.43449549,20012624.43449549,-7055517.4875276275,-7055517.4875276275,-7055517.4875276275,-1074276.5511772477,-1074276.5511772477,-1074276.5511772477,-5981240.93635038,-5981240.93635038,-5981240.93635038,0.0,0.0,0.0,12957106.946967863
2023-11-30,19973482.903038695,-1854304.325007846,31273752.234222393,19973482.903038695,19973482.903038695,-4785202.506638066,-4785202.506638066,-4785202.506638066,901994.0573783843,901994.0573783843,901994.0573783843,-5687196.56401645,-5687196.56401645,-5687196.56401645,0.0,0.0,0.0,15188280.39640063
2023-12-01,19934341.37158191,-1315365.186129539,31361634.6404879,19934341.37158191,19934341.37158191,-5163168.774575745,-5163168.774575745,-5163168.774575745,164624.10669161892,164624.10669161892,164624.10669161892,-5327792.881267363,-5327792.881267363,-5327792.881267363,0.0,0.0,0.0,14771172.597006164
2023-12-04,19816916.777211536,-2443571.749503765,30771621.07349889,19816916.777211536,19816916.777211536,-6455512.164440664,-6455512.164440664,-6455512.164440664,-2471823.0997847635,-2471823.0997847635,-2471823.0997847635,-3983689.0646559,-3983689.0646559,-3983689.0646559,0.0,0.0,0.0,13361404.61277087
2023-12-05,19777775.24575474,-3430729.8518857444,28848915.325181272,19777775.24575474,19777775.24575474,-6248846.2144279815,-6248846.2144279815,-6248846.2144279815,-2758137.7114828653,-2758137.7114828653,-2758137.7114828653,-3490708.5029451163,-3490708.5029451163,-3490708.5029451163,0.0,0.0,0.0,13528929.03132676
2023-12-06,19738633.71429795,-1078798.1366776342,33243646.429373924,19738633.71429795,19738633.71429795,-4071275.126341716,-4071275.126341716,-4071275.126341716,-1074276.5511857695,-1074276.5511857695,-1074276.5511857695,-2996998.575155946,-2996998.575155946,-2996998.575155946,0.0,0.0,0.0,15667358.587956235
2023-12-07,19699492.182841167,165801.2431210327,33391862.787758052,19699492.182841167,19699492.182841167,-1613041.407921819,-1613041.407921819,-1613041.407921819,901994.0573747371,901994.0573747371,901994.0573747371,-2515035.4652965562,-2515035.4652965562,-2515035.4652965562,0.0,0.0,0.0,18086450.774919346
2023-12-08,19660350.651384372,1381158.9041962584,33295682.556602478,19660350.651384372,19660350.651384372,-1891979.241013074,-1891979.241013074,-1891979.241013074,164624.10669339943,164624.10669339943,164624.10669339943,-2056603.3477064732,-2056603.3477064732,-2056603.3477064732,0.0,0.0,0.0,17768371.4103713
2023-12-11,19542926.057014,3423.447204590324,33796661.56266999,19542926.057014,19542926.057014,-3397812.1748005124,-3397812.1748005124,-3397812.1748005124,-2471823.099785723,-2471823.099785723,-2471823.099785723,-925989.0750147895,-925989.0750147895,-925989.0750147895,0.0,0.0,0.0,16145113.882213488
2023-12-12,19503784.525557205,332288.8318539747,31613617.608901966,19503784.525557205,19503784.525557205,-3417437.4024517573,-3417437.4024517573,-3417437.4024517573,-2758137.7114890274,-2758137.7114890274,-2758137.7114890274,-659299.69096273,-659299.69096273,-659299.69096273,0.0,0.0,0.0,16086347.123105448
2023-12-13,19464642.994100418,1982931.196590881,35696270.08640989,19464642.994100418,19464642.994100418,-1532924.51120109,-1532924.51120109,-1532924.51120109,-1074276.5511836053,-1074276.5511836053,-1074276.5511836053,-458647.96001748473,-458647.96001748473,-458647.96001748473,0.0,0.0,0.0,17931718.482899327
2023-12-14,19425501.462643627,4614540.974192422,37349122.19459873,19425501.462643627,19425501.462643627,573589.499192839,573589.499192839,573589.499192839,901994.0573764812,901994.0573764812,901994.0573764812,-328404.55818364216,-328404.55818364216,-328404.55818364216,0.0,0.0,0.0,19999090.961836465
2023-12-15,19386359.931186832,1939654.9406567365,35508140.06842447,19386359.931186832,19386359.931186832,-106783.1182946296,-106783.1182946296,-106783.1182946296,164624.10669130643,164624.10669130643,164624.10669130643,-271407.224985936,-271407.224985936,-271407.224985936,0.0,0.0,0.0,19279576.812892202
2023-12-18,19268935.33681646,-1236317.756961201,31884012.002261754,19268935.33681646,19268935.33681646,-3017003.7808738607,-3017003.7808738607,-3017003.7808738607,-2471823.099791977,-2471823.099791977,-2471823.099791977,-545180.6810818837,-545180.6810818837,-545180.6810818837,0.0,0.0,0.0,16251931.555942599
2023-12-19,19229793.805359673,-1262911.112540968,32558948.581930086,19229793.805359673,19229793.805359673,-3537096.300768891,-3537096.300768891,-3537096.300768891,-2758137.711486685,-2758137.711486685,-2758137.711486685,-778958.589282206,-778958.589282206,-778958.589282206,0.0,0.0,0.0,15692697.504590781
2023-12-20,19190652.273902863,885906.8970212787,33421035.54710993,19190652.273902863,19190652.273902863,-2151860.2529867967,-2151860.2529867967,-2151860.2529867967,-1074276.5511824246,-1074276.5511824246,-1074276.5511824246,-1077583.7018043722,-1077583.7018043722,-1077583.7018043722,0.0,0.0,0.0,17038792.020916067
2023-12-21,19160338.645949308,1819557.402258266,33018626.49510385,19160338.645949308,19160338.645949308,-533265.1284023274,-533265.1284023274,-533265.1284023274,901994.0573755295,901994.0573755295,901994.0573755295,-1435259.185777857,-1435259.185777857,-1435259.185777857,0.0,0.0,0.0,18627073.51754698
2023-12-22,19130025.017995745,1093275.9766902884,33747232.11175666,19130025.017995745,19130025.017995745,-1680415.4954410628,-1680415.4954410628,-1680415.4954410628,164624.10668921313,164624.10668921313,164624.10668921313,-1845039.6021302762,-1845039.6021302762,-1845039.6021302762,0.0,0.0,0.0,17449609.52255468
2023-12-26,19008770.50618152,-2879490.6860837494,29703785.836710148,19008770.50618152,19008770.50618152,-6591645.297278613,-6591645.297278613,-6591645.297278613,-2758137.7114861896,-2758137.7114861896,-2758137.7114861896,-3833507.5857924237,-3833507.5857924237,-3833507.5857924237,0.0,0.0,0.0,12417125.208902907
2023-12-27,18978456.878227957,-3459956.9571647006,28879463.459103767,18978456.878227957,18978456.878227957,-5443166.758516476,-5443166.758516476,-5443166.758516476,-1074276.5511802603,-1074276.5511802603,-1074276.5511802603,-4368890.207336215,-4368890.207336215,-4368890.207336215,0.0,0.0,0.0,13535290.119711481
2023-12-28,18948143.2502744,-1966505.496826239,30850762.206490453,18948143.2502744,18948143.2502744,-3996375.1943611004,-3996375.1943611004,-3996375.1943611004,901994.0573764393,901994.0573764393,901994.0573764393,-4898369.25173754,-4898369.25173754,-4898369.25173754,0.0,0.0,0.0,14951768.055913301
2023-12-29,18917829.62232084,-4051287.1314664492,29149833.15834234,18917829.62232084,18917829.62232084,-5246379.0139390705,-5246379.0139390705,-5246379.0139390705,164624.10669486708,164624.10669486708,164624.10669486708,-5411003.120633937,-5411003.120633937,-5411003.120633937,0.0,0.0,0.0,13671450.608381767
2024-01-02,18796575.110506605,-6740393.112215584,25659734.155849587,18796575.110506605,18796575.110506605,-9838203.017124772,-9838203.017124772,-9838203.017124772,-2758137.711491429,-2758137.711491429,-2758137.711491429,-7080065.305633342,-7080065.305633342,-7080065.305633342,0.0,0.0,0.0,8958372.093381833
2024-01-03,18766261.482553046,-6360137.031255955,26189730.762647934,18766261.482553046,18766261.482553046,-8426641.794819085,-8426641.794819085,-8426641.794819085,-1074276.5511790798,-1074276.5511790798,-1074276.5511790798,-7352365.2436400065,-7352365.2436400065,-7352365.2436400065,0.0,0.0,0.0,10339619.687733961
2024-01-04,18735947.854599487,-4688264.970184149,27878290.398070138,18735947.854599487,18735947.854599487,-6647145.076933488,-6647145.076933488,-6647145.076933488,901994.0573754878,901994.0573754878,901994.0573754878,-7549139.134308975,-7549139.134308975,-7549139.134308975,0.0,0.0,0.0,12088802.777665999
2024-01-05,18705634.226645924,-6292441.068412777,27423373.231675602,18705634.226645924,18705634.226645924,-7498528.669043179,-7498528.669043179,-7498528.669043179,164624.10669557174,164624.10669557174,164624.10669557174,-7663152.775738751,-7663152.775738751,-7663152.775738751,0.0,0.0,0.0,11207105.557602745
2024-01-08,18614693.342785258,-7987906.839131114,25314617.131134354,18614693.342785258,18614693.342785258,-9924865.184166526,-9924865.184166526,-9924865.184166526,-2471823.099783605,-2471823.099783605,-2471823.099783605,-7453042.084382923,-7453042.084382923,-7453042.084382923,0.0,0.0,0.0,8689828.158618731
2024-01-09,18584379.714831702,-7510526.54998234,24217438.502875008,18584379.714831702,18584379.714831702,-9944825.164330428,-9944825.164330428,-9944825.164330428,-2758137.7114900094,-2758137.7114900094,-2758137.7114900094,-7186687.452840421,-7186687.452840421,-7186687.452840421,0.0,0.0,0.0,8639554.550501274
2024-01-10,18554066.08687814,-5759087.40195128,27205769.28295671,18554066.08687814,18554066.08687814,-7893719.15728066,-7893719.15728066,-7893719.15728066,-1074276.551175932,-1074276.551175932,-1074276.551175932,-6819442.606104728,-6819442.606104728,-6819442.606104728,0.0,0.0,0.0,10660346.929597478
2024-01-11,18523752.45892458,-3526283.364536954,28985470.796825282,18523752.45892458,18523752.45892458,-5449832.559550266,-5449832.559550266,-5449832.559550266,901994.0573772317,901994.0573772317,901994.0573772317,-6351826.616927497,-6351826.616927497,-6351826.616927497,0.0,0.0,0.0,13073919.899374314
2024-01-12,18493438.83097102,-4732757.437053358,28222028.08068451,18493438.83097102,18493438.83097102,-5621217.049005083,-5621217.049005083,-5621217.049005083,164624.10669347874,164624.10669347874,164624.10669347874,-5785841.155698561,-5785841.155698561,-5785841.155698561,0.0,0.0,0.0,12872221.781965937
2024-01-16,18372184.31915679,-3263469.651107145,28986689.52147228,18372184.31915679,18372184.31915679,-5387981.92177516,-5387981.92177516,-5387981.92177516,-2758137.7114885906,-2758137.7114885906,-2758137.7114885906,-2629844.21028657,-2629844.21028657,-2629844.21028657,0.0,0.0,0.0,12984202.397381628
2024-01-17,18341870.691203225,-1145926.6548378812,32060180.59983086,18341870.691203225,18341870.691203225,-2727399.8919277885,-2727399.8919277885,-2727399.8919277885,-1074276.5511747515,-1074276.5511747515,-1074276.5511747515,-1653123.3407530372,-1653123.3407530372,-1653123.3407530372,0.0,0.0,0.0,15614470.799275437
2024-01-18,18311557.063249677,2473371.733890998,36013422.0352755,18311557.063249677,18311557.063249677,282002.88620148256,282002.88620148256,282002.88620148256,901994.0573762801,901994.0573762801,901994.0573762801,-619991.1711747976,-619991.1711747976,-619991.1711747976,0.0,0.0,0.0,18593559.94945116
2024-01-19,18281243.435296115,1921636.8425736094,33848318.90610108,18281243.435296115,18281243.435296115,622846.2398651793,622846.2398651793,622846.2398651793,164624.10669138574,164624.10669138574,164624.10669138574,458222.13317379367,458222.13317379367,458222.13317379367,0.0,0.0,0.0,18904089.675161295
2024-01-22,18190302.551435437,3197868.4958906327,36392333.60097216,18190302.551435437,18190302.551435437,1365408.04352139,1365408.04352139,1365408.04352139,-2471823.099790818,-2471823.099790818,-2471823.099790818,3837231.143312208,3837231.143312208,3837231.143312208,0.0,0.0,0.0,19555710.594956826
2024-01-23,18159988.92348188,4938717.79188303,37140751.13989718,18159988.92348188,18159988.92348188,2208477.899366826,2208477.899366826,2208477.899366826,-2758137.711488095,-2758137.711488095,-2758137.711488095,4966615.610854921,4966615.610854921,4966615.610854921,0.0,0.0,0.0,20368466.822848707
2024-01-24,18129675.29552832,6626751.732084889,40042375.82583717,18129675.29552832,18129675.29552832,4999883.646300545,4999883.646300545,4999883.646300545,-1074276.5511832733,-1074276.5511832733,-1074276.5511832733,6074160.197483818,6074160.197483818,6074160.197483818,0.0,0.0,0.0,23129558.94182886
2024-01-25,18099361.667574763,8708057.379867548,43064399.42158032,18099361.667574763,18099361.667574763,8047793.829052545,8047793.829052545,8047793.829052545,901994.0573780241,901994.0573780241,901994.0573780241,7145799.77167452,7145799.77167452,7145799.77167452,0.0,0.0,0.0,26147155.49662731
2024-01-26,18069048.039621208,9949662.903719453,42552517.9245438,18069048.039621208,18069048.039621208,8332376.817115459,8332376.817115459,8332376.817115459,164624.10669316584,164624.10669316584,164624.10669316584,8167752.710422292,8167752.710422292,8167752.710422292,0.0,0.0,0.0,26401424.856736667
2024-01-29,17978107.155760527,10431795.048054012,44441233.451002166,17978107.155760527,17978107.155760527,8334907.08491504,8334907.08491504,8334907.08491504,-2471823.0997778806,-2471823.0997778806,-2471823.0997778806,10806730.184692921,10806730.184692921,10806730.184692921,0.0,0.0,0.0,26313014.24067557
2024-01-30,17947793.527806975,11056039.138819322,42744186.98657464,17947793.527806975,17947793.527806975,8747617.56958073,8747617.56958073,8747617.56958073,-2758137.7114875983,-2758137.7114875983,-2758137.7114875983,11505755.281068329,11505755.281068329,11505755.281068329,0.0,0.0,0.0,26695411.097387705
2024-01-31,17917479.899853412,11935616.029100139,44620155.693759136,17917479.899853412,17917479.899853412,11024042.194677621,11024042.194677621,11024042.194677621,-1074276.551181109,-1074276.551181109,-1074276.551181109,12098318.74585873,12098318.74585873,12098318.74585873,0.0,0.0,0.0,28941522.094531033
2024-02-01,17887166.271899857,15443988.537774213,48384760.909286425,17887166.271899857,17887166.271899857,13478941.233426291,13478941.233426291,13478941.233426291,901994.0573735427,901994.0573735427,901994.0573735427,12576947.17605275,12576947.17605275,12576947.17605275,0.0,0.0,0.0,31366107.505326148
2024-02-02,17856852.6439463,12719390.056027794,46467592.43290063,17856852.6439463,17856852.6439463,13100493.079510028,13100493.079510028,13100493.079510028,164624.10669494697,164624.10669494697,164624.10669494697,12935868.972815081,12935868.972815081,12935868.972815081,0.0,0.0,0.0,30957345.72345633
2024-02-05,17765911.76008562,14024747.970580745,44914412.91579493,17765911.76008562,17765911.76008562,10792826.601435615,10792826.601435615,10792826.601435615,-2471823.09977884,-2471823.09977884,-2471823.09977884,13264649.701214453,13264649.701214453,13264649.701214453,0.0,0.0,0.0,28558738.361521237
2024-02-06,17735598.132132065,12362940.132694239,45706703.854295895,17735598.132132065,17735598.132132065,10366698.874931665,10366698.874931665,10366698.874931665,-2758137.711486179,-2758137.711486179,-2758137.711486179,13124836.586417846,13124836.586417846,13124836.586417846,0.0,0.0,0.0,28102297.00706373
2024-02-07,17705284.50417851,13775452.211589374,45497678.923911914,17705284.50417851,17705284.50417851,11791012.998205075,11791012.998205075,11791012.998205075,-1074276.551178945,-1074276.551178945,-1074276.551178945,12865289.54938402,12865289.54938402,12865289.54938402,0.0,0.0,0.0,29496297.502383582
2024-02-08,17674970.876224946,15067833.364510387,47170475.20676578,17674970.876224946,17674970.876224946,13393938.194677155,13393938.194677155,13393938.194677155,901994.0573752867,901994.0573752867,901994.0573752867,12491944.13730187,12491944.13730187,12491944.13730187,0.0,0.0,0.0,31068909.0709021
2024-02-09,17644657.248271387,13717609.69749926,46616874.99326596,17644657.248271387,17644657.248271387,12177223.004370334,12177223.004370334,12177223.004370334,164624.1066917776,164624.1066917776,164624.1066917776,12012598.897678558,12012598.897678558,12012598.897678558,0.0,0.0,0.0,29821880.252641723
2024-02-12,17553716.364410713,8304112.152494373,40598237.5171212,17553716.364410713,17553716.364410713,7569756.327382731,7569756.327382731,7569756.327382731,-2471823.0997850937,-2471823.0997850937,-2471823.0997850937,10041579.427167825,10041579.427167825,10041579.427167825,0.0,0.0,0.0,25123472.691793445
2024-02-13,17523402.736457158,6651425.514510794,41263899.147558875,17523402.736457158,17523402.736457158,6490158.4093700675,6490158.4093700675,6490158.4093700675,-2758137.71148476,-2758137.71148476,-2758137.71148476,9248296.120854827,9248296.120854827,9248296.120854827,0.0,0.0,0.0,24013561.145827226
2024-02-14,17493089.108503602,8497855.34676088,40939313.54116433,17493089.108503602,17493089.108503602,7336020.385518234,7336020.385518234,7336020.385518234,-1074276.5511777645,-1074276.5511777645,-1074276.5511777645,8410296.936695999,8410296.936695999,8410296.936695999,0.0,0.0,0.0,24829109.494021837
2024-02-15,17462775.48055004,9091564.093655366,43266538.18518601,17462775.48055004,17462775.48055004,8444720.29847249,8444720.29847249,8444720.29847249,901994.057374335,901994.057374335,901994.057374335,7542726.241098155,7542726.241098155,7542726.241098155,0.0,0.0,0.0,25907495.77902253
2024-02-16,17432461.852596484,8360685.904117105,39790245.26077467,17432461.852596484,17432461.852596484,6825678.969912411,6825678.969912411,6825678.969912411,164624.10668968453,164624.10668968453,164624.10668968453,6661054.863222727,6661054.863222727,6661054.863222727,0.0,0.0,0.0,24258140.822508894
2024-02-20,17311207.34078225,2603200.553196751,34159607.24374431,17311207.34078225,17311207.34078225,539095.2030191681,539095.2030191681,539095.2030191681,-2758137.7114899997,-2758137.7114899997,-2758137.7114899997,3297232.914509168,3297232.914509168,3297232.914509168,0.0,0.0,0.0,17850302.54380142
2024-02-21,17295234.71201927,2339137.438397212,34745520.109916136,17295234.71201927,17295234.71201927,1493093.5783257904,1493093.5783257904,1493093.5783257904,-1074276.5511765834,-1074276.5511765834,-1074276.5511765834,2567370.1295023737,2567370.1295023737,2567370.1295023737,0.0,0.0,0.0,18788328.290345058
2024-02-22,17279262.083256286,3667047.731642088,36235710.4993053,17279262.083256286,17279262.083256286,2808266.3014138904,2808266.3014138904,2808266.3014138904,901994.057376079,901994.057376079,901994.057376079,1906272.2440378114,1906272.2440378114,1906272.2440378114,0.0,0.0,0.0,20087528.384670176
2024-02-23,17263289.454493303,502856.572262139,35008683.76539243,17263289.454493303,17263289.454493303,1488108.8527780983,1488108.8527780983,1488108.8527780983,164624.10669533818,164624.10669533818,164624.10669533818,1323484.7460827602,1323484.7460827602,1323484.7460827602,0.0,0.0,0.0,18751398.307271402
2024-02-26,17215371.56820436,-1162488.7742706318,30807569.845418762,17215371.56820436,17215371.56820436,-2359718.675889773,-2359718.675889773,-2359718.675889773,-2471823.09978966,-2471823.09978966,-2471823.09978966,112104.42389988701,112104.42389988701,112104.42389988701,0.0,0.0,0.0,14855652.892314585
2024-02-27,17199398.93944137,-619071.8353352618,29733509.83863852,17199398.93944137,17199398.93944137,-2858778.924036268,-2858778.924036268,-2858778.924036268,-2758137.7114895033,-2758137.7114895033,-2758137.7114895033,-100641.2125467649,-100641.2125467649,-100641.2125467649,0.0,0.0,0.0,14340620.015405104
2024-02-28,17183426.31067839,-38002.220591223246,31054608.104237307,17183426.31067839,17183426.31067839,-1291499.2847244565,-1291499.2847244565,-1291499.2847244565,-1074276.551184122,-1074276.551184122,-1074276.551184122,-217222.73354033448,-217222.73354033448,-217222.73354033448,0.0,0.0,0.0,15891927.025953932
2024-02-29,17167453.681915406,1192209.6668936126,34464178.386270106,17167453.681915406,17167453.681915406,661503.2355867616,661503.2355867616,661503.2355867616,901994.0573751274,901994.0573751274,901994.0573751274,-240490.8217883658,-240490.8217883658,-240490.8217883658,0.0,0.0,0.0,17828956.91750217
2024-03-01,17151481.053152423,1034290.265938345,33271545.579345506,17151481.053152423,17151481.053152423,-10740.140492402548,-10740.140492402548,-10740.140492402548,164624.1066932456,164624.1066932456,164624.1066932456,-175364.24718564813,-175364.24718564813,-175364.24718564813,0.0,0.0,0.0,17140740.91266002
2024-03-04,17103563.166863475,-1696233.3382280034,32445035.82706377,17103563.166863475,17103563.166863475,-1998688.8804327103,-1998688.8804327103,-1998688.8804327103,-2471823.0997906197,-2471823.0997906197,-2471823.0997906197,473134.2193579096,473134.2193579096,473134.2193579096,0.0,0.0,0.0,15104874.286430765
2024-03-05,17087590.53810049,-786792.7378320253,31789975.529309675,17087590.53810049,17087590.53810049,-1951520.2254197695,-1951520.2254197695,-1951520.2254197695,-2758137.711487161,-2758137.711487161,-2758137.711487161,806617.4860673911,806617.4860673911,806617.4860673911,0.0,0.0,0.0,15136070.31268072
2024-03-06,17071617.90933751,164247.0456431457,33909860.41300961,17071617.90933751,17071617.90933751,104496.76569295985,104496.76569295985,104496.76569295985,-1074276.5511809739,-1074276.5511809739,-1074276.5511809739,1178773.3168739337,1178773.3168739337,1178773.3168739337,0.0,0.0,0.0,17176114.67503047
2024-03-07,17055645.280574523,2674113.668985999,35489299.37396337,17055645.280574523,17055645.280574523,2478329.0180918016,2478329.0180918016,2478329.0180918016,901994.0573760374,901994.0573760374,901994.0573760374,1576334.960715764,1576334.960715764,1576334.960715764,0.0,0.0,0.0,19533974.298666324
2024-03-08,17039672.651811544,3194430.9589815694,36025655.413121454,17039672.651811544,17039672.651811544,2150249.0419534324,2150249.0419534324,2150249.0419534324,164624.10669502575,164624.10669502575,164624.10669502575,1985624.9352584067,1985624.9352584067,1985624.9352584067,0.0,0.0,0.0,19189921.693764977
2024-03-11,16991754.765522595,1291254.5041516516,33409883.96721105,16991754.765522595,16991754.765522595,676035.9463314196,676035.9463314196,676035.9463314196,-2471823.099794226,-2471823.099794226,-2471823.099794226,3147859.0461256457,3147859.0461256457,3147859.0461256457,0.0,0.0,0.0,17667790.711854015
2024-03-12,16975782.13675961,2400424.8061663317,34598764.5836812,16975782.13675961,16975782.13675961,712461.7530634643,712461.7530634643,712461.7530634643,-2758137.711486665,-2758137.711486665,-2758137.711486665,3470599.464550129,3470599.464550129,3470599.464550129,0.0,0.0,0.0,17688243.88982307
2024-03-13,16959809.50799663,2385492.215519042,34951910.217607826,16959809.50799663,16959809.50799663,2667687.883957084,2667687.883957084,2667687.883957084,-1074276.5511797934,-1074276.5511797934,-1074276.5511797934,3741964.4351368775,3741964.4351368775,3741964.4351368775,0.0,0.0,0.0,19627497.391953714
2024-03-14,16943836.879233643,5436318.089138211,37534704.541339055,16943836.879233643,16943836.879233643,4854526.518632756,4854526.518632756,4854526.518632756,901994.0573750857,901994.0573750857,901994.0573750857,3952532.46125767,3952532.46125767,3952532.46125767,0.0,0.0,0.0,21798363.397866398
2024-03-15,16927864.25047066,4513676.147364737,37495461.97019813,16927864.25047066,16927864.25047066,4259175.7556331195,4259175.7556331195,4259175.7556331195,164624.10669293272,164624.10669293272,164624.10669293272,4094551.648940186,4094551.648940186,4094551.648940186,0.0,0.0,0.0,21187040.00610378
2024-03-18,16879946.364181712,2510894.2134726187,33927043.36154508,16879946.364181712,16879946.364181712,1588634.072018227,1588634.072018227,1588634.072018227,-2471823.099781288,-2471823.099781288,-2471823.099781288,4060457.1717995154,4060457.1717995154,4060457.1717995154,0.0,0.0,0.0,18468580.43619994
2024-03-19,16863973.735418726,1563069.3700628332,34314937.368202664,16863973.735418726,16863973.735418726,1131604.8787759016,1131604.8787759016,1131604.8787759016,-2758137.7114852457,-2758137.7114852457,-2758137.7114852457,3889742.5902611474,3889742.5902611474,3889742.5902611474,0.0,0.0,0.0,17995578.614194628
2024-03-20,16848001.106655747,4142189.46238469,36300375.187222965,16848001.106655747,16848001.106655747,2567402.608489612,2567402.608489612,2567402.608489612,-1074276.5511786127,-1074276.5511786127,-1074276.5511786127,3641679.159668225,3641679.159668225,3641679.159668225,0.0,0.0,0.0,19415403.715145357
2024-03-21,16832028.47789276,4309878.268744694,37180632.76265188,16832028.47789276,16832028.47789276,4222785.954833901,4222785.954833901,4222785.954833901,901994.0573768297,901994.0573768297,901994.0573768297,3320791.897457071,3320791.897457071,3320791.897457071,0.0,0.0,0.0,21054814.43272666
2024-03-22,16816055.84912978,3299603.9619890545,36453644.363056876,16816055.84912978,16816055.84912978,3098183.270451465,3098183.270451465,3098183.270451465,164624.10669471338,164624.10669471338,164624.10669471338,2933559.1637567515,2933559.1637567515,2933559.1637567515,0.0,0.0,0.0,19914239.119581245
2024-03-25,16768137.962840833,-1977637.6279525328,31249379.561502066,16768137.962840833,16768137.962840833,-1007608.9845182294,-1007608.9845182294,-1007608.9845182294,-2471823.099784895,-2471823.099784895,-2471823.099784895,1464214.1152666656,1464214.1152666656,1464214.1152666656,0.0,0.0,0.0,15760528.978322603
2024-03-26,16752165.334077848,-1814684.1983693598,30639362.12448051,16752165.334077848,16752165.334077848,-1849167.3486775868,-1849167.3486775868,-1849167.3486775868,-2758137.71148475,-2758137.71148475,-2758137.71148475,908970.3628071626,908970.3628071626,908970.3628071626,0.0,0.0,0.0,14902997.985400261
2024-03-27,16736192.705314863,493339.616007165,31716527.53755324,16736192.705314863,16736192.705314863,-732224.0037340644,-732224.0037340644,-732224.0037340644,-1074276.5511764488,-1074276.5511764488,-1074276.5511764488,342052.54744238453,342052.54744238453,342052.54744238453,0.0,0.0,0.0,16003968.701580798
2024-03-28,16720220.076551879,617205.3553444598,33267144.400135405,16720220.076551879,16720220.076551879,678951.3112841999,678951.3112841999,678951.3112841999,901994.0573731824,901994.0573731824,901994.0573731824,-223042.7460889825,-223042.7460889825,-223042.7460889825,0.0,0.0,0.0,17399171.38783608
2024-04-01,16656329.56149995,-3765257.069697089,28795504.494869225,16656329.56149995,16656329.56149995,-4670033.427188167,-4670033.427188167,-4670033.427188167,-2471823.0997858546,-2471823.0997858546,-2471823.0997858546,-2198210.3274023132,-2198210.3274023132,-2198210.3274023132,0.0,0.0,0.0,11986296.134311782
2024-04-02,16640356.932736965,-5052367.105665833,26172586.42075318,16640356.932736965,16640356.932736965,-5317391.007604342,-5317391.007604342,-5317391.007604342,-2758137.711489067,-2758137.711489067,-2758137.711489067,-2559253.296115275,-2559253.296115275,-2559253.296115275,0.0,0.0,0.0,11322965.925132623
2024-04-03,16624384.303973984,-1945750.2300271585,29214256.97001357,16624384.303973984,16624384.303973984,-3920711.0892615723,-3920711.0892615723,-3920711.0892615723,-1074276.551185954,-1074276.551185954,-1074276.551185954,-2846434.5380756184,-2846434.5380756184,-2846434.5380756184,0.0,0.0,0.0,12703673.214712411
2024-04-04,16608411.675211003,-1152353.2550690058,31366836.359181695,16608411.675211003,16608411.675211003,-2150024.728243966,-2150024.728243966,-2150024.728243966,901994.0573749264,901994.0573749264,901994.0573749264,-3052018.7856188924,-3052018.7856188924,-3052018.7856188924,0.0,0.0,0.0,14458386.946967037
2024-04-05,16592439.046448018,-2368191.1402219813,28827066.69989628,16592439.046448018,16592439.046448018,-3005495.0104892883,-3005495.0104892883,-3005495.0104892883,164624.10669332504,164624.10669332504,164624.10669332504,-3170119.1171826134,-3170119.1171826134,-3170119.1171826134,0.0,0.0,0.0,13586944.03595873
2024-04-08,16544521.160159068,-5901890.150045582,26590774.956749465,16544521.160159068,16544521.160159068,-5442913.977344706,-5442913.977344706,-5442913.977344706,-2471823.099792108,-2471823.099792108,-2471823.099792108,-2971090.8775525973,-2971090.8775525973,-2971090.8775525973,0.0,0.0,0.0,11101607.182814363
2024-04-09,16528548.531396084,-4593281.736844045,26068527.34952505,16528548.531396084,16528548.531396084,-5479558.146532174,-5479558.146532174,-5479558.146532174,-2758137.7114876476,-2758137.7114876476,-2758137.7114876476,-2721420.4350445266,-2721420.4350445266,-2721420.4350445266,0.0,0.0,0.0,11048990.38486391
2024-04-10,16512575.9026331,-3228553.2230539205,29702819.031707775,16512575.9026331,16512575.9026331,-3460198.0821092147,-3460198.0821092147,-3460198.0821092147,-1074276.5511828063,-1074276.5511828063,-1074276.5511828063,-2385921.5309264087,-2385921.5309264087,-2385921.5309264087,0.0,0.0,0.0,13052377.820523886
2024-04-11,16496603.27387012,-823429.3374277869,31968987.60045897,16496603.27387012,16496603.27387012,-1069115.3412395779,-1069115.3412395779,-1069115.3412395779,901994.0573766704,901994.0573766704,901994.0573766704,-1971109.3986162483,-1971109.3986162483,-1971109.3986162483,0.0,0.0,0.0,15427487.932630543
2024-04-12,16480630.645107135,-1260549.9731195157,30893350.293458227,16480630.645107135,16480630.645107135,-1320692.7756982062,-1320692.7756982062,-1320692.7756982062,164624.10669510526,164624.10669510526,164624.10669510526,-1485316.8823933112,-1485316.8823933112,-1485316.8823933112,0.0,0.0,0.0,15159937.86940893
2024-04-15,16432712.758818189,-1466111.9598673908,30822479.027131278,16432712.758818189,16432712.758818189,-2180115.166183934,-2180115.166183934,-2180115.166183934,-2471823.0997930677,-2471823.0997930677,-2471823.0997930677,291707.93360913364,291707.93360913364,291707.93360913364,0.0,0.0,0.0,14252597.592634255
2024-04-16,16416740.130055208,-843445.1921266881,30703868.148983877,16416740.130055208,16416740.130055208,-1808816.0816044533,-1808816.0816044533,-1808816.0816044533,-2758137.7114862283,-2758137.7114862283,-2758137.7114862283,949321.6298817754,949321.6298817754,949321.6298817754,0.0,0.0,0.0,14607924.048450755
2024-04-17,16400767.50129222,-10500.60924564823,32035917.4964441,16400767.50129222,16400767.50129222,542728.4883583479,542728.4883583479,542728.4883583479,-1074276.5511816256,-1074276.5511816256,-1074276.5511816256,1617005.0395399735,1617005.0395399735,1617005.0395399735,0.0,0.0,0.0,16943495.989650566
2024-04-18,16395124.890614202,793847.4362697749,35897166.31936497,16395124.890614202,16395124.890614202,3182704.357623544,3182704.357623544,3182704.357623544,901994.0573757187,901994.0573757187,901994.0573757187,2280710.3002478257,2280710.3002478257,2280710.3002478257,0.0,0.0,0.0,19577829.248237748
2024-04-19,16389482.27993618,2441553.8784470307,34877321.91921386,16389482.27993618,16389482.27993618,3091119.425716721,3091119.425716721,3091119.425716721,164624.10669193562,164624.10669193562,164624.10669193562,2926495.3190247854,2926495.3190247854,2926495.3190247854,0.0,0.0,0.0,19480601.7056529
2024-04-22,16372554.447902126,1658460.0208839504,35835061.50809211,16372554.447902126,16372554.447902126,2153137.1652758606,2153137.1652758606,2153137.1652758606,-2471823.0997940274,-2471823.0997940274,-2471823.0997940274,4624960.265069888,4624960.265069888,4624960.265069888,0.0,0.0,0.0,18525691.613177985
2024-04-23,16366911.83722411,1513846.2698456976,36717976.28453505,16366911.83722411,16366911.83722411,2314234.6356627853,2314234.6356627853,2314234.6356627853,-2758137.711485732,-2758137.711485732,-2758137.711485732,5072372.347148517,5072372.347148517,5072372.347148517,0.0,0.0,0.0,18681146.472886894
2024-04-24,16361269.22654609,4733125.547740668,37321439.09485886,16361269.22654609,16361269.22654609,4369793.287168758,4369793.287168758,4369793.287168758,-1074276.5511794614,-1074276.5511794614,-1074276.5511794614,5444069.83834822,5444069.83834822,5444069.83834822,0.0,0.0,0.0,20731062.51371485
2024-04-25,16355626.615868071,7121811.5664875945,39688830.32238732,16355626.615868071,16355626.615868071,6634600.384078617,6634600.384078617,6634600.384078617,901994.0573793242,901994.0573793242,901994.0573793242,5732606.326699293,5732606.326699293,5732606.326699293,0.0,0.0,0.0,22990226.999946687
2024-04-26,16349984.005190052,5970713.939802499,39479683.79981108,16349984.005190052,16349984.005190052,6096946.824505512,6096946.824505512,6096946.824505512,164624.10668984306,164624.10668984306,164624.10668984306,5932322.717815669,5932322.717815669,5932322.717815669,0.0,0.0,0.0,22446930.829695564
2024-04-29,16333056.173155997,3441845.911219427,36199865.403964564,16333056.173155997,16333056.173155997,3498622.7344423416,3498622.7344423416,3498622.7344423416,-2471823.0997837363,-2471823.0997837363,-2471823.0997837363,5970445.834226078,5970445.834226078,5970445.834226078,0.0,0.0,0.0,19831678.90759834
2024-04-30,16327413.562477978,1960109.8890951993,36246203.035486646,16327413.562477978,16327413.562477978,3038263.50021453,3038263.50021453,3038263.50021453,-2758137.7114909715,-2758137.7114909715,-2758137.7114909715,5796401.211705502,5796401.211705502,5796401.211705502,0.0,0.0,0.0,19365677.062692508
2024-05-01,16321770.95179996,3943077.5514425035,35954444.73953104,16321770.95179996,16321770.95179996,4459498.007348978,4459498.007348978,4459498.007348978,-1074276.5511772973,-1074276.5511772973,-1074276.5511772973,5533774.558526275,5533774.558526275,5533774.558526275,0.0,0.0,0.0,20781268.95914894
2024-05-02,16316128.341121938,5404756.003387351,38047185.28071696,16316128.341121938,16316128.341121938,6090028.336752404,6090028.336752404,6090028.336752404,901994.057375677,901994.057375677,901994.057375677,5188034.279376728,5188034.279376728,5188034.279376728,0.0,0.0,0.0,22406156.67787434
2024-05-03,16310485.730443923,5217976.0553761,38371080.90012008,16310485.730443923,16310485.730443923,4930790.421408667,4930790.421408667,4930790.421408667,164624.10669549718,164624.10669549718,164624.10669549718,4766166.31471317,4766166.31471317,4766166.31471317,0.0,0.0,0.0,21241276.15185259
2024-05-06,16293557.898409868,775775.5799674682,33874651.80479846,16293557.898409868,16293557.898409868,660344.6334181941,660344.6334181941,660344.6334181941,-2471823.099784696,-2471823.099784696,-2471823.099784696,3132167.73320289,3132167.73320289,3132167.73320289,0.0,0.0,0.0,16953902.53182806
2024-05-07,16287915.287731849,-84293.41458389691,32562326.65443526,16287915.287731849,16287915.287731849,-259432.06803311425,-259432.06803311425,-259432.06803311425,-2758137.7114904756,-2758137.7114904756,-2758137.7114904756,2498705.6434573615,2498705.6434573615,2498705.6434573615,0.0,0.0,0.0,16028483.219698735
2024-05-08,16282272.67705383,725645.4689791849,33650514.13287925,16282272.67705383,16282272.67705383,764964.2165596093,764964.2165596093,764964.2165596093,-1074276.5511751326,-1074276.5511751326,-1074276.5511751326,1839240.767734742,1839240.767734742,1839240.767734742,0.0,0.0,0.0,17047236.89361344
2024-05-09,16276630.06637581,1925214.5412773152,34565674.04604051,16276630.06637581,16276630.06637581,2067097.9721401131,2067097.9721401131,2067097.9721401131,901994.0573774211,901994.0573774211,901994.0573774211,1165103.914762692,1165103.914762692,1165103.914762692,0.0,0.0,0.0,18343728.038515925
2024-05-10,16270987.45569779,1186829.3432517839,33350988.2893074,16270987.45569779,16270987.45569779,652089.6315427311,652089.6315427311,652089.6315427311,164624.1066934037,164624.1066934037,164624.1066934037,487465.5248493274,487465.5248493274,487465.5248493274,0.0,0.0,0.0,16923077.08724052
2024-05-13,16254059.623663737,-5007657.448441878,29041869.03056785,16254059.623663737,16254059.623663737,-3933876.518003511,-3933876.518003511,-3933876.518003511,-2471823.0997909494,-2471823.0997909494,-2471823.0997909494,-1462053.4182125614,-1462053.4182125614,-1462053.4182125614,0.0,0.0,0.0,12320183.105660226
2024-05-14,16248417.01298572,-5681971.766110521,27365868.13868162,16248417.01298572,16248417.01298572,-4811293.84060433,-4811293.84060433,-4811293.84060433,-2758137.711488133,-2758137.711488133,-2758137.711488133,-2053156.1291161978,-2053156.1291161978,-2053156.1291161978,0.0,0.0,0.0,11437123.17238139
2024-05-15,16242774.402307697,-4340006.602161623,28757104.495191094,16242774.402307697,16242774.402307697,-3676217.9912662213,-3676217.9912662213,-3676217.9912662213,-1074276.5511739524,-1074276.5511739524,-1074276.5511739524,-2601941.440092269,-2601941.440092269,-2601941.440092269,0.0,0.0,0.0,12566556.411041476
2024-05-16,16237131.791629681,-2454494.8422651067,30643764.64584987,16237131.791629681,16237131.791629681,-2200422.7056680825,-2200422.7056680825,-2200422.7056680825,901994.0573756353,901994.0573756353,901994.0573756353,-3102416.7630437175,-3102416.7630437175,-3102416.7630437175,0.0,0.0,0.0,14036709.085961599
2024-05-17,16231489.180951659,-3471997.4752519047,29454699.72018358,16231489.180951659,16231489.180951659,-3385262.204737454,-3385262.204737454,-3385262.204737454,164624.1066913107,164624.1066913107,164624.1066913107,-3549886.3114287653,-3549886.3114287653,-3549886.3114287653,0.0,0.0,0.0,12846226.976214204
2024-05-20,16214561.348917603,-7031281.428563714,25833658.08895638,16214561.348917603,16214561.348917603,-7019020.448777381,-7019020.448777381,-7019020.448777381,-2471823.0997919096,-2471823.0997919096,-2471823.0997919096,-4547197.348985473,-4547197.348985473,-4547197.348985473,0.0,0.0,0.0,9195540.900140222
2024-05-21,16208918.738239588,-8139645.156960177,24350061.671665672,16208918.738239588,16208918.738239588,-7520178.242934486,-7520178.242934486,-7520178.242934486,-2758137.7114876374,-2758137.7114876374,-2758137.7114876374,-4762040.531446848,-4762040.531446848,-4762040.531446848,0.0,0.0,0.0,8688740.495305102
2024-05-22,16203276.12756157,-6555137.679882687,25214697.216234468,16203276.12756157,16203276.12756157,-5994079.788085165,-5994079.788085165,-5994079.788085165,-1074276.5511824742,-1074276.5511824742,-1074276.5511824742,-4919803.236902691,-4919803.236902691,-4919803.236902691,0.0,0.0,0.0,10209196.339476403
2024-05-23,16197633.516883548,-3888598.116999608,27996751.12639821,16197633.516883548,16197633.516883548,-4121103.210655988,-4121103.210655988,-4121103.210655988,901994.0573773793,901994.0573773793,901994.0573773793,-5023097.268033368,-5023097.268033368,-5023097.268033368,0.0,0.0,0.0,12076530.306227561
2024-05-24,16191990.906205533,-5272071.263313091,28133482.5114943,16191990.906205533,16191990.906205533,-4910779.254775036,-4910779.254775036,-4910779.254775036,164624.1066969655,164624.1066969655,164624.1066969655,-5075403.361472002,-5075403.361472002,-5075403.361472002,0.0,0.0,0.0,11281211.651430497
2024-05-28,16169420.463493455,-7247245.230690674,24394050.92941183,16169420.463493455,16169420.463493455,-7624040.084930027,-7624040.084930027,-7624040.084930027,-2758137.7114871405,-2758137.7114871405,-2758137.7114871405,-4865902.3734428855,-4865902.3734428855,-4865902.3734428855,0.0,0.0,0.0,8545380.378563428
2024-05-29,16163777.85281544,-5973729.523559315,26719479.27923191,16163777.85281544,16163777.85281544,-5808965.611550839,-5808965.611550839,-5808965.611550839,-1074276.5511812938,-1074276.5511812938,-1074276.5511812938,-4734689.060369545,-4734689.060369545,-4734689.060369545,0.0,0.0,0.0,10354812.2412646
2024-05-30,16158135.242137417,-2734245.2144167623,28003640.612301677,16158135.242137417,16158135.242137417,-3680589.9416792993,-3680589.9416792993,-3680589.9416792993,901994.0573764276,901994.0573764276,901994.0573764276,-4582583.999055726,-4582583.999055726,-4582583.999055726,0.0,0.0,0.0,12477545.300458118
2024-05-31,16152492.6314594,-4291493.211118101,27587064.08887323,16152492.6314594,16152492.6314594,-4250016.568573751,-4250016.568573751,-4250016.568573751,164624.10669487208,164624.10669487208,164624.10669487208,-4414640.675268622,-4414640.675268622,-4414640.675268622,0.0,0.0,0.0,11902476.06288565
2024-06-03,16135564.799425347,-6663961.617433306,25214614.594428793,16135564.799425347,16135564.799425347,-6332179.752991092,-6332179.752991092,-6332179.752991092,-2471823.099779931,-2471823.099779931,-2471823.099779931,-3860356.653211162,-3860356.653211162,-3860356.653211162,0.0,0.0,0.0,9803385.046434253
2024-06-04,16129922.188747326,-6358139.233097965,26443346.001993243,16129922.188747326,16129922.188747326,-6429197.7834744,-6429197.7834744,-6429197.7834744,-2758137.711484798,-2758137.711484798,-2758137.711484798,-3671060.071989601,-3671060.071989601,-3671060.071989601,0.0,0.0,0.0,9700724.405272927
2024-06-05,16124279.578069307,-4264091.423089978,28122896.89119301,16124279.578069307,16124279.578069307,-4558441.692246691,-4558441.692246691,-4558441.692246691,-1074276.551178146,-1074276.551178146,-1074276.551178146,-3484165.141068546,-3484165.141068546,-3484165.141068546,0.0,0.0,0.0,11565837.885822617
2024-06-06,16118636.967391288,-3052698.584612838,30413604.297572557,16118636.967391288,16118636.967391288,-2399553.441369538,-2399553.441369538,-2399553.441369538,901994.0573754759,901994.0573754759,901994.0573754759,-3301547.498745014,-3301547.498745014,-3301547.498745014,0.0,0.0,0.0,13719083.526021749
2024-06-07,16112994.356713269,-3095785.3481827388,29444935.70649872,16112994.356713269,16112994.356713269,-2959856.9175217934,-2959856.9175217934,-2959856.9175217934,164624.10669170268,164624.10669170268,164624.10669170268,-3124481.024213496,-3124481.024213496,-3124481.024213496,0.0,0.0,0.0,13153137.439191476
2024-06-10,16096066.524679214,-6722046.991945416,26645471.379034128,16096066.524679214,16096066.524679214,-5103089.787082916,-5103089.787082916,-5103089.787082916,-2471823.0997835374,-2471823.0997835374,-2471823.0997835374,-2631266.687299379,-2631266.687299379,-2631266.687299379,0.0,0.0,0.0,10992976.737596298
2024-06-11,16090423.914001198,-6207467.225529241,26296952.462858,16090423.914001198,16090423.914001198,-5237012.612857944,-5237012.612857944,-5237012.612857944,-2758137.7114843028,-2758137.7114843028,-2758137.7114843028,-2478874.901373643,-2478874.901373643,-2478874.901373643,0.0,0.0,0.0,10853411.301143255
2024-06-12,16084781.303323176,-3189069.173870968,29341562.013851315,16084781.303323176,16084781.303323176,-3405635.4643080942,-3405635.4643080942,-3405635.4643080942,-1074276.5511866678,-1074276.5511866678,-1074276.5511866678,-2331358.913121427,-2331358.913121427,-2331358.913121427,0.0,0.0,0.0,12679145.839015082
2024-06-13,16079138.692645159,-766730.7238731286,29870055.942945994,16079138.692645159,16079138.692645159,-1285762.4174566392,-1285762.4174566392,-1285762.4174566392,901994.0573745243,901994.0573745243,901994.0573745243,-2187756.4748311634,-2187756.4748311634,-2187756.4748311634,0.0,0.0,0.0,14793376.275188519
2024-06-14,16073496.08196714,-1798485.5093997037,30094645.57046309,16073496.08196714,16073496.08196714,-1882430.0336313713,-1882430.0336313713,-1882430.0336313713,164624.10668960962,164624.10668960962,164624.10668960962,-2047054.1403209807,-2047054.1403209807,-2047054.1403209807,0.0,0.0,0.0,14191066.048335768
2024-06-17,16056568.249933083,-3978314.122329636,29108562.09455629,16056568.249933083,16056568.249933083,-4105210.920727445,-4105210.920727445,-4105210.920727445,-2471823.099787144,-2471823.099787144,-2471823.099787144,-1633387.8209403008,-1633387.8209403008,-1633387.8209403008,0.0,0.0,0.0,11951357.329205638
2024-06-18,16050925.639255065,-4647075.20958983,28138175.53982139,16050925.639255065,16050925.639255065,-4254415.962696014,-4254415.962696014,-4254415.962696014,-2758137.711489542,-2758137.711489542,-2758137.711489542,-1496278.2512064707,-1496278.2512064707,-1496278.2512064707,0.0,0.0,0.0,11796509.676559051
2024-06-20,16039640.417899027,372257.7806859071,33244740.332149908,16039640.417899027,16039640.417899027,-320578.24683989445,-320578.24683989445,-320578.24683989445,901994.0573762684,901994.0573762684,901994.0573762684,-1222572.3042161628,-1222572.3042161628,-1222572.3042161628,0.0,0.0,0.0,15719062.171059133
2024-06-21,16033997.80722101,-1985613.3573833287,31995527.74681019,16033997.80722101,16033997.80722101,-922331.7990970288,-922331.7990970288,-922331.7990970288,164624.10669139045,164624.10669139045,164624.10669139045,-1086955.9057884193,-1086955.9057884193,-1086955.9057884193,0.0,0.0,0.0,15111666.00812398
2024-06-24,16017069.975186957,-3140948.1849419107,29955821.583127666,16017069.975186957,16017069.975186957,-3170002.095524546,-3170002.095524546,-3170002.095524546,-2471823.0997907505,-2471823.0997907505,-2471823.0997907505,-698178.9957337959,-698178.9957337959,-698178.9957337959,0.0,0.0,0.0,12847067.879662411
2024-06-25,16011427.364508934,-3288128.1277028746,29326521.154700328,16011427.364508934,16011427.364508934,-3338106.0629341155,-3338106.0629341155,-3338106.0629341155,-2758137.711489046,-2758137.711489046,-2758137.711489046,-579968.3514450695,-579968.3514450695,-579968.3514450695,0.0,0.0,0.0,12673321.301574819
2024-06-26,16005784.753830917,-2007327.1140235995,30390247.034681283,16005784.753830917,16005784.753830917,-1544910.4238743992,-1544910.4238743992,-1544910.4238743992,-1074276.551183323,-1074276.551183323,-1074276.551183323,-470633.8726910762,-470633.8726910762,-470633.8726910762,0.0,0.0,0.0,14460874.329956518
2024-06-27,16000142.143152898,1551105.815572655,32151049.344911434,16000142.143152898,16000142.143152898,529763.882342378,529763.882342378,529763.882342378,901994.0573726213,901994.0573726213,901994.0573726213,-372230.17503024323,-372230.17503024323,-372230.17503024323,0.0,0.0,0.0,16529906.025495276
2024-06-28,15994499.53247488,-1381072.9658440442,32699675.238613438,15994499.53247488,15994499.53247488,-122159.64319682948,-122159.64319682948,-122159.64319682948,164624.10669317064,164624.10669317064,164624.10669317064,-286783.7498900001,-286783.7498900001,-286783.7498900001,0.0,0.0,0.0,15872339.88927805
2024-07-01,15977571.700440824,-2328013.1601055306,30305257.07824453,15977571.700440824,15977571.700440824,-2597877.8038097736,-2597877.8038097736,-2597877.8038097736,-2471823.0997917103,-2471823.0997917103,-2471823.0997917103,-126054.70401806313,-126054.70401806313,-126054.70401806313,0.0,0.0,0.0,13379693.89663105
2024-07-02,15971929.089762805,-2728326.93026638,29464416.45485632,15971929.089762805,15971929.089762805,-2867006.55630982,-2867006.55630982,-2867006.55630982,-2758137.711487627,-2758137.711487627,-2758137.711487627,-108868.84482219303,-108868.84482219303,-108868.84482219303,0.0,0.0,0.0,13104922.533452984
2024-07-03,15966286.479084786,-2252889.7476070034,31911829.95665535,15966286.479084786,15966286.479084786,-1185413.6104171483,-1185413.6104171483,-1185413.6104171483,-1074276.5511821422,-1074276.5511821422,-1074276.5511821422,-111137.0592350064,-111137.0592350064,-111137.0592350064,0.0,0.0,0.0,14780872.868667638
2024-07-05,15955001.257728746,-186835.58855107005,31259579.74363856,15955001.257728746,15955001.257728746,-8925.683776247864,-8925.683776247864,-8925.683776247864,164624.1066949513,164624.1066949513,164624.1066949513,-173549.79047119917,-173549.79047119917,-173549.79047119917,0.0,0.0,0.0,15946075.573952498
2024-07-08,15938073.425694693,-3761366.126869879,29968350.917576745,15938073.425694693,15938073.425694693,-2867044.472392785,-2867044.472392785,-2867044.472392785,-2471823.099797964,-2471823.099797964,-2471823.099797964,-395221.3725948206,-395221.3725948206,-395221.3725948206,0.0,0.0,0.0,13071028.953301908
2024-07-09,15932430.815016676,-2744700.867497132,29510488.60573682,15932430.815016676,15932430.815016676,-3253067.6266268417,-3253067.6266268417,-3253067.6266268417,-2758137.7114919433,-2758137.7114919433,-2758137.7114919433,-494929.91513489874,-494929.91513489874,-494929.91513489874,0.0,0.0,0.0,12679363.188389834
2024-07-10,15926788.204338657,-4497355.609191774,30513137.086874835,15926788.204338657,15926788.204338657,-1676906.0779361858,-1676906.0779361858,-1676906.0779361858,-1074276.5511789944,-1074276.5511789944,-1074276.5511789944,-602629.5267571918,-602629.5267571918,-602629.5267571918,0.0,0.0,0.0,14249882.126402471
2024-07-11,15921145.593660638,203616.27872597968,33011402.018651046,15921145.593660638,15921145.593660638,187204.38405261145,187204.38405261145,187204.38405261145,901994.0573752748,901994.0573752748,901994.0573752748,-714789.6733226634,-714789.6733226634,-714789.6733226634,0.0,0.0,0.0,16108349.97771325
2024-07-12,15915502.982982619,-619405.8563852161,31190595.122738548,15915502.982982619,15915502.982982619,-663004.4589539067,-663004.4589539067,-663004.4589539067,164624.10669285824,164624.10669285824,164624.10669285824,-827628.5656467648,-827628.5656467648,-827628.5656467648,0.0,0.0,0.0,15252498.524028713
2024-07-15,15898575.150948564,-4115511.0411656103,28940920.98003058,15898575.150948564,15898575.150948564,-3602980.6340243546,-3602980.6340243546,-3602980.6340243546,-2471823.0997823793,-2471823.0997823793,-2471823.0997823793,-1131157.5342419755,-1131157.5342419755,-1131157.5342419755,0.0,0.0,0.0,12295594.51692421
2024-07-16,15892932.540270545,-6105745.8214141205,27038620.154374633,15892932.540270545,15892932.540270545,-3966297.6073118234,-3966297.6073118234,-3966297.6073118234,-2758137.7114905245,-2758137.7114905245,-2758137.7114905245,-1208159.8958212992,-1208159.8958212992,-1208159.8958212992,0.0,0.0,0.0,11926634.932958722
2024-07-17,15887289.929592527,-2580440.4732313408,30819999.295835756,15887289.929592527,15887289.929592527,-2341826.997990477,-2341826.997990477,-2341826.997990477,-1074276.551177814,-1074276.551177814,-1074276.551177814,-1267550.4468126628,-1267550.4468126628,-1267550.4468126628,0.0,0.0,0.0,13545462.93160205
2024-07-18,15881647.318914505,-768663.370679519,32058916.676953252,15881647.318914505,15881647.318914505,-404737.57703997765,-404737.57703997765,-404737.57703997765,901994.057377019,901994.057377019,901994.057377019,-1306731.6344169965,-1306731.6344169965,-1306731.6344169965,0.0,0.0,0.0,15476909.741874527
2024-07-19,15876004.70823649,-1729814.4816454507,32268061.42880732,15876004.70823649,15876004.70823649,-1159130.1827357425,-1159130.1827357425,-1159130.1827357425,164624.10669851242,164624.10669851242,164624.10669851242,-1323754.2894342549,-1323754.2894342549,-1323754.2894342549,0.0,0.0,0.0,14716874.525500746
2024-07-22,15859076.876202434,-5441770.516828286,26773191.997817762,15859076.876202434,15859076.876202434,-3705945.1010411084,-3705945.1010411084,-3705945.1010411084,-2471823.0997859854,-2471823.0997859854,-2471823.0997859854,-1234122.0012551234,-1234122.0012551234,-1234122.0012551234,0.0,0.0,0.0,12153131.775161326
2024-07-23,15853434.265524412,-3674303.355549859,28077477.67177479,15853434.265524412,15853434.265524412,-3917286.459024898,-3917286.459024898,-3917286.459024898,-2758137.711490028,-2758137.711490028,-2758137.711490028,-1159148.7475348702,-1159148.7475348702,-1159148.7475348702,0.0,0.0,0.0,11936147.806499515
2024-07-24,15847791.654846396,-3546849.0792775243,28959305.536763385,15847791.654846396,15847791.654846396,-2139118.6011361494,-2139118.6011361494,-2139118.6011361494,-1074276.5511756495,-1074276.5511756495,-1074276.5511756495,-1064842.0499604999,-1064842.0499604999,-1064842.0499604999,0.0,0.0,0.0,13708673.053710246
2024-07-25,15842149.044168377,-1370374.1360721749,31722601.74925493,15842149.044168377,15842149.044168377,-52516.69055126374,-52516.69055126374,-52516.69055126374,901994.0573787629,901994.0573787629,901994.0573787629,-954510.7479300266,-954510.7479300266,-954510.7479300266,0.0,0.0,0.0,15789632.353617113
2024-07-26,15836506.433490356,-1007861.6672689979,32347611.81999408,15836506.433490356,15836506.433490356,-667699.7978827548,-667699.7978827548,-667699.7978827548,164624.10669146955,164624.10669146955,164624.10669146955,-832323.9045742244,-832323.9045742244,-832323.9045742244,0.0,0.0,0.0,15168806.635607602
2024-07-29,15819578.601456303,-4034345.170194535,28362356.54097909,15819578.601456303,15819578.601456303,-2919127.162345389,-2919127.162345389,-2919127.162345389,-2471823.099786945,-2471823.099786945,-2471823.099786945,-447304.06255844375,-447304.06255844375,-447304.06255844375,0.0,0.0,0.0,12900451.439110914
2024-07-30,15813935.990778284,-3131337.907414742,28963188.787963692,15813935.990778284,15813935.990778284,-3091278.1469971645,-3091278.1469971645,-3091278.1469971645,-2758137.711488609,-2758137.711488609,-2758137.711488609,-333140.43550855527,-333140.43550855527,-333140.43550855527,0.0,0.0,0.0,12722657.84378112
2024-07-31,15808293.380100263,-2340241.7522950675,31437405.786291648,15808293.380100263,15808293.380100263,-1311339.5821316377,-1311339.5821316377,-1311339.5821316377,-1074276.5511841716,-1074276.5511841716,-1074276.5511841716,-237063.03094746632,-237063.03094746632,-237063.03094746632,0.0,0.0,0.0,14496953.797968626
2024-08-01,15802650.769422248,90036.86040358755,33927990.87828766,15802650.769422248,15802650.769422248,736205.3724748992,736205.3724748992,736205.3724748992,901994.0573751158,901994.0573751158,901994.0573751158,-165788.68490021658,-165788.68490021658,-165788.68490021658,0.0,0.0,0.0,16538856.141897148
2024-08-02,15797008.158744225,310918.8458364685,32879215.37699253,15797008.158744225,15797008.158744225,38788.28384184713,38788.28384184713,38788.28384184713,164624.10669712367,164624.10669712367,164624.10669712367,-125835.82285527654,-125835.82285527654,-125835.82285527654,0.0,0.0,0.0,15835796.442586072
2024-08-05,15780080.32671017,-4290479.330274217,29400812.175222266,15780080.32671017,15780080.32671017,-2723661.416335979,-2723661.416335979,-2723661.416335979,-2471823.099787905,-2471823.099787905,-2471823.099787905,-251838.31654807416,-251838.31654807416,-251838.31654807416,0.0,0.0,0.0,13056418.91037419
2024-08-06,15774437.716032155,-4420333.175321813,28953169.672106765,15774437.716032155,15774437.716032155,-3149452.8253762443,-3149452.8253762443,-3149452.8253762443,-2758137.711488113,-2758137.711488113,-2758137.711488113,-391315.1138881315,-391315.1138881315,-391315.1138881315,0.0,0.0,0.0,12624984.89065591
2024-08-07,15768795.105354136,-1319394.714332266,29994941.15783916,15768795.105354136,15768795.105354136,-1659050.484838144,-1659050.484838144,-1659050.484838144,-1074276.5511820072,-1074276.5511820072,-1074276.5511820072,-584773.9336561369,-584773.9336561369,-584773.9336561369,0.0,0.0,0.0,14109744.620515991
2024-08-08,15763152.494676115,578002.988009356,32830424.864540998,15763152.494676115,15763152.494676115,68458.85930038113,68458.85930038113,68458.85930038113,901994.0573768597,901994.0573768597,901994.0573768597,-833535.1980764786,-833535.1980764786,-833535.1980764786,0.0,0.0,0.0,15831611.353976496
2024-08-09,15757509.883998096,-1822965.6890500463,31054592.01781426,15757509.883998096,15757509.883998096,-972918.3564129281,-972918.3564129281,-972918.3564129281,164624.10669503064,164624.10669503064,164624.10669503064,-1137542.4631079587,-1137542.4631079587,-1137542.4631079587,0.0,0.0,0.0,14784591.527585167
2024-08-12,15740582.05196404,-5193791.6008710405,26227021.620887626,15740582.05196404,15740582.05196404,-4830436.857766533,-4830436.857766533,-4830436.857766533,-2471823.099780261,-2471823.099780261,-2471823.099780261,-2358613.7579862718,-2358613.7579862718,-2358613.7579862718,0.0,0.0,0.0,10910145.194197508
2024-08-13,15734939.441286022,-6208490.424919653,27010876.16769324,15734939.441286022,15734939.441286022,-5611983.82080874,-5611983.82080874,-5611983.82080874,-2758137.7114857705,-2758137.7114857705,-2758137.7114857705,-2853846.1093229703,-2853846.1093229703,-2853846.1093229703,0.0,0.0,0.0,10122955.620477282
2024-08-14,15729296.830608007,-6027082.847110648,28304649.900273964,15729296.830608007,15729296.830608007,-4456553.89635268,-4456553.89635268,-4456553.89635268,-1074276.5511808267,-1074276.5511808267,-1074276.5511808267,-3382277.345171854,-3382277.345171854,-3382277.345171854,0.0,0.0,0.0,11272742.934255326
2024-08-15,15723654.219929984,-3232381.8577509793,29376591.994126897,15723654.219929984,15723654.219929984,-3033480.5602994133,-3033480.5602994133,-3033480.5602994133,901994.0573759081,901994.0573759081,901994.0573759081,-3935474.617675321,-3935474.617675321,-3935474.617675321,0.0,0.0,0.0,12690173.65963057
2024-08-16,15718011.609251967,-4727927.193542945,26134276.299323928,15718011.609251967,15718011.609251967,-4339333.672124806,-4339333.672124806,-4339333.672124806,164624.10669186118,164624.10669186118,164624.10669186118,-4503957.778816666,-4503957.778816666,-4503957.778816666,0.0,0.0,0.0,11378677.937127162
2024-08-19,15701083.777217913,-8857441.737893682,23234305.67794779,15701083.777217913,15701083.777217913,-8666795.715174893,-8666795.715174893,-8666795.715174893,-2471823.099783868,-2471823.099783868,-2471823.099783868,-6194972.615391026,-6194972.615391026,-6194972.615391026,0.0,0.0,0.0,7034288.0620430205
2024-08-20,15695441.166539894,-10831418.757241381,22711000.99829018,15695441.166539894,15695441.166539894,-9474504.069434015,-9474504.069434015,-9474504.069434015,-2758137.711485274,-2758137.711485274,-2758137.711485274,-6716366.35794874,-6716366.35794874,-6716366.35794874,0.0,0.0,0.0,6220937.097105879
2024-08-21,15689798.555861874,-8812993.492599709,23657131.27458667,15689798.555861874,15689798.555861874,-8272060.883645264,-8272060.883645264,-8272060.883645264,-1074276.5511786626,-1074276.5511786626,-1074276.5511786626,-7197784.332466601,-7197784.332466601,-7197784.332466601,0.0,0.0,0.0,7417737.672216609
2024-08-22,15684155.945183855,-7474498.796821386,25568408.364491362,15684155.945183855,15684155.945183855,-6726459.542501779,-6726459.542501779,-6726459.542501779,901994.0573768178,901994.0573768178,901994.0573768178,-7628453.599878598,-7628453.599878598,-7628453.599878598,0.0,0.0,0.0,8957696.402682075
2024-08-23,15678513.334505836,-9001394.470145913,24511148.425053954,15678513.334505836,15678513.334505836,-7833725.846643533,-7833725.846643533,-7833725.846643533,164624.1066936417,164624.1066936417,164624.1066936417,-7998349.953337174,-7998349.953337174,-7998349.953337174,0.0,0.0,0.0,7844787.487862303
2024-08-26,15661585.50247178,-11089997.894651057,21368751.310869627,15661585.50247178,15661585.50247178,-11131772.111840153,-11131772.111840153,-11131772.111840153,-2471823.099784827,-2471823.099784827,-2471823.099784827,-8659949.012055328,-8659949.012055328,-8659949.012055328,0.0,0.0,0.0,4529813.390631627
2024-08-27,15655942.891793765,-12297091.083121322,20475967.01874425,15655942.891793765,15655942.891793765,-11468679.231399404,-11468679.231399404,-11468679.231399404,-2758137.711490514,-2758137.711490514,-2758137.711490514,-8710541.51990889,-8710541.51990889,-8710541.51990889,0.0,0.0,0.0,4187263.6603943612
2024-08-28,15650300.281115742,-10503127.584400142,21145078.889160533,15650300.281115742,15650300.281115742,-9744449.01451535,-9744449.01451535,-9744449.01451535,-1074276.551177482,-1074276.551177482,-1074276.551177482,-8670172.463337868,-8670172.463337868,-8670172.463337868,0.0,0.0,0.0,5905851.266600393
2024-08-29,15644657.670437725,-7463753.851837718,24857911.704699066,15644657.670437725,15644657.670437725,-7636129.705859241,-7636129.705859241,-7636129.705859241,901994.0573758662,901994.0573758662,901994.0573758662,-8538123.763235109,-8538123.763235109,-8538123.763235109,0.0,0.0,0.0,8008527.964578484
2024-08-30,15639015.059759704,-9262227.104741324,23724595.61289189,15639015.059759704,15639015.059759704,-8151086.630952519,-8151086.630952519,-8151086.630952519,164624.10669542226,164624.10669542226,164624.10669542226,-8315710.737647942,-8315710.737647942,-8315710.737647942,0.0,0.0,0.0,7487928.428807185
2024-09-03,15616444.617047632,-10123032.523465076,22693558.778502803,15616444.617047632,15616444.617047632,-9377556.41911373,-9377556.41911373,-9377556.41911373,-2758137.711489095,-2758137.711489095,-2758137.711489095,-6619418.707624634,-6619418.707624634,-6619418.707624634,0.0,0.0,0.0,6238888.197933903
2024-09-04,15610802.006369613,-6953374.988538802,24834630.08924185,15610802.006369613,15610802.006369613,-7108695.384214557,-7108695.384214557,-7108695.384214557,-1074276.551174334,-1074276.551174334,-1074276.551174334,-6034418.8330402225,-6034418.8330402225,-6034418.8330402225,0.0,0.0,0.0,8502106.622155055
2024-09-05,15605159.395691594,-4599597.995561219,28632040.028740015,15605159.395691594,15605159.395691594,-4505049.232169557,-4505049.232169557,-4505049.232169557,901994.0573749146,901994.0573749146,901994.0573749146,-5407043.2895444725,-5407043.2895444725,-5407043.2895444725,0.0,0.0,0.0,11100110.163522037
2024-09-06,15599516.785013575,-4096888.883399463,26935395.998824127,15599516.785013575,15599516.785013575,-4585882.216348579,-4585882.216348579,-4585882.216348579,164624.10669332932,164624.10669332932,164624.10669332932,-4750506.323041908,-4750506.323041908,-4750506.323041908,0.0,0.0,0.0,11013634.568664996
2024-09-09,15582588.95297952,-7653300.072970955,25834841.519805066,15582588.95297952,15582588.95297952,-5220102.469998222,-5220102.469998222,-5220102.469998222,-2471823.0997893936,-2471823.0997893936,-2471823.0997893936,-2748279.3702088287,-2748279.3702088287,-2748279.3702088287,0.0,0.0,0.0,10362486.482981298
2024-09-10,15576946.342301501,-4789724.325239858,26885081.499884076,15576946.342301501,15576946.342301501,-4876621.212516738,-4876621.212516738,-4876621.212516738,-2758137.711487676,-2758137.711487676,-2758137.711487676,-2118483.5010290626,-2118483.5010290626,-2118483.5010290626,0.0,0.0,0.0,10700325.129784763
2024-09-11,15571303.731623484,-4219423.323011134,29066323.235311527,15571303.731623484,15571303.731623484,-2605294.074784269,-2605294.074784269,-2605294.074784269,-1074276.5511731533,-1074276.5511731533,-1074276.5511731533,-1531017.5236111158,-1531017.5236111158,-1531017.5236111158,0.0,0.0,0.0,12966009.656839214
2024-09-12,15565661.120945461,-781391.8722451058,31833517.384718716,15565661.120945461,15565661.120945461,-96828.35118823037,-96828.35118823037,-96828.35118823037,901994.0573758245,901994.0573758245,901994.0573758245,-998822.4085640549,-998822.4085640549,-998822.4085640549,0.0,0.0,0.0,15468832.76975723
2024-09-13,15560018.510267446,-944646.8144244838,31376207.06693184,15560018.510267446,15560018.510267446,-368960.2750755563,-368960.2750755563,-368960.2750755563,164624.10669123632,164624.10669123632,164624.10669123632,-533584.3817667926,-533584.3817667926,-533584.3817667926,0.0,0.0,0.0,15191058.23519189
2024-09-16,15543090.67823339,-3945217.4983425713,29321350.859113187,15543090.67823339,15543090.67823339,-2103264.826814504,-2103264.826814504,-2103264.826814504,-2471823.099793,-2471823.099793,-2471823.099793,368558.27297849586,368558.27297849586,368558.27297849586,0.0,0.0,0.0,13439825.851418886
2024-09-17,15537448.067555372,-3632446.123064848,29663485.140040755,15537448.067555372,15537448.067555372,-2273932.6455789167,-2273932.6455789167,-2273932.6455789167,-2758137.711487179,-2758137.711487179,-2758137.711487179,484205.0659082629,484205.0659082629,484205.0659082629,0.0,0.0,0.0,13263515.421976455
2024-09-18,15531805.456877353,-1505428.6402924038,31994694.01379128,15531805.456877353,15531805.456877353,-571550.6092224118,-571550.6092224118,-571550.6092224118,-1074276.551181675,-1074276.551181675,-1074276.551181675,502725.9419592634,502725.9419592634,502725.9419592634,0.0,0.0,0.0,14960254.84765494
2024-09-19,15526162.846199334,-507669.70349794754,33049545.73942608,15526162.846199334,15526162.846199334,1327007.9569089971,1327007.9569089971,1327007.9569089971,901994.0573775684,901994.0573775684,901994.0573775684,425013.8995314287,425013.8995314287,425013.8995314287,0.0,0.0,0.0,16853170.80310833
2024-09-20,15520520.235521315,-588987.2034287881,32172749.184597775,15520520.235521315,15520520.235521315,419071.5485634729,419071.5485634729,419071.5485634729,164624.10669301695,164624.10669301695,164624.10669301695,254447.44187045604,254447.44187045604,254447.44187045604,0.0,0.0,0.0,15939591.784084788
2024-09-23,15503592.40348726,-3490177.7114349767,28787732.845024627,15503592.40348726,15503592.40348726,-3216428.55842274,-3216428.55842274,-3216428.55842274,-2471823.0997800617,-2471823.0997800617,-2471823.0997800617,-744605.4586426786,-744605.4586426786,-744605.4586426786,0.0,0.0,0.0,12287163.845064519
2024-09-24,15497949.792809242,-5448519.72200443,26860112.600505937,15497949.792809242,15497949.792809242,-3963938.8318737894,-3963938.8318737894,-3963938.8318737894,-2758137.7114866837,-2758137.7114866837,-2758137.7114866837,-1205801.1203871057,-1205801.1203871057,-1205801.1203871057,0.0,0.0,0.0,11534010.960935453
2024-09-25,15492307.18213122,-3584820.903876491,28916136.443121955,15492307.18213122,15492307.18213122,-2783465.6261811065,-2783465.6261811065,-2783465.6261811065,-1074276.551179511,-1074276.551179511,-1074276.551179511,-1709189.0750015955,-1709189.0750015955,-1709189.0750015955,0.0,0.0,0.0,12708841.555950113
2024-09-26,15486664.571453204,-2732789.1931559984,29985686.774176944,15486664.571453204,15486664.571453204,-1337367.5943357677,-1337367.5943357677,-1337367.5943357677,901994.0573739214,901994.0573739214,901994.0573739214,-2239361.651709689,-2239361.651709689,-2239361.651709689,0.0,0.0,0.0,14149296.977117436
2024-09-27,15481021.960775185,-3822662.947889382,28448673.887831915,15481021.960775185,15481021.960775185,-2615242.07991187,-2615242.07991187,-2615242.07991187,164624.1066947974,164624.1066947974,164624.1066947974,-2779866.1866066675,-2779866.1866066675,-2779866.1866066675,0.0,0.0,0.0,12865779.880863316
2024-09-30,15464094.128741127,-7903702.396267564,24044150.442691304,15464094.128741127,15464094.128741127,-6763035.853528909,-6763035.853528909,-6763035.853528909,-2471823.0997810215,-2471823.0997810215,-2471823.0997810215,-4291212.753747887,-4291212.753747887,-4291212.753747887,0.0,0.0,0.0,8701058.275212217
2024-10-01,15458451.518063111,-8860836.388749138,23684101.9844053,15458451.518063111,15458451.518063111,-7459303.024537588,-7459303.024537588,-7459303.024537588,-2758137.7114852644,-2758137.7114852644,-2758137.7114852644,-4701165.313052324,-4701165.313052324,-4701165.313052324,0.0,0.0,0.0,7999148.493525524
2024-10-02,15452808.907385092,-7825288.347129544,26693085.956583176,15452808.907385092,15452808.907385092,-6111490.655895343,-6111490.655895343,-6111490.655895343,-1074276.551177347,-1074276.551177347,-1074276.551177347,-5037214.104717997,-5037214.104717997,-5037214.104717997,0.0,0.0,0.0,9341318.25148975
2024-10-03,15447166.296707071,-5538299.472456391,27540124.334801693,15447166.296707071,15447166.296707071,-4382938.899559483,-4382938.899559483,-4382938.899559483,901994.0573756653,901994.0573756653,901994.0573756653,-5284932.956935148,-5284932.956935148,-5284932.956935148,0.0,0.0,0.0,11064227.397147588
2024-10-04,15441523.686029056,-5481290.472385391,25853818.22823442,15441523.686029056,15441523.686029056,-5266961.394842609,-5266961.394842609,-5266961.394842609,164624.10669162814,164624.10669162814,164624.10669162814,-5431585.5015342375,-5431585.5015342375,-5431585.5015342375,0.0,0.0,0.0,10174562.291186448
2024-10-07,15424595.853994997,-8382951.141523099,23479745.30810721,15424595.853994997,15424595.853994997,-7641386.525160995,-7641386.525160995,-7641386.525160995,-2471823.099787275,-2471823.099787275,-2471823.099787275,-5169563.425373719,-5169563.425373719,-5169563.425373719,0.0,0.0,0.0,7783209.328834002
2024-10-08,15418953.243316978,-9810749.179212496,24387445.826070048,15418953.243316978,15418953.243316978,-7586805.012119021,-7586805.012119021,-7586805.012119021,-2758137.711483845,-2758137.711483845,-2758137.711483845,-4828667.300635177,-4828667.300635177,-4828667.300635177,0.0,0.0,0.0,7832148.231197957
2024-10-09,15413310.632638963,-5932012.223685187,26253938.497758653,15413310.632638963,15413310.632638963,-5432235.0982771395,-5432235.0982771395,-5432235.0982771395,-1074276.5511858687,-1074276.5511858687,-1074276.5511858687,-4357958.547091271,-4357958.547091271,-4357958.547091271,0.0,0.0,0.0,9981075.534361824
2024-10-10,15407668.021960944,-4159540.2608757396,28032012.9411593,15407668.021960944,15407668.021960944,-2857859.727269369,-2857859.727269369,-2857859.727269369,901994.0573747137,901994.0573747137,901994.0573747137,-3759853.784644083,-3759853.784644083,-3759853.784644083,0.0,0.0,0.0,12549808.294691574
2024-10-11,15402025.411282925,-3803306.2442675107,28615019.66527786,15402025.411282925,15402025.411282925,-2874979.0975455013,-2874979.0975455013,-2874979.0975455013,164624.1066895351,164624.1066895351,164624.1066895351,-3039603.204235036,-3039603.204235036,-3039603.204235036,0.0,0.0,0.0,12527046.313737424
2024-10-14,15385097.57924887,-3900985.004559309,27582359.68683836,15385097.57924887,15385097.57924887,-2710710.090062824,-2710710.090062824,-2710710.090062824,-2471823.099788235,-2471823.099788235,-2471823.099788235,-238886.99027458945,-238886.99027458945,-238886.99027458945,0.0,0.0,0.0,12674387.489186045
2024-10-15,15379454.96857085,-2621072.7908465546,30395179.029126313,15379454.96857085,15379454.96857085,-1893310.107908976,-1893310.107908976,-1893310.107908976,-2758137.7114890846,-2758137.7114890846,-2758137.7114890846,864827.6035801087,864827.6035801087,864827.6035801087,0.0,0.0,0.0,13486144.860661875
2024-10-16,15373812.35789283,-734180.6995761691,32982072.485677373,15373812.35789283,15373812.35789283,952529.2635685663,952529.2635685663,952529.2635685663,-1074276.5511837045,-1074276.5511837045,-1074276.5511837045,2026805.814752271,2026805.814752271,2026805.814752271,0.0,0.0,0.0,16326341.621461397
2024-10-17,15368169.747214815,2725037.2158891056,35713845.25094019,15368169.747214815,15368169.747214815,4130490.623166492,4130490.623166492,4130490.623166492,901994.0573764576,901994.0573764576,901994.0573764576,3228496.5657900344,3228496.5657900344,3228496.5657900344,0.0,0.0,0.0,19498660.370381307
2024-10-18,15362527.136536792,3740775.095323376,37027271.00635659,15362527.136536792,15362527.136536792,4614842.715897072,4614842.715897072,4614842.715897072,164624.10669518934,164624.10669518934,164624.10669518934,4450218.609201883,4450218.609201883,4450218.609201883,0.0,0.0,0.0,19977369.852433864
2024-10-21,15345599.304502737,3573254.9557093675,37960209.769090675,15345599.304502737,15345599.304502737,5558568.901103357,5558568.901103357,5558568.901103357,-2471823.0997918416,-2471823.0997918416,-2471823.0997918416,8030392.000895198,8030392.000895198,8030392.000895198,0.0,0.0,0.0,20904168.205606095
2024-10-22,15339956.693824722,5182438.465354448,37152178.96148156,15339956.693824722,15339956.693824722,6369090.523281497,6369090.523281497,6369090.523281497,-2758137.7114876653,-2758137.7114876653,-2758137.7114876653,9127228.234769162,9127228.234769162,9127228.234769162,0.0,0.0,0.0,21709047.21710622
2024-10-23,15334314.083146702,7221517.530095937,40918461.960761584,15334314.083146702,15334314.083146702,9068954.126023296,9068954.126023296,9068954.126023296,-1074276.5511825238,-1074276.5511825238,-1074276.5511825238,10143230.67720582,10143230.67720582,10143230.67720582,0.0,0.0,0.0,24403268.20917
2024-10-24,15328671.472468682,10892472.684264442,44016014.7857916,15328671.472468682,15328671.472468682,11962636.605375666,11962636.605375666,11962636.605375666,901994.057375506,901994.057375506,901994.057375506,11060642.548000159,11060642.548000159,11060642.548000159,0.0,0.0,0.0,27291308.077844348
2024-10-25,15323028.861790663,10671026.524531985,44630660.5152957,15323028.861790663,15323028.861790663,12028031.009395218,12028031.009395218,12028031.009395218,164624.10669309617,164624.10669309617,164624.10669309617,11863406.902702121,11863406.902702121,11863406.902702121,0.0,0.0,0.0,27351059.87118588
2024-10-28,15306101.029756607,9698123.774975171,42222548.97647001,15306101.029756607,15306101.029756607,10983328.50986051,10983328.50986051,10983328.50986051,-2471823.0997928013,-2471823.0997928013,-2471823.0997928013,13455151.60965331,13455151.60965331,13455151.60965331,0.0,0.0,0.0,26289429.539617117
2024-10-29,15300458.419078588,9951303.87060987,43563582.75873942,15300458.419078588,15300458.419078588,10924850.378256446,10924850.378256446,10924850.378256446,-2758137.711486246,-2758137.711486246,-2758137.711486246,13682988.08974269,13682988.08974269,13682988.08974269,0.0,0.0,0.0,26225308.797335036
2024-10-30,15294815.808400573,10437103.216598796,44489525.15105006,15294815.808400573,15294815.808400573,12676650.649952773,12676650.649952773,12676650.649952773,-1074276.5511793757,-1074276.5511793757,-1074276.5511793757,13750927.201132149,13750927.201132149,13750927.201132149,0.0,0.0,0.0,27971466.458353348
2024-10-31,15289173.19772255,13105669.209993914,46018531.70952221,15289173.19772255,15289173.19772255,14560096.010729896,14560096.010729896,14560096.010729896,901994.0573764157,901994.0573764157,901994.0573764157,13658101.953353481,13658101.953353481,13658101.953353481,0.0,0.0,0.0,29849269.20845245
2024-11-01,15283530.587044535,12229881.553889183,45026730.06913277,15283530.587044535,15283530.587044535,13571119.373329777,13571119.373329777,13571119.373329777,164624.10669487677,164624.10669487677,164624.10669487677,13406495.266634902,13406495.266634902,13406495.266634902,0.0,0.0,0.0,28854649.96037431
2024-11-04,15266602.75501048,8220515.701120565,39998857.55787301,15266602.75501048,15266602.75501048,9287956.566053838,9287956.566053838,9287956.566053838,-2471823.099796408,-2471823.099796408,-2471823.099796408,11759779.665850244,11759779.665850244,11759779.665850244,0.0,0.0,0.0,24554559.321064316
2024-11-05,15260960.144332457,7000473.936498996,39488252.4028068,15260960.144332457,15260960.144332457,8188252.585313711,8188252.585313711,8188252.585313711,-2758137.7114924085,-2758137.7114924085,-2758137.7114924085,10946390.29680612,10946390.29680612,10946390.29680612,0.0,0.0,0.0,23449212.72964617
2024-11-06,15255317.53365444,8039019.165182915,39079849.27696616,15255317.53365444,15255317.53365444,8948383.556335395,8948383.556335395,8948383.556335395,-1074276.551178195,-1074276.551178195,-1074276.551178195,10022660.10751359,10022660.10751359,10022660.10751359,0.0,0.0,0.0,24203701.089989834
2024-11-07,15249674.922976421,7170529.88598728,42973888.73346507,15249674.922976421,15249674.922976421,9906435.020316448,9906435.020316448,9906435.020316448,901994.0573754642,901994.0573754642,901994.0573754642,9004440.962940983,9004440.962940983,9004440.962940983,0.0,0.0,0.0,25156109.94329287
2024-11-08,15244032.312298402,6025563.182915627,39154019.18805359,15244032.312298402,15244032.312298402,8073564.170160503,8073564.170160503,8073564.170160503,164624.10669170742,164624.10669170742,164624.10669170742,7908940.063468795,7908940.063468795,7908940.063468795,0.0,0.0,0.0,23317596.482458904
2024-11-11,15227104.480264347,1086462.752861657,33588728.278715275,15227104.480264347,15227104.480264347,1871800.1485748102,1871800.1485748102,1871800.1485748102,-2471823.09978347,-2471823.09978347,-2471823.09978347,4343623.2483582795,4343623.2483582795,4343623.2483582795,0.0,0.0,0.0,17098904.628839158
2024-11-12,15221461.869586328,-842948.9811348241,32255453.131928816,15221461.869586328,15221461.869586328,367412.34084421874,367412.34084421874,367412.34084421874,-2758137.711490067,-2758137.711490067,-2758137.711490067,3125550.052334286,3125550.052334286,3125550.052334286,0.0,0.0,0.0,15588874.210430548
2024-11-13,15215819.258908309,991308.419240785,32512897.45922032,15215819.258908309,15215819.258908309,849586.8665216126,849586.8665216126,849586.8665216126,-1074276.551177015,-1074276.551177015,-1074276.551177015,1923863.4176986276,1923863.4176986276,1923863.4176986276,0.0,0.0,0.0,16065406.12542992
2024-11-14,15210176.648230292,1464511.059410708,32329183.71653523,15210176.648230292,15210176.648230292,1658270.6392074537,1658270.6392074537,1658270.6392074537,901994.0573772083,901994.0573772083,901994.0573772083,756276.5818302456,756276.5818302456,756276.5818302456,0.0,0.0,0.0,16868447.287437744
2024-11-15,15204534.037552271,138002.4588577349,31589291.00313538,15204534.037552271,15204534.037552271,-196000.37567494492,-196000.37567494492,-196000.37567494492,164624.106693488,164624.106693488,164624.106693488,-360624.4823684329,-360624.4823684329,-360624.4823684329,0.0,0.0,0.0,15008533.661877327
2024-11-18,15187606.205518216,-7556988.653348539,26538367.79656898,15187606.205518216,15187606.205518216,-5735839.197963692,-5735839.197963692,-5735839.197963692,-2471823.099787076,-2471823.099787076,-2471823.099787076,-3264016.0981766162,-3264016.0981766162,-3264016.0981766162,0.0,0.0,0.0,9451767.007554524
2024-11-19,15181963.594840199,-7371543.916482761,25464341.139132865,15181963.594840199,15181963.594840199,-6802231.139834889,-6802231.139834889,-6802231.139834889,-2758137.711489571,-2758137.711489571,-2758137.711489571,-4044093.428345319,-4044093.428345319,-4044093.428345319,0.0,0.0,0.0,8379732.45500531
2024-11-20,15176320.98416218,-6191978.384624894,25534414.72096272,15176320.98416218,15176320.98416218,-5790419.905082957,-5790419.905082957,-5790419.905082957,-1074276.5511748507,-1074276.5511748507,-1074276.5511748507,-4716143.353908107,-4716143.353908107,-4716143.353908107,0.0,0.0,0.0,9385901.079079222
2024-11-21,15170678.37348416,-5102119.06859872,27047695.64806641,15170678.37348416,15170678.37348416,-4372978.182597863,-4372978.182597863,-4372978.182597863,901994.0573735611,901994.0573735611,901994.0573735611,-5274972.2399714235,-5274972.2399714235,-5274972.2399714235,0.0,0.0,0.0,10797700.190886298
2024-11-22,15165035.762806142,-7171183.364908496,25141584.824271522,15165035.762806142,15165035.762806142,-5553028.647056524,-5553028.647056524,-5553028.647056524,164624.10669526854,164624.10669526854,164624.10669526854,-5717652.753751792,-5717652.753751792,-5717652.753751792,0.0,0.0,0.0,9612007.115749618
2024-11-25,15148107.930772087,-11036154.456400892,22221112.13434365,15148107.930772087,15148107.930772087,-8824688.800262162,-8824688.800262162,-8824688.800262162,-2471823.0997906835,-2471823.0997906835,-2471823.0997906835,-6352865.700471479,-6352865.700471479,-6352865.700471479,0.0,0.0,0.0,6323419.130509924
2024-11-26,15142465.320094068,-10087096.263567673,23345336.159364477,15142465.320094068,15142465.320094068,-9103651.88057308,-9103651.88057308,-9103651.88057308,-2758137.7114881515,-2758137.7114881515,-2758137.7114881515,-6345514.169084929,-6345514.169084929,-6345514.169084929,0.0,0.0,0.0,6038813.439520987
2024-11-27,15136822.70941605,-7138307.817646174,25207755.101487607,15136822.70941605,15136822.70941605,-7313589.381241828,-7313589.381241828,-7313589.381241828,-1074276.5511843562,-1074276.5511843562,-1074276.5511843562,-6239312.830057472,-6239312.830057472,-6239312.830057472,0.0,0.0,0.0,7823233.328174222
2024-11-29,15125537.488060012,-7057449.901545075,26366065.74590042,15125537.488060012,15125537.488060012,-5602679.531533305,-5602679.531533305,-5602679.531533305,164624.10669704917,164624.10669704917,164624.10669704917,-5767303.638230353,-5767303.638230353,-5767303.638230353,0.0,0.0,0.0,9522857.956526708
2024-12-02,15108609.656025957,-7258991.2623092905,24866306.310524896,15108609.656025957,15108609.656025957,-7050955.873294774,-7050955.873294774,-7050955.873294774,-2471823.0997777446,-2471823.0997777446,-2471823.0997777446,-4579132.773517029,-4579132.773517029,-4579132.773517029,0.0,0.0,0.0,8057653.782731183
2024-12-03,15102967.045347935,-8054778.089745686,24830285.393234793,15102967.045347935,15102967.045347935,-6863447.407783751,-6863447.407783751,-6863447.407783751,-2758137.711486732,-2758137.711486732,-2758137.711486732,-4105309.6962970197,-4105309.6962970197,-4105309.6962970197,0.0,0.0,0.0,8239519.637564183
2024-12-04,15097324.43466992,-5800453.565811469,26379349.67181957,15097324.43466992,15097324.43466992,-4688798.104348486,-4688798.104348486,-4688798.104348486,-1074276.5511812083,-1074276.5511812083,-1074276.5511812083,-3614521.553167277,-3614521.553167277,-3614521.553167277,0.0,0.0,0.0,10408526.330321433
2024-12-05,15091681.8239919,-3498044.97365747,28786544.48407726,15091681.8239919,15091681.8239919,-2217807.8630332244,-2217807.8630332244,-2217807.8630332244,901994.0573735193,901994.0573735193,901994.0573735193,-3119801.9204067434,-3119801.9204067434,-3119801.9204067434,0.0,0.0,0.0,12873873.960958676
2024-12-06,15086039.213313881,-3698199.981029954,29623019.62363591,15086039.213313881,15086039.213313881,-2469142.6721580415,-2469142.6721580415,-2469142.6721580415,164624.10669495614,164624.10669495614,164624.10669495614,-2633766.7788529973,-2633766.7788529973,-2633766.7788529973,0.0,0.0,0.0,12616896.54115584
2024-12-09,15069111.381279826,-5885943.0103524905,27964959.753362883,15069111.381279826,15069111.381279826,-3814968.67585355,-3814968.67585355,-3814968.67585355,-2471823.0997787043,-2471823.0997787043,-2471823.0997787043,-1343145.576074846,-1343145.576074846,-1343145.576074846,0.0,0.0,0.0,11254142.705426276
2024-12-10,15063468.770601807,-4532682.506604099,26900023.730660837,15063468.770601807,15063468.770601807,-3760462.2903811014,-3760462.2903811014,-3760462.2903811014,-2758137.711485313,-2758137.711485313,-2758137.711485313,-1002324.5788957884,-1002324.5788957884,-1002324.5788957884,0.0,0.0,0.0,11303006.480220705
2024-12-11,15057826.159923786,-3685878.5887697074,30131933.28253761,15057826.159923786,15057826.159923786,-1794261.5192615918,-1794261.5192615918,-1794261.5192615918,-1074276.5511800277,-1074276.5511800277,-1074276.5511800277,-719984.9680815641,-719984.9680815641,-719984.9680815641,0.0,0.0,0.0,13263564.640662195
2024-12-12,15052183.549245771,-1400166.5662670261,32631014.128490947,15052183.549245771,15052183.549245771,399639.20508222264,399639.20508222264,399639.20508222264,901994.0573752632,901994.0573752632,901994.0573752632,-502354.85229304055,-502354.85229304055,-502354.85229304055,0.0,0.0,0.0,15451822.754327994
2024-12-13,15046540.938567748,-1019003.3159069851,30782616.03900391,15046540.938567748,15046540.938567748,-189558.92137724106,-189558.92137724106,-189558.92137724106,164624.1066917866,164624.1066917866,164624.1066917866,-354183.0280690277,-354183.0280690277,-354183.0280690277,0.0,0.0,0.0,14856982.017190507
2024-12-16,15029613.106533693,-4088276.524546959,28600596.75969387,15029613.106533693,15029613.106533693,-2822753.50780539,-2822753.50780539,-2822753.50780539,-2471823.099784958,-2471823.099784958,-2471823.099784958,-350930.40802043106,-350930.40802043106,-350930.40802043106,0.0,0.0,0.0,12206859.598728303
2024-12-17,15023970.495855678,-4597855.545385971,28707256.605899826,15023970.495855678,15023970.495855678,-3255566.9303166335,-3255566.9303166335,-3255566.9303166335,-2758137.711484817,-2758137.711484817,-2758137.711484817,-497429.2188318168,-497429.2188318168,-497429.2188318168,0.0,0.0,0.0,11768403.565539043
2024-12-18,15018327.885177659,-3524255.653166971,30764624.76063215,15018327.885177659,15018327.885177659,-1788511.7159020938,-1788511.7159020938,-1788511.7159020938,-1074276.5511778633,-1074276.5511778633,-1074276.5511778633,-714235.1647242306,-714235.1647242306,-714235.1647242306,0.0,0.0,0.0,13229816.169275565
2024-12-19,15012685.274499638,-1023214.1523393501,31099976.776164223,15012685.274499638,15012685.274499638,-95150.4035616537,-95150.4035616537,-95150.4035616537,901994.0573770072,901994.0573770072,901994.0573770072,-997144.4609386609,-997144.4609386609,-997144.4609386609,0.0,0.0,0.0,14917534.870937984
2024-12-20,15007042.663821619,-3488587.7916084426,28139706.16001757,15007042.663821619,15007042.663821619,-1176041.5832285804,-1176041.5832285804,-1176041.5832285804,164624.10668969376,164624.10668969376,164624.10668969376,-1340665.689918274,-1340665.689918274,-1340665.689918274,0.0,0.0,0.0,13831001.080593038
2024-12-23,14990114.831787564,-7098249.226735266,26930715.632725626,14990114.831787564,14990114.831787564,-5134889.745664713,-5134889.745664713,-5134889.745664713,-2471823.099785918,-2471823.099785918,-2471823.099785918,-2663066.645878796,-2663066.645878796,-2663066.645878796,0.0,0.0,0.0,9855225.086122852
2024-12-24,14984472.221109545,-5700512.785671297,26010686.13441145,14984472.221109545,14984472.221109545,-5930618.2621448105,-5930618.2621448105,-5930618.2621448105,-2758137.7114900565,-2758137.7114900565,-2758137.7114900565,-3172480.550654754,-3172480.550654754,-3172480.550654754,0.0,0.0,0.0,9053853.958964735
2024-12-26,14973186.999753507,-4336803.955345664,28298121.67681518,14973186.999753507,14973186.999753507,-3333177.3528221142,-3333177.3528221142,-3333177.3528221142,901994.0573733599,901994.0573733599,901994.0573733599,-4235171.410195474,-4235171.410195474,-4235171.410195474,0.0,0.0,0.0,11640009.646931393
2024-12-27,14967544.389075492,-6464355.896062764,26171634.414760847,14967544.389075492,14967544.389075492,-4602527.148739457,-4602527.148739457,-4602527.148739457,164624.10669534787,164624.10669534787,164624.10669534787,-4767151.2554348055,-4767151.2554348055,-4767151.2554348055,0.0,0.0,0.0,10365017.240336034
2024-12-30,14950616.557041436,-10155463.394435698,23116706.48021219,14950616.557041436,14950616.557041436,-8706827.234349921,-8706827.234349921,-8706827.234349921,-2471823.099786877,-2471823.099786877,-2471823.099786877,-6235004.134563044,-6235004.134563044,-6235004.134563044,0.0,0.0,0.0,6243789.322691515
2024-12-31,14944973.946363417,-10836153.792783769,22687618.48471885,14944973.946363417,14944973.946363417,-9404178.910604566,-9404178.910604566,-9404178.910604566,-2758137.71148956,-2758137.71148956,-2758137.71148956,-6646041.199115007,-6646041.199115007,-6646041.199115007,0.0,0.0,0.0,5540795.035758851
2025-01-02,14933688.725007378,-8652001.296664793,24187547.46395297,14933688.725007378,14933688.725007378,-6389072.200648776,-6389072.200648776,-6389072.200648776,901994.0573751039,901994.0573751039,901994.0573751039,-7291066.2580238795,-7291066.2580238795,-7291066.2580238795,0.0,0.0,0.0,8544616.5243586
2025-01-03,14928046.114329359,-9240005.345811611,22927191.032746073,14928046.114329359,14928046.114329359,-7342815.24791142,-7342815.24791142,-7342815.24791142,164624.1066932548,164624.1066932548,164624.1066932548,-7507439.3546046745,-7507439.3546046745,-7507439.3546046745,0.0,0.0,0.0,7585230.866417939
2025-01-06,14911118.282295303,-11540742.734895019,20982913.909955945,14911118.282295303,14911118.282295303,-10117496.39956684,-10117496.39956684,-10117496.39956684,-2471823.099793131,-2471823.099793131,-2471823.099793131,-7645673.29977371,-7645673.29977371,-7645673.29977371,0.0,0.0,0.0,4793621.882728463
2025-01-07,14905475.671617288,-11863651.350782907,21908372.207723316,14905475.671617288,14905475.671617288,-10262082.843441177,-10262082.843441177,-10262082.843441177,-2758137.711487218,-2758137.711487218,-2758137.711487218,-7503945.131953958,-7503945.131953958,-7503945.131953958,0.0,0.0,0.0,4643392.828176111
2025-01-08,14899833.060939265,-10192311.980222367,23040684.913627855,14899833.060939265,14899833.060939265,-8336999.099848049,-8336999.099848049,-8336999.099848049,-1074276.551182057,-1074276.551182057,-1074276.551182057,-7262722.548665991,-7262722.548665991,-7262722.548665991,0.0,0.0,0.0,6562833.961091217
2025-01-10,14888547.83958323,-7829994.139352144,25298759.583290726,14888547.83958323,14888547.83958323,-6313432.295821424,-6313432.295821424,-6313432.295821424,164624.1066911614,164624.1066911614,164624.1066911614,-6478056.402512584,-6478056.402512584,-6478056.402512584,0.0,0.0,0.0,8575115.543761805
2025-01-13,14871620.007549172,-9306979.821097411,24148143.319367897,14871620.007549172,14871620.007549172,-7041815.874336586,-7041815.874336586,-7041815.874336586,-2471823.0997940903,-2471823.0997940903,-2471823.0997940903,-4569992.774542496,-4569992.774542496,-4569992.774542496,0.0,0.0,0.0,7829804.133212586
2025-01-14,14865977.396871155,-8985271.977801308,24356719.23021425,14865977.396871155,14865977.396871155,-6514031.838270434,-6514031.838270434,-6514031.838270434,-2758137.7114867214,-2758137.7114867214,-2758137.7114867214,-3755894.1267837128,-3755894.1267837128,-3755894.1267837128,0.0,0.0,0.0,8351945.558600721
2025-01-15,14860334.786193136,-6366559.215967471,27612057.32105202,14860334.786193136,14860334.786193136,-3938258.7144312356,-3938258.7144312356,-3938258.7144312356,-1074276.5511798926,-1074276.5511798926,-1074276.5511798926,-2863982.163251343,-2863982.163251343,-2863982.163251343,0.0,0.0,0.0,10922076.0717619
2025-01-16,14854692.175515117,-1712340.0386645945,31014878.2921003,14854692.175515117,14854692.175515117,-1001018.2278669623,-1001018.2278669623,-1001018.2278669623,901994.0573777577,901994.0573777577,901994.0573777577,-1903012.28524472,-1903012.28524472,-1903012.28524472,0.0,0.0,0.0,13853673.947648155
2025-01-17,14849049.564837102,-1661835.090843429,30664397.31546698,14849049.564837102,14849049.564837102,-718335.9902528226,-718335.9902528226,-718335.9902528226,164624.10669681593,164624.10669681593,164624.10669681593,-882960.0969496386,-882960.0969496386,-882960.0969496386,0.0,0.0,0.0,14130713.57458428
2025-01-21,14826479.122125024,-1285605.8234047487,32609278.75437305,14826479.122125024,14826479.122125024,794991.6583254009,794991.6583254009,794991.6583254009,-2758137.711486226,-2758137.711486226,-2758137.711486226,3553129.3698116266,3553129.3698116266,3553129.3698116266,0.0,0.0,0.0,15621470.780450424
2025-01-22,14820836.511447007,2743460.7144580022,36032622.394330524,14820836.511447007,14820836.511447007,3611488.0452970825,3611488.0452970825,3611488.0452970825,-1074276.5511787122,-1074276.5511787122,-1074276.5511787122,4685764.596475795,4685764.596475795,4685764.596475795,0.0,0.0,0.0,18432324.55674409
2025-01-23,14815193.900768988,5365183.210623463,38412319.07182071,14815193.900768988,14815193.900768988,6702087.86817443,6702087.86817443,6702087.86817443,901994.0573768062,901994.0573768062,901994.0573768062,5800093.810797623,5800093.810797623,5800093.810797623,0.0,0.0,0.0,21517281.768943418
2025-01-24,14809551.290090969,4943564.177970701,38337076.751139954,14809551.290090969,14809551.290090969,7046640.762933432,7046640.762933432,7046640.762933432,164624.1066947229,164624.1066947229,164624.1066947229,6882016.65623871,6882016.65623871,6882016.65623871,0.0,0.0,0.0,21856192.0530244
2025-01-27,14792623.458056914,7138102.181047409,36519867.10262871,14792623.458056914,14792623.458056914,7325290.505380099,7325290.505380099,7325290.505380099,-2471823.0997821125,-2471823.0997821125,-2471823.0997821125,9797113.60516221,9797113.60516221,9797113.60516221,0.0,0.0,0.0,22117913.963437013
2025-01-28,14786980.847378895,6106061.660973589,39332597.57379763,14786980.847378895,14786980.847378895,7858227.178252798,7858227.178252798,7858227.178252798,-2758137.711483883,-2758137.711483883,-2758137.711483883,10616364.88973668,10616364.88973668,10616364.88973668,0.0,0.0,0.0,22645208.025631692
2025-01-29,14781338.236700876,9439708.93178791,40337614.97558769,14781338.236700876,14781338.236700876,10266376.006372292,10266376.006372292,10266376.006372292,-1074276.5511755643,-1074276.5511755643,-1074276.5511755643,11340652.557547856,11340652.557547856,11340652.557547856,0.0,0.0,0.0,25047714.243073165
2025-01-30,14775695.626022859,10670402.50898897,43572317.7339725,14775695.626022859,14775695.626022859,12862589.405867828,12862589.405867828,12862589.405867828,901994.0573758546,901994.0573758546,901994.0573758546,11960595.348491974,11960595.348491974,11960595.348491974,0.0,0.0,0.0,27638285.031890687
2025-01-31,14770053.015344838,10571442.147580918,44130224.80855087,14770053.015344838,14770053.015344838,12632941.597011166,12632941.597011166,12632941.597011166,164624.10669155364,164624.10669155364,164624.10669155364,12468317.490319613,12468317.490319613,12468317.490319613,0.0,0.0,0.0,27402994.612356003
2025-02-03,14753125.183310783,8612786.362792702,42109331.53011348,14753125.183310783,14753125.183310783,10793338.483386887,10793338.483386887,10793338.483386887,-2471823.099785719,-2471823.099785719,-2471823.099785719,13265161.583172604,13265161.583172604,13265161.583172604,0.0,0.0,0.0,25546463.66669767
2025-02-04,14747482.572632765,9656268.77450359,41420016.15007764,14747482.572632765,14747482.572632765,10522246.235856092,10522246.235856092,10522246.235856092,-2758137.7114900467,-2758137.7114900467,-2758137.7114900467,13280383.947346138,13280383.947346138,13280383.947346138,0.0,0.0,0.0,25269728.808488857
2025-02-05,14741839.961954746,9822924.476547891,43848438.29877673,14741839.961954746,14741839.961954746,12096927.861992983,12096927.861992983,12096927.861992983,-1074276.55118507,-1074276.55118507,-1074276.55118507,13171204.413178053,13171204.413178053,13171204.413178053,0.0,0.0,0.0,26838767.823947728
2025-02-06,14736197.351276727,10856086.905649286,43741342.459397234,14736197.351276727,14736197.351276727,13843103.47822032,13843103.47822032,13843103.47822032,901994.0573749029,901994.0573749029,901994.0573749029,12941109.420845417,12941109.420845417,12941109.420845417,0.0,0.0,0.0,28579300.829497047
2025-02-07,14730554.740598708,11642585.721868388,44445727.908469684,14730554.740598708,14730554.740598708,12760177.48957087,12760177.48957087,12760177.48957087,164624.10668946023,164624.10668946023,164624.10668946023,12595553.382881409,12595553.382881409,12595553.382881409,0.0,0.0,0.0,27490732.23016958
2025-02-10,14713626.90856465,7931564.755206329,38679733.57923364,14713626.90856465,14713626.90856465,8476430.7194435,8476430.7194435,8476430.7194435,-2471823.099789325,-2471823.099789325,-2471823.099789325,10948253.819232825,10948253.819232825,10948253.819232825,0.0,0.0,0.0,23190057.62800815
2025-02-11,14707984.297886634,5957976.303973045,37978653.48005043,14707984.297886634,14707984.297886634,7473055.814535866,7473055.814535866,7473055.814535866,-2758137.7114877044,-2758137.7114877044,-2758137.7114877044,10231193.52602357,10231193.52602357,10231193.52602357,0.0,0.0,0.0,22181040.1124225
2025-02-12,14702341.687208617,7201411.024763656,39385848.541826986,14702341.687208617,14702341.687208617,8377112.6862120945,8377112.6862120945,8377112.6862120945,-1074276.5511829057,-1074276.5511829057,-1074276.5511829057,9451389.237395,9451389.237395,9451389.237395,0.0,0.0,0.0,23079454.37342071
2025-02-13,14696699.076530594,8939799.873454329,41484062.15432242,14696699.076530594,14696699.076530594,9525162.566309288,9525162.566309288,9525162.566309288,901994.0573766469,901994.0573766469,901994.0573766469,8623168.50893264,8623168.50893264,8623168.50893264,0.0,0.0,0.0,24221861.642839883
2025-02-14,14691056.46585258,7428497.128739482,38816709.195582114,14691056.46585258,14691056.46585258,7926172.053647928,7926172.053647928,7926172.053647928,164624.10669124074,164624.10669124074,164624.10669124074,7761547.946956688,7761547.946956688,7761547.946956688,0.0,0.0,0.0,22617228.51950051
2025-02-18,14668486.023140501,-1004337.0001227979,33200801.568631273,14668486.023140501,14668486.023140501,1530949.5069249573,1530949.5069249573,1530949.5069249573,-2758137.711487208,-2758137.711487208,-2758137.711487208,4289087.2184121655,4289087.2184121655,4289087.2184121655,0.0,0.0,0.0,16199435.530065458
2025-02-19,14662843.412462486,1312840.3576527676,33388890.18590289,14662843.412462486,14662843.412462486,2414888.920354673,2414888.920354673,2414888.920354673,-1074276.551181725,-1074276.551181725,-1074276.551181725,3489165.4715363984,3489165.4715363984,3489165.4715363984,0.0,0.0,0.0,17077732.33281716
2025-02-20,14657200.801784467,2299238.317769987,33779024.111828744,14657200.801784467,14657200.801784467,3645793.6606161296,3645793.6606161296,3645793.6606161296,901994.0573729997,901994.0573729997,901994.0573729997,2743799.6032431303,2743799.6032431303,2743799.6032431303,0.0,0.0,0.0,18302994.462400597
2025-02-21,14651558.191106448,715977.6997445527,33231369.39390982,14651558.191106448,14651558.191106448,2229172.16586448,2229172.16586448,2229172.16586448,164624.1066919452,164624.1066919452,164624.1066919452,2064548.0591725346,2064548.0591725346,2064548.0591725346,0.0,0.0,0.0,16880730.35697093
2025-02-24,14634630.359072393,-4810928.1874910975,28106325.185287658,14634630.359072393,14634630.359072393,-1957691.9045960368,-1957691.9045960368,-1957691.9045960368,-2471823.099793892,-2471823.099793892,-2471823.099793892,514131.19519785495,514131.19519785495,514131.19519785495,0.0,0.0,0.0,12676938.454476357
2025-02-25,14628987.748394374,-3646734.8422653605,27541237.256736156,14628987.748394374,14628987.748394374,-2577690.9907703665,-2577690.9907703665,-2577690.9907703665,-2758137.711485788,-2758137.711485788,-2758137.711485788,180446.7207154213,180446.7207154213,180446.7207154213,0.0,0.0,0.0,12051296.757624008
2025-02-26,14623345.137716353,-2719168.2356219264,30638471.096785128,14623345.137716353,14623345.137716353,-1130811.3208080193,-1130811.3208080193,-1130811.3208080193,-1074276.5511805443,-1074276.5511805443,-1074276.5511805443,-56534.76962747475,-56534.76962747475,-56534.76962747475,0.0,0.0,0.0,13492533.816908333
2025-02-27,14617702.527038338,-1708663.7409911195,32009427.955512397,14617702.527038338,14617702.527038338,705021.0929433194,705021.0929433194,705021.0929433194,901994.0573766051,901994.0573766051,901994.0573766051,-196972.96443328576,-196972.96443328576,-196972.96443328576,0.0,0.0,0.0,15322723.619981658
2025-02-28,14612059.916360315,-1112491.2955092653,30592123.81268606,14612059.916360315,14612059.916360315,-78563.14996514474,-78563.14996514474,-78563.14996514474,164624.1066937259,164624.1066937259,164624.1066937259,-243187.2566588706,-243187.2566588706,-243187.2566588706,0.0,0.0,0.0,14533496.76639517
2025-03-03,14595132.08432626,-3652655.2592101824,30207310.348965477,14595132.08432626,14595132.08432626,-2342156.0105337184,-2342156.0105337184,-2342156.0105337184,-2471823.0997836012,-2471823.0997836012,-2471823.0997836012,129667.0892498828,129667.0892498828,129667.0892498828,0.0,0.0,0.0,12252976.073792541
2025-03-04,14589489.473648245,-4223554.604244376,29233235.89146541,14589489.473648245,14589489.473648245,-2360842.180028662,-2360842.180028662,-2360842.180028662,-2758137.7114910283,-2758137.7114910283,-2758137.7114910283,397295.531462366,397295.531462366,397295.531462366,0.0,0.0,0.0,12228647.293619582
2025-03-05,14583846.862970226,-2734180.6600645026,29365264.4585425,14583846.862970226,14583846.862970226,-355160.012962077,-355160.012962077,-355160.012962077,-1074276.5511773964,-1074276.5511773964,-1074276.5511773964,719116.5382153193,719116.5382153193,719116.5382153193,0.0,0.0,0.0,14228686.850008149
2025-03-06,14578204.252292205,240379.81050636334,32050752.050129212,14578204.252292205,14578204.252292205,1984818.862368258,1984818.862368258,1984818.862368258,901994.0573756534,901994.0573756534,901994.0573756534,1082824.8049926045,1082824.8049926045,1082824.8049926045,0.0,0.0,0.0,16563023.114660462
2025-03-07,14572561.641614186,-207412.91577456036,33296564.707223848,14572561.641614186,14572561.641614186,1639930.9086071455,1639930.9086071455,1639930.9086071455,164624.10669163291,164624.10669163291,164624.10669163291,1475306.8019155124,1475306.8019155124,1475306.8019155124,0.0,0.0,0.0,16212492.550221331
2025-03-10,14555633.809580132,-2112813.4882251336,31117673.228657708,14555633.809580132,14555633.809580132,217029.71451487488,217029.71451487488,217029.71451487488,-2471823.09978456,-2471823.09978456,-2471823.09978456,2688852.8142994354,2688852.8142994354,2688852.8142994354,0.0,0.0,0.0,14772663.524095008
2025-03-11,14549991.198902112,-1751811.6239511357,30392788.02535941,14549991.198902112,14549991.198902112,302253.80548376805,302253.80548376805,302253.80548376805,-2758137.711489609,-2758137.711489609,-2758137.711489609,3060391.516973377,3060391.516973377,3060391.516973377,0.0,0.0,0.0,14852245.00438588
2025-03-12,14544348.588224096,558535.6009487117,32547313.962277446,14544348.588224096,14544348.588224096,2320052.641922039,2320052.641922039,2320052.641922039,-1074276.551176216,-1074276.551176216,-1074276.551176216,3394329.193098255,3394329.193098255,3394329.193098255,0.0,0.0,0.0,16864401.230146136
2025-03-13,14538705.977546073,2648914.6850540936,36294415.84544118,14538705.977546073,14538705.977546073,4581475.851910144,4581475.851910144,4581475.851910144,901994.0573773974,901994.0573773974,901994.0573773974,3679481.794532747,3679481.794532747,3679481.794532747,0.0,0.0,0.0,19120181.829456218
2025-03-14,14533063.366868058,1275957.226256889,33692975.96147102,14533063.366868058,14533063.366868058,4070668.6528558484,4070668.6528558484,4070668.6528558484,164624.1066934134,164624.1066934134,164624.1066934134,3906044.5461624353,3906044.5461624353,3906044.5461624353,0.0,0.0,0.0,18603732.019723907
2025-03-17,14516135.534834001,-1292838.0774108132,32175341.180062126,14516135.534834001,14516135.534834001,1689710.2388452024,1689710.2388452024,1689710.2388452024,-2471823.099790814,-2471823.099790814,-2471823.099790814,4161533.3386360165,4161533.3386360165,4161533.3386360165,0.0,0.0,0.0,16205845.773679204
2025-03-18,14510492.924155982,-342829.75727933994,32316537.899690334,14510492.924155982,14510492.924155982,1332577.6200633205,1332577.6200633205,1332577.6200633205,-2758137.7114891126,-2758137.7114891126,-2758137.7114891126,4090715.3315524333,4090715.3315524333,4090715.3315524333,0.0,0.0,0.0,15843070.544219302
2025-03-19,14504850.313477963,1578220.897477478,33170001.195281792,14504850.313477963,14504850.313477963,2865528.1724596303,2865528.1724596303,2865528.1724596303,-1074276.5511740518,-1074276.5511740518,-1074276.5511740518,3939804.7236336824,3939804.7236336824,3939804.7236336824,0.0,0.0,0.0,17370378.485937595
2025-03-20,14499207.702799944,2968891.334070504,36468341.63831318,14499207.702799944,14499207.702799944,4612727.484100169,4612727.484100169,4612727.484100169,901994.0573756117,901994.0573756117,901994.0573756117,3710733.4267245573,3710733.4267245573,3710733.4267245573,0.0,0.0,0.0,19111935.186900113
2025-03-21,14493565.092121925,1880087.1422890162,35506308.83970086,14493565.092121925,14493565.092121925,3572142.811753066,3572142.811753066,3572142.811753066,164624.10669132043,164624.10669132043,164624.10669132043,3407518.7050617454,3407518.7050617454,3407518.7050617454,0.0,0.0,0.0,18065707.90387499
2025-03-24,14476637.26008787,-2415487.3846219545,30893874.764683317,14476637.26008787,14476637.26008787,-349781.25771981117,-349781.25771981117,-349781.25771981117,-2471823.0997917736,-2471823.0997917736,-2471823.0997917736,2122041.8420719625,2122041.8420719625,2122041.8420719625,0.0,0.0,0.0,14126856.002368059
2025-03-25,14470994.649409851,-4051295.7558147297,30963051.56075443,14470994.649409851,14470994.649409851,-1158480.3833574431,-1158480.3833574431,-1158480.3833574431,-2758137.7114876937,-2758137.7114876937,-2758137.7114876937,1599657.3281302508,1599657.3281302508,1599657.3281302508,0.0,0.0,0.0,13312514.266052408
2025-03-26,14465352.038731834,-2218813.0557214953,30678136.430658072,14465352.038731834,14465352.038731834,-24880.91266294419,-24880.91266294419,-24880.91266294419,-1074276.5511825737,-1074276.5511825737,-1074276.5511825737,1049395.6385196296,1049395.6385196296,1049395.6385196296,0.0,0.0,0.0,14440471.12606889
2025-03-27,14459709.428053815,352552.00660842896,31839885.855085503,14459709.428053815,14459709.428053815,1386136.960722001,1386136.960722001,1386136.960722001,901994.0573746602,901994.0573746602,901994.0573746602,484142.90334734117,484142.90334734117,484142.90334734117,0.0,0.0,0.0,15845846.388775816
2025-03-28,14454066.817375794,-1737095.7028721706,30389944.993298918,14454066.817375794,14454066.817375794,81938.72825255907,81938.72825255907,81938.72825255907,164624.10669697425,164624.10669697425,164624.10669697425,-82685.37844441518,-82685.37844441518,-82685.37844441518,0.0,0.0,0.0,14536005.545628354
2025-03-31,14437138.98534174,-6324425.248415745,26625555.821737956,14437138.98534174,14437138.98534174,-4129310.451524221,-4129310.451524221,-4129310.451524221,-2471823.099778836,-2471823.099778836,-2471823.099778836,-1657487.3517453852,-1657487.3517453852,-1657487.3517453852,0.0,0.0,0.0,10307828.53381752
2025-04-01,14431496.37466372,-5623334.912196898,24646322.015984494,14431496.37466372,14431496.37466372,-4855613.847953983,-4855613.847953983,-4855613.847953983,-2758137.711487198,-2758137.711487198,-2758137.711487198,-2097476.136466785,-2097476.136466785,-2097476.136466785,0.0,0.0,0.0,9575882.526709737
2025-04-02,14425853.763985703,-4405250.690576084,27326099.01008553,14425853.763985703,14425853.763985703,-3549853.41816306,-3549853.41816306,-3549853.41816306,-1074276.5511804093,-1074276.5511804093,-1074276.5511804093,-2475576.866982651,-2475576.866982651,-2475576.866982651,0.0,0.0,0.0,10876000.345822643
2025-04-03,14420211.153307684,-3786408.805629331,29120854.89669106,14420211.153307684,14420211.153307684,-1880023.0023158626,-1880023.0023158626,-1880023.0023158626,901994.0573737085,901994.0573737085,901994.0573737085,-2782017.059689571,-2782017.059689571,-2782017.059689571,0.0,0.0,0.0,12540188.150991822
2025-04-04,14414568.542629665,-4082834.105293646,28589227.57999667,14414568.542629665,14414568.542629665,-2844003.400283637,-2844003.400283637,-2844003.400283637,164624.1066948812,164624.1066948812,164624.1066948812,-3008627.5069785183,-3008627.5069785183,-3008627.5069785183,0.0,0.0,0.0,11570565.142346028
2025-04-07,14397640.71059561,-7690106.81534166,24896193.90991025,14397640.71059561,14397640.71059561,-5627578.434072057,-5627578.434072057,-5627578.434072057,-2471823.099782442,-2471823.099782442,-2471823.099782442,-3155755.3342896146,-3155755.3342896146,-3155755.3342896146,0.0,0.0,0.0,8770062.276523553
2025-04-08,14391998.09991759,-7806650.469680331,26056180.248423964,14391998.09991759,14391998.09991759,-5777657.879842067,-5777657.879842067,-5777657.879842067,-2758137.711484855,-2758137.711484855,-2758137.711484855,-3019520.168357212,-3019520.168357212,-3019520.168357212,0.0,0.0,0.0,8614340.220075523
2025-04-09,14386355.489239573,-5257414.7651508665,28248256.965097725,14386355.489239573,14386355.489239573,-3866373.2098152232,-3866373.2098152232,-3866373.2098152232,-1074276.5511792288,-1074276.5511792288,-1074276.5511792288,-2792096.6586359944,-2792096.6586359944,-2792096.6586359944,0.0,0.0,0.0,10519982.27942435
2025-04-10,14380712.878561553,-3202539.425352378,29575423.520103313,14380712.878561553,14380712.878561553,-1575524.7103420622,-1575524.7103420622,-1575524.7103420622,901994.0573754526,901994.0573754526,901994.0573754526,-2477518.767717515,-2477518.767717515,-2477518.767717515,0.0,0.0,0.0,12805188.16821949
2025-04-11,14375070.267883534,-4216338.434347576,29558107.154232312,14375070.267883534,14375070.267883534,-1917197.6063448645,-1917197.6063448645,-1917197.6063448645,164624.10669171225,164624.10669171225,164624.10669171225,-2081821.7130365768,-2081821.7130365768,-2081821.7130365768,0.0,0.0,0.0,12457872.66153867
2025-04-14,14358142.435849478,-4531035.378578815,28217672.21382128,14358142.435849478,14358142.435849478,-2966940.7819281863,-2966940.7819281863,-2966940.7819281863,-2471823.0997860488,-2471823.0997860488,-2471823.0997860488,-495117.6821421381,-495117.6821421381,-495117.6821421381,0.0,0.0,0.0,11391201.653921291
2025-04-15,14352499.825171461,-5200885.167340943,28593115.011516627,14352499.825171461,14352499.825171461,-2627629.283609439,-2627629.283609439,-2627629.283609439,-2758137.711484359,-2758137.711484359,-2758137.711484359,130508.42787492012,130508.42787492012,130508.42787492012,0.0,0.0,0.0,11724870.541562023
2025-04-16,14346857.214493442,-2126930.619614834,30005424.237152465,14346857.214493442,14346857.214493442,-290848.90504735336,-290848.90504735336,-290848.90504735336,-1074276.5511867667,-1074276.5511867667,-1074276.5511867667,783427.6461394135,783427.6461394135,783427.6461394135,0.0,0.0,0.0,14056008.309446089
2025-04-17,14341214.603815423,185467.02311467016,33704480.72892258,14341214.603815423,14341214.603815423,2351901.8171944376,2351901.8171944376,2351901.8171944376,901994.0573771965,901994.0573771965,901994.0573771965,1449907.759817241,1449907.759817241,1449907.759817241,0.0,0.0,0.0,16693116.421009861
2025-04-21,14318644.16110335,-874125.7592681758,33227241.703060064,14318644.16110335,14318644.16110335,1501395.6842986927,1501395.6842986927,1501395.6842986927,-2471823.0997870085,-2471823.0997870085,-2471823.0997870085,3973218.784085701,3973218.784085701,3973218.784085701,0.0,0.0,0.0,15820039.845402041
2025-04-22,14313001.55042533,-1409808.0819941966,31738516.021410137,14313001.55042533,14313001.55042533,1744171.0799042783,1744171.0799042783,1744171.0799042783,-2758137.7114895987,-2758137.7114895987,-2758137.7114895987,4502308.791393877,4502308.791393877,4502308.791393877,0.0,0.0,0.0,16057172.630329609
2025-04-23,14307358.939747311,2020595.7761823502,34803821.622262575,14307358.939747311,14307358.939747311,3893012.6832496054,3893012.6832496054,3893012.6832496054,-1074276.5511855863,-1074276.5511855863,-1074276.5511855863,4967289.234435192,4967289.234435192,4967289.234435192,0.0,0.0,0.0,18200371.622996915
2025-04-24,14301716.329069292,4190851.287752088,37415941.880149536,14301716.329069292,14301716.329069292,6260674.616891827,6260674.616891827,6260674.616891827,901994.0573762448,901994.0573762448,901994.0573762448,5358680.559515583,5358680.559515583,5358680.559515583,0.0,0.0,0.0,20562390.945961118
2025-04-25,14296073.718391275,3832132.4849510207,35232442.18581275,14296073.718391275,14296073.718391275,5833233.735990428,5833233.735990428,5833233.735990428,164624.1066952729,164624.1066952729,164624.1066952729,5668609.6292951545,5668609.6292951545,5668609.6292951545,0.0,0.0,0.0,20129307.454381704
2025-04-26,14290431.107713256,5669198.678943984,38558072.432218716,14290431.107713256,14290431.107713256,8509769.69466904,8509769.69466904,8509769.69466904,2618809.857356988,2618809.857356988,2618809.857356988,5890959.837312053,5890959.837312053,5890959.837312053,0.0,0.0,0.0,22800200.802382298
2025-04-27,14284788.497035237,5436744.667035235,38981052.21829837,14284788.497035237,14284788.497035237,8640286.823002676,8640286.823002676,8640286.823002676,2618809.341045172,2618809.341045172,2618809.341045172,6021477.481957503,6021477.481957503,6021477.481957503,0.0,0.0,0.0,22925075.320037913
2025-04-28,14279145.886357218,2522131.7252808856,34109879.08274357,14279145.886357218,14279145.886357218,3586009.4473864785,3586009.4473864785,3586009.4473864785,-2471823.099787968,-2471823.099787968,-2471823.099787968,6057832.547174447,6057832.547174447,6057832.547174447,0.0,0.0,0.0,17865155.333743695
2025-04-29,14273503.275679199,1358073.5388939043,33768440.71674622,14273503.275679199,14273503.275679199,3241495.5166428136,3241495.5166428136,3241495.5166428136,-2758137.7114881794,-2758137.7114881794,-2758137.7114881794,5999633.228130993,5999633.228130993,5999633.228130993,0.0,0.0,0.0,17514998.792322014
2025-04-30,14267860.665001182,2014307.9659069648,35943632.80200732,14267860.665001182,14267860.665001182,4774118.180177044,4774118.180177044,4774118.180177044,-1074276.5511824384,-1074276.5511824384,-1074276.5511824384,5848394.731359483,5848394.731359483,5848394.731359483,0.0,0.0,0.0,19041978.845178224
2025-05-01,14262218.054323163,4159298.0349305747,35928402.57366105,14262218.054323163,14262218.054323163,6509458.095738986,6509458.095738986,6509458.095738986,901994.0573752932,901994.0573752932,901994.0573752932,5607464.038363692,5607464.038363692,5607464.038363692,0.0,0.0,0.0,20771676.150062148
2025-05-02,14256575.443645144,2332196.1345255957,35934020.968117684,14256575.443645144,14256575.443645144,5446527.525656682,5446527.525656682,5446527.525656682,164624.1066931799,164624.1066931799,164624.1066931799,5281903.418963502,5281903.418963502,5281903.418963502,0.0,0.0,0.0,19703102.969301827
2025-05-03,14250932.832967125,5522446.68424409,38347131.49247999,14250932.832967125,14250932.832967125,7497146.344063457,7497146.344063457,7497146.344063457,2618809.857344714,2618809.857344714,2618809.857344714,4878336.486718744,4878336.486718744,4878336.486718744,0.0,0.0,0.0,21748079.177030582
2025-05-04,14245290.222289108,5193259.188156625,37240165.93026841,14245290.222289108,14245290.222289108,7023570.818943408,7023570.818943408,7023570.818943408,2618809.3410399384,2618809.3410399384,2618809.3410399384,4404761.477903469,4404761.477903469,4404761.477903469,0.0,0.0,0.0,21268861.041232515
2025-05-05,14239647.611611089,-1705118.3073370394,31022607.364532232,14239647.611611089,14239973.83822969,1398514.0854623744,1398514.0854623744,1398514.0854623744,-2471823.0997915748,-2471823.0997915748,-2471823.0997915748,3870337.1852539494,3870337.1852539494,3870337.1852539494,0.0,0.0,0.0,15638161.697073463
2025-05-06,14234005.000933068,-1343344.0913910368,31364786.226197563,14233289.516870612,14236067.738792708,527009.8581658616,527009.8581658616,527009.8581658616,-2758137.71148676,-2758137.71148676,-2758137.71148676,3285147.569652622,3285147.569652622,3285147.569652622,0.0,0.0,0.0,14761014.85909893
2025-05-07,14228362.390255053,-747057.6305300983,30939967.93518869,14227133.67909837,14231614.232876336,1585674.9422750561,1585674.9422750561,1585674.9422750561,-1074276.5511812577,-1074276.5511812577,-1074276.5511812577,2659951.4934563143,2659951.4934563143,2659951.4934563143,0.0,0.0,0.0,15814037.33253011
2025-05-08,14222719.779577034,1560846.3626550813,33551491.576292895,14218868.749665117,14227394.938695204,2907918.3166093244,2907918.3166093244,2907918.3166093244,901994.057376203,901994.057376203,901994.057376203,2005924.2592331215,2005924.2592331215,2005924.2592331215,0.0,0.0,0.0,17130638.09618636
2025-05-09,14217077.168899015,-396674.04617825075,31527480.417537954,14211511.375733873,14223132.753201723,1499021.800429767,1499021.800429767,1499021.800429767,164624.10669108678,164624.10669108678,164624.10669108678,1334397.6937386803,1334397.6937386803,1334397.6937386803,0.0,0.0,0.0,15716098.969328782
2025-05-10,14211434.558220996,606523.0494948736,33730501.65011276,14204223.58238877,14220260.91289783,3275415.2475674055,3275415.2475674055,3275415.2475674055,2618809.8573495797,2618809.8573495797,2618809.8573495797,656605.3902178255,656605.3902178255,656605.3902178255,0.0,0.0,0.0,17486849.8057884
2025-05-11,14205791.947542977,-596444.2852965442,32964456.988924563,14195426.680638403,14216880.825604318,2602248.7601587307,2602248.7601587307,2602248.7601587307,2618809.341042399,2618809.341042399,2618809.341042399,-16560.5808836684,-16560.5808836684,-16560.5808836684,0.0,0.0,0.0,16808040.707701705
2025-05-12,14200149.336864958,-5829550.338834248,27693567.675727345,14187283.33768326,14214307.135430101,-3146598.750286591,-3146598.750286591,-3146598.750286591,-2471823.0997951813,-2471823.0997951813,-2471823.0997951813,-674775.6504914096,-674775.6504914096,-674775.6504914096,0.0,0.0,0.0,11053550.586578367
2025-05-13,14194506.726186939,-7322414.946915099,26835262.898466405,14177884.10376962,14214300.537161114,-4066623.9051471823,-4066623.9051471823,-4066623.9051471823,-2758137.7114862646,-2758137.7114862646,-2758137.7114862646,-1308486.1936609182,-1308486.1936609182,-1308486.1936609182,0.0,0.0,0.0,10127882.821039757
2025-05-14,14188864.115508921,-6097797.307308452,27047062.793034878,14165772.636496956,14210613.35662369,-2983362.5088728727,-2983362.5088728727,-2983362.5088728727,-1074276.5511790938,-1074276.5511790938,-1074276.5511790938,-1909085.9576937787,-1909085.9576937787,-1909085.9576937787,0.0,0.0,0.0,11205501.60663605
2025-05-15,14183221.504830902,-3866283.7365653613,30355488.746499393,14153876.896449411,14208717.89108714,-1567067.7922528777,-1567067.7922528777,-1567067.7922528777,901994.057377947,901994.057377947,901994.057377947,-2469061.8496308248,-2469061.8496308248,-2469061.8496308248,0.0,0.0,0.0,12616153.712578025
2025-05-16,14177578.894152883,-4261820.634862641,27275037.03252487,14145547.777714957,14211861.6632774,-2817482.2835248373,-2817482.2835248373,-2817482.2835248373,164624.1066928674,164624.1066928674,164624.1066928674,-2982106.3902177047,-2982106.3902177047,-2982106.3902177047,0.0,0.0,0.0,11360096.610628046
2025-05-17,14171936.283474866,-3744956.813362603,29491624.39888509,14135482.264196415,14211748.313983668,-824385.2700332802,-824385.2700332802,-824385.2700332802,2618809.8573501604,2618809.8573501604,2618809.8573501604,-3443195.1273834407,-3443195.1273834407,-3443195.1273834407,0.0,0.0,0.0,13347551.013441587
2025-05-18,14166293.672796845,-3456869.1605997365,28973219.573307972,14125924.00296609,14209695.034626322,-1229818.9710570853,-1229818.9710570853,-1229818.9710570853,2618809.3410371654,2618809.3410371654,2618809.3410371654,-3848628.3120942507,-3848628.3120942507,-3848628.3120942507,0.0,0.0,0.0,12936474.70173976
2025-05-19,14160651.062118826,-8560068.986928571,24072821.721714403,14113706.550807308,14207409.309831982,-6667860.243881781,-6667860.243881781,-6667860.243881781,-2471823.0997822434,-2471823.0997822434,-2471823.0997822434,-4196037.144099537,-4196037.144099537,-4196037.144099537,0.0,0.0,0.0,7492790.818237046
2025-05-20,14155008.451440807,-9486023.262849646,23567212.061737552,14100766.268719258,14206316.538835155,-7242493.577625536,-7242493.577625536,-7242493.577625536,-2758137.7114905813,-2758137.7114905813,-2758137.7114905813,-4484355.866134956,-4484355.866134956,-4484355.866134956,0.0,0.0,0.0,6912514.873815271
2025-05-21,14149365.840762792,-6952415.52360837,24603363.231161498,14090977.12776801,14206675.405211259,-5788038.446513756,-5788038.446513756,-5788038.446513756,-1074276.551177913,-1074276.551177913,-1074276.551177913,-4713761.895335843,-4713761.895335843,-4713761.895335843,0.0,0.0,0.0,8361327.394249036
2025-05-22,14143723.230084771,-6675584.184281912,26934684.52270809,14078732.97535487,14206226.849285707,-3983592.9478202877,-3983592.9478202877,-3983592.9478202877,901994.0573742999,901994.0573742999,901994.0573742999,-4885587.005194588,-4885587.005194588,-4885587.005194588,0.0,0.0,0.0,10160130.282264484
2025-05-23,14138080.619406752,-6947777.039972385,25824278.440664526,14068014.464106655,14206443.074170422,-4837579.181403744,-4837579.181403744,-4837579.181403744,164624.1066946481,164624.1066946481,164624.1066946481,-5002203.288098393,-5002203.288098393,-5002203.288098393,0.0,0.0,0.0,9300501.438003007
2025-05-24,14132438.008728735,-4475760.869310935,29093626.16845981,14054854.393387724,14206989.2037227,-2448078.3614522647,-2448078.3614522647,-2448078.3614522647,2618809.857342171,2618809.857342171,2618809.857342171,-5066888.218794435,-5066888.218794435,-5066888.218794435,0.0,0.0,0.0,11684359.64727647
2025-05-25,14126795.398050716,-3954408.173323582,28942340.546303857,14044713.218151065,14208807.213146672,-2464864.2473714,-2464864.2473714,-2464864.2473714,2618809.3410357786,2618809.3410357786,2618809.3410357786,-5083673.588407178,-5083673.588407178,-5083673.588407178,0.0,0.0,0.0,11661931.150679316
2025-05-26,14121152.787372697,-9261048.2372123,22634421.479438145,14032745.84962462,14210118.871619651,-7529006.476263443,-7529006.476263443,-7529006.476263443,-2471823.099783203,-2471823.099783203,-2471823.099783203,-5057183.376480239,-5057183.376480239,-5057183.376480239,0.0,0.0,0.0,6592146.311109254
2025-05-27,14115510.176694676,-11310435.985992467,22912562.623241633,14020442.812916655,14213413.241496442,-7750603.480903124,-7750603.480903124,-7750603.480903124,-2758137.7114900853,-2758137.7114900853,-2758137.7114900853,-4992465.76941304,-4992465.76941304,-4992465.76941304,0.0,0.0,0.0,6364906.695791552
2025-05-28,14109867.566016661,-8491759.875487061,25220196.874538377,14010020.80508671,14216121.564381437,-5969101.067632447,-5969101.067632447,-5969101.067632447,-1074276.551175749,-1074276.551175749,-1074276.551175749,-4894824.516456698,-4894824.516456698,-4894824.516456698,0.0,0.0,0.0,8140766.498384214
2025-05-29,14104224.955338642,-4814284.019090976,27100240.180030715,13996097.415990748,14219008.112119002,-3867660.5856486694,-3867660.5856486694,-3867660.5856486694,901994.0573760438,901994.0573760438,901994.0573760438,-4769654.643024713,-4769654.643024713,-4769654.643024713,0.0,0.0,0.0,10236564.369689973
2025-05-30,14098582.344660623,-7376300.764835557,26408759.23416575,13979172.196318466,14221248.96110952,-4457663.116894048,-4457663.116894048,-4457663.116894048,164624.10669535224,164624.10669535224,164624.10669535224,-4622287.2235894,-4622287.2235894,-4622287.2235894,0.0,0.0,0.0,9640919.227766575
2025-05-31,14092939.733982604,-5243497.6496033985,28205440.778817877,13961524.459365329,14223247.518818341,-1839037.6080823822,-1839037.6080823822,-1839037.6080823822,2618809.8573427517,2618809.8573427517,2618809.8573427517,-4457847.465425134,-4457847.465425134,-4457847.465425134,0.0,0.0,0.0,12253902.125900222
2025-06-01,14087297.123304585,-4278283.474156829,28419649.463795897,13948046.64947587,14223072.352050897,-1662320.4452409402,-1662320.4452409402,-1662320.4452409402,2618809.3410305455,2618809.3410305455,2618809.3410305455,-4281129.786271486,-4281129.786271486,-4281129.786271486,0.0,0.0,0.0,12424976.678063644
2025-06-02,14081654.512626566,-7728667.294579192,22935573.78512626,13934401.271570658,14221913.191136234,-6568316.002863299,-6568316.002863299,-6568316.002863299,-2471823.099789457,-2471823.099789457,-2471823.099789457,-4096492.9030738426,-4096492.9030738426,-4096492.9030738426,0.0,0.0,0.0,7513338.509763267
2025-06-03,14076011.901948547,-10537588.025696645,25445068.306018073,13921351.987689741,14228813.177567698,-6665914.919276176,-6665914.919276176,-6665914.919276176,-2758137.711487742,-2758137.711487742,-2758137.711487742,-3907777.2077884334,-3907777.2077884334,-3907777.2077884334,0.0,0.0,0.0,7410096.982672371
2025-06-04,14070369.29127053,-5604117.831920538,25992121.50496591,13909015.434866473,14228480.649540892,-4792522.464994651,-4792522.464994651,-4792522.464994651,-1074276.5511842705,-1074276.5511842705,-1074276.5511842705,-3718245.9138103807,-3718245.9138103807,-3718245.9138103807,0.0,0.0,0.0,9277846.826275878
2025-06-05,14064726.68059251,-5550408.232042134,26872301.816359956,13894676.176859532,14233261.797171282,-2628556.5811323323,-2628556.5811323323,-2628556.5811323323,901994.0573750922,901994.0573750922,901994.0573750922,-3530550.6385074244,-3530550.6385074244,-3530550.6385074244,0.0,0.0,0.0,11436170.099460179
2025-06-06,14059084.069914492,-6359647.171585377,27297376.849605206,13884785.848564617,14234810.828229133,-3182097.162697826,-3182097.162697826,-3182097.162697826,164624.10669325924,164624.10669325924,164624.10669325924,-3346721.2693910855,-3346721.2693910855,-3346721.2693910855,0.0,0.0,0.0,10876986.907216666
2025-06-07,14053441.459236475,-4130709.99260383,29323542.37300731,13868755.772503626,14234239.021660749,-549369.3118734504,-549369.3118734504,-549369.3118734504,2618809.8573476165,2618809.8573476165,2618809.8573476165,-3168179.169221067,-3168179.169221067,-3168179.169221067,0.0,0.0,0.0,13504072.147363024
2025-06-08,14047798.848558456,-3714600.7571115694,30242971.037291728,13855094.612879803,14233489.62211225,-376962.69209206523,-376962.69209206523,-376962.69209206523,2618809.3410291593,2618809.3410291593,2618809.3410291593,-2995772.0331212245,-2995772.0331212245,-2995772.0331212245,0.0,0.0,0.0,13670836.156466391
2025-06-09,14042156.237880435,-7571777.892308296,25188078.532461945,13839793.792173332,14234869.785083935,-5301651.141020046,-5301651.141020046,-5301651.141020046,-2471823.0997904157,-2471823.0997904157,-2471823.0997904157,-2829828.0412296294,-2829828.0412296294,-2829828.0412296294,0.0,0.0,0.0,8740505.09686039
2025-06-10,14036513.627202416,-7356149.894649401,24871878.765655912,13827208.5766728,14239364.421584927,-5428364.084905911,-5428364.084905911,-5428364.084905911,-2758137.711487246,-2758137.711487246,-2758137.711487246,-2670226.373418666,-2670226.373418666,-2670226.373418666,0.0,0.0,0.0,8608149.542296505
2025-06-11,14030871.0165244,-6634861.670774281,27615476.0596043,13814116.374396926,14239096.442497505,-3590757.2363199224,-3590757.2363199224,-3590757.2363199224,-1074276.5511821066,-1074276.5511821066,-1074276.5511821066,-2516480.685137816,-2516480.685137816,-2516480.685137816,0.0,0.0,0.0,10440113.780204479
2025-06-12,14025228.405846382,-3768268.7415613504,29940519.089515835,13799002.061156306,14242275.642517382,-1465837.7413036204,-1465837.7413036204,-1465837.7413036204,901994.0573768362,901994.0573768362,901994.0573768362,-2367831.7986804564,-2367831.7986804564,-2367831.7986804564,0.0,0.0,0.0,12559390.66454276
2025-06-13,14019585.79516836,-2788141.046165023,28355966.128237646,13786504.739168294,14245616.511116602,-2058721.5447971981,-2058721.5447971981,-2058721.5447971981,164624.10669503987,164624.10669503987,164624.10669503987,-2223345.651492238,-2223345.651492238,-2223345.651492238,0.0,0.0,0.0,11960864.250371162
2025-06-14,14013943.184490344,-1553086.591246502,30951385.2030493,13774657.229810815,14247625.395596832,536797.389923007,536797.389923007,536797.389923007,2618809.8573439135,2618809.8573439135,2618809.8573439135,-2082012.4674209063,-2082012.4674209063,-2082012.4674209063,0.0,0.0,0.0,14550740.57441335
2025-06-15,14008300.573812325,-1333006.1071164785,30364015.84933309,13760950.327622952,14255206.138427822,675966.1621833949,675966.1621833949,675966.1621833949,2618809.3410402313,2618809.3410402313,2618809.3410402313,-1942843.1788568366,-1942843.1788568366,-1942843.1788568366,0.0,0.0,0.0,14684266.73599572
2025-06-16,14002657.963134306,-7304255.458737416,26756038.024708413,13751341.599561976,14257345.482687255,-4276782.423427532,-4276782.423427532,-4276782.423427532,-2471823.0997801246,-2471823.0997801246,-2471823.0997801246,-1804959.323647408,-1804959.323647408,-1804959.323647408,0.0,0.0,0.0,9725875.539706774
2025-06-17,13997015.352456288,-7093861.9696838,26580990.866123214,13737610.223400282,14259320.55824231,-4425810.674124209,-4425810.674124209,-4425810.674124209,-2758137.7114867503,-2758137.7114867503,-2758137.7114867503,-1667672.9626374596,-1667672.9626374596,-1667672.9626374596,0.0,0.0,0.0,9571204.67833208
2025-06-18,13991372.74177827,-5098393.637629154,25746290.925992902,13726019.209517475,14262008.682851646,-2604830.1509747836,-2604830.1509747836,-2604830.1509747836,-1074276.551180926,-1074276.551180926,-1074276.551180926,-1530553.5997938577,-1530553.5997938577,-1530553.5997938577,0.0,0.0,0.0,11386542.590803485
2025-06-19,13985730.13110025,-3806393.9517319733,30482875.36948677,13712558.17421988,14265170.496661551,-491485.5641845271,-491485.5641845271,-491485.5641845271,901994.0573758846,901994.0573758846,901994.0573758846,-1393479.6215604118,-1393479.6215604118,-1393479.6215604118,0.0,0.0,0.0,13494244.566915723
2025-06-20,13980087.520422231,-2519753.902555431,29041849.54934806,13691527.827176973,14268332.310471458,-1092048.2802407993,-1092048.2802407993,-1092048.2802407993,164624.10668799674,164624.10668799674,164624.10668799674,-1256672.386928796,-1256672.386928796,-1256672.386928796,0.0,0.0,0.0,12888039.240181431
2025-06-21,13974444.909744214,-1338261.0750037835,31454771.558245834,13676727.008878341,14273695.535237363,1498098.0836667635,1498098.0836667635,1498098.0836667635,2618809.8573487788,2618809.8573487788,2618809.8573487788,-1120711.7736820148,-1120711.7736820148,-1120711.7736820148,0.0,0.0,0.0,15472542.993410978
2025-06-22,13968802.299066193,-1143942.3217258418,31517280.78351045,13662264.756539019,14278484.989028774,1632276.6444946185,1632276.6444946185,1632276.6444946185,2618809.341038845,2618809.341038845,2618809.341038845,-986532.6965442266,-986532.6965442266,-986532.6965442266,0.0,0.0,0.0,15601078.943560813
2025-06-23,13963159.688388174,-5189263.443945164,26443945.18744406,13645045.797355993,14281556.893035792,-3327225.9354834007,-3327225.9354834007,-3327225.9354834007,-2471823.099781085,-2471823.099781085,-2471823.099781085,-855402.8357023159,-855402.8357023159,-855402.8357023159,0.0,0.0,0.0,10635933.752904773
2025-06-24,13957517.07771016,-5626779.155211267,26307560.1266291,13627245.225047713,14284491.869621579,-3487020.2366780955,-3487020.2366780955,-3487020.2366780955,-2758137.711485331,-2758137.711485331,-2758137.711485331,-728882.5251927648,-728882.5251927648,-728882.5251927648,0.0,0.0,0.0,10470496.841032064
2025-06-25,13951874.46703214,-3056247.9949652273,28853968.12613645,13614311.540664678,14288604.484482652,-1683044.9772840077,-1683044.9772840077,-1683044.9772840077,-1074276.5511777776,-1074276.5511777776,-1074276.5511777776,-608768.4261062301,-608768.4261062301,-608768.4261062301,0.0,0.0,0.0,12268829.489748131
2025-06-26,13946231.85635412,-2756089.0380574027,30538042.696763907,13590148.05832868,14292584.220458932,404970.83041417465,404970.83041417465,404970.83041417465,901994.0573767944,901994.0573767944,901994.0573767944,-497023.2269626198,-497023.2269626198,-497023.2269626198,0.0,0.0,0.0,14351202.686768293
2025-06-27,13940589.2456761,-3494662.1601763675,30228075.250689838,13568278.901409613,14295706.575054975,-231070.04557013133,-231070.04557013133,-231070.04557013133,164624.10669365097,164624.10669365097,164624.10669365097,-395694.15226378234,-395694.15226378234,-395694.15226378234,0.0,0.0,0.0,13709519.200105969
2025-06-28,13934946.634998083,49313.59471684578,31950473.666862875,13549299.544633914,14317469.342792407,2311986.3554348815,2311986.3554348815,2311986.3554348815,2618809.8573536435,2618809.8573536435,2618809.8573536435,-306823.501918762,-306823.501918762,-306823.501918762,0.0,0.0,0.0,16246932.990432965
2025-06-29,13929304.024320064,-1052273.353839159,33020532.132795732,13529964.927899063,14324249.193410082,2386454.5669969944,2386454.5669969944,2386454.5669969944,2618809.341033612,2618809.341033612,2618809.341033612,-232354.77403661766,-232354.77403661766,-232354.77403661766,0.0,0.0,0.0,16315758.591317058
2025-06-30,13923661.413642045,-5859548.2022213945,27441526.0538507,13510812.12248844,14334185.008518865,-2645861.2298427937,-2645861.2298427937,-2645861.2298427937,-2471823.099784692,-2471823.099784692,-2471823.099784692,-174038.13005810196,-174038.13005810196,-174038.13005810196,0.0,0.0,0.0,11277800.183799252
2025-07-01,13918018.802964028,-4392676.311637392,27881906.55046893,13492133.349185074,14336499.819792723,-2891476.74834883,-2891476.74834883,-2891476.74834883,-2758137.711491494,-2758137.711491494,-2758137.711491494,-133339.0368573355,-133339.0368573355,-133339.0368573355,0.0,0.0,0.0,11026542.054615198
2025-07-02,13912376.192286009,-4641785.6289577875,28111640.477191806,13477369.706100818,14342321.402309828,-1185630.413305816,-1185630.413305816,-1185630.413305816,-1074276.5511765976,-1074276.5511765976,-1074276.5511765976,-111353.86212921845,-111353.86212921845,-111353.86212921845,0.0,0.0,0.0,12726745.778980194
2025-07-03,13906733.58160799,-835204.8710052632,29717460.98243373,13462880.638138928,14347149.166259512,793258.0492606137,793258.0492606137,793258.0492606137,901994.0573731472,901994.0573731472,901994.0573731472,-108736.00811253356,-108736.00811253356,-108736.00811253356,0.0,0.0,0.0,14699991.630868604
2025-07-04,13901090.970929971,-2400049.217210401,30179221.605598766,13452348.765206119,14349685.828491094,38988.256773916735,38988.256773916735,38988.256773916735,164624.10669155797,164624.10669155797,164624.10669155797,-125635.84991764123,-125635.84991764123,-125635.84991764123,0.0,0.0,0.0,13940079.227703888
2025-07-05,13895448.360251952,111766.49110668598,32764274.40850523,13433308.564169157,14361071.335134543,2457152.549361618,2457152.549361618,2457152.549361618,2618809.857354224,2618809.857354224,2618809.857354224,-161657.30799260648,-161657.30799260648,-161657.30799260648,0.0,0.0,0.0,16352600.90961357
2025-07-06,13889805.749573933,-402689.1571603888,33327019.746855758,13414117.704959236,14369886.345168864,2402975.998057452,2402975.998057452,2402975.998057452,2618809.341036072,2618809.341036072,2618809.341036072,-215833.34297862003,-215833.34297862003,-215833.34297862003,0.0,0.0,0.0,16292781.747631386
2025-07-07,13884163.138895914,-4902575.130610699,27720070.210647006,13401011.946652403,14382950.207680747,-2758445.132072351,-2758445.132072351,-2758445.132072351,-2471823.099788298,-2471823.099788298,-2471823.099788298,-286622.03228405275,-286622.03228405275,-286622.03228405275,0.0,0.0,0.0,11125718.006823562
2025-07-08,13878520.528217897,-4783491.848280453,28145360.890999053,13387215.779182749,14395228.487363074,-3130061.9024579637,-3130061.9024579637,-3130061.9024579637,-2758137.7114891517,-2758137.7114891517,-2758137.7114891517,-371924.19096881204,-371924.19096881204,-371924.19096881204,0.0,0.0,0.0,10748458.625759933
2025-07-09,13872877.917539878,-4870026.789319013,28779329.632599764,13371775.29005578,14402855.69655059,-1543399.308484396,-1543399.308484396,-1543399.308484396,-1074276.5511754167,-1074276.5511754167,-1074276.5511754167,-469122.757308979,-469122.757308979,-469122.757308979,0.0,0.0,0.0,12329478.609055482
2025-07-10,13867235.306861859,-3337232.6339180158,29919649.22441748,13353223.550956354,14406840.961277116,326850.658021498,326850.658021498,326850.658021498,901994.0573748911,901994.0573748911,901994.0573748911,-575143.3993533932,-575143.3993533932,-575143.3993533932,0.0,0.0,0.0,14194085.964883357
2025-07-11,13861592.69618384,-2820605.831091742,29432369.65076382,13331801.581918858,14413377.01244996,-521910.93133312045,-521910.93133312045,-521910.93133312045,164624.1066933385,164624.1066933385,164624.1066933385,-686535.0380264589,-686535.0380264589,-686535.0380264589,0.0,0.0,0.0,13339681.764850719
2025-07-12,13855950.085505823,-924396.2089279295,33243318.950742982,13313976.145325746,14415536.592756307,1819241.6078690118,1819241.6078690118,1819241.6078690118,2618809.85735052,2618809.85735052,2618809.85735052,-799568.2494815078,-799568.2494815078,-799568.2494815078,0.0,0.0,0.0,15675191.693374835
2025-07-13,13850307.474827802,-1916539.0025710845,31712815.788348947,13297121.942600973,14421899.359280888,1708460.5118231361,1708460.5118231361,1708460.5118231361,2618809.341043298,2618809.341043298,2618809.341043298,-910348.8292201619,-910348.8292201619,-910348.8292201619,0.0,0.0,0.0,15558767.986650938
2025-07-14,13844664.864149783,-5936372.96159076,26877850.93740291,13275164.22380487,14432836.300820801,-3486766.295397471,-3486766.295397471,-3486766.295397471,-2471823.0997919044,-2471823.0997919044,-2471823.0997919044,-1014943.1956055665,-1014943.1956055665,-1014943.1956055665,0.0,0.0,0.0,10357898.568752311
2025-07-15,13839022.253471768,-6254380.026687583,26889317.340101007,13250350.188494064,14447677.016047662,-3867649.5134070856,-3867649.5134070856,-3867649.5134070856,-2758137.7114886553,-2758137.7114886553,-2758137.7114886553,-1109511.8019184307,-1109511.8019184307,-1109511.8019184307,0.0,0.0,0.0,9971372.740064682
2025-07-16,13833379.642793749,-4666971.5772916535,28651600.514479555,13227569.044219477,14455652.15579061,-2264722.8832411156,-2264722.8832411156,-2264722.8832411156,-1074276.5511732528,-1074276.5511732528,-1074276.5511732528,-1190446.332067863,-1190446.332067863,-1190446.332067863,0.0,0.0,0.0,11568656.759552633
2025-07-17,13827737.03211573,-1562875.14448627,28944769.31100015,13203515.010694114,14460150.881899294,-352512.13269051263,-352512.13269051263,-352512.13269051263,901994.0573758009,901994.0573758009,901994.0573758009,-1254506.1900663136,-1254506.1900663136,-1254506.1900663136,0.0,0.0,0.0,13475224.899425216
2025-07-18,13822094.42143771,-3099502.447459692,28816879.129909266,13188208.336124778,14470357.823272118,-1134325.5618688373,-1134325.5618688373,-1134325.5618688373,164624.10669511912,164624.10669511912,164624.10669511912,-1298949.6685639564,-1298949.6685639564,-1298949.6685639564,0.0,0.0,0.0,12687768.859568873
2025-07-19,13816451.810759692,-1170114.801709283,30640572.438678265,13173501.695397567,14478709.260432873,1297154.6539737475,1297154.6539737475,1297154.6539737475,2618809.8573468165,2618809.8573468165,2618809.8573468165,-1321655.2033730685,-1321655.2033730685,-1321655.2033730685,0.0,0.0,0.0,15113606.464733439
2025-07-20,13810809.200081673,-1319256.6800557105,32047382.775666013,13158795.054670354,14482379.793150073,1297581.0495776436,1297581.0495776436,1297581.0495776436,2618809.3410457578,2618809.3410457578,2618809.3410457578,-1321228.2914681144,-1321228.2914681144,-1321228.2914681144,0.0,0.0,0.0,15108390.249659317
2025-07-21,13805166.589403654,-7148211.289427788,26880888.557191607,13146029.092423707,14485445.240245994,-3768913.0665399637,-3768913.0665399637,-3768913.0665399637,-2471823.099792864,-2471823.099792864,-2471823.099792864,-1297089.9667470995,-1297089.9667470995,-1297089.9667470995,0.0,0.0,0.0,10036253.52286369
2025-07-22,13799523.978725636,-7274744.235497646,25472154.02404524,13134645.050580477,14495169.145661859,-4007680.8953268314,-4007680.8953268314,-4007680.8953268314,-2758137.7114872364,-2758137.7114872364,-2758137.7114872364,-1249543.1838395942,-1249543.1838395942,-1249543.1838395942,0.0,0.0,0.0,9791843.083398804
2025-07-23,13793881.368047617,-6717741.034606684,29272493.53660719,13124106.885907233,14507315.86518035,-2254090.595330475,-2254090.595330475,-2254090.595330475,-1074276.551182758,-1074276.551182758,-1074276.551182758,-1179814.044147717,-1179814.044147717,-1179814.044147717,0.0,0.0,0.0,11539790.772717142
2025-07-24,13788238.757369598,-2416916.7506240923,29624144.264523555,13118943.009144051,14515120.942382917,-188071.43682149064,-188071.43682149064,-188071.43682149064,901994.0573775449,901994.0573775449,901994.0573775449,-1090065.4941990357,-1090065.4941990357,-1090065.4941990357,0.0,0.0,0.0,13600167.320548108
2025-07-25,13782596.146691581,-3310353.9788593925,28704909.885353766,13102166.323623123,14520263.574987069,-818757.8085818351,-818757.8085818351,-818757.8085818351,164624.1066968997,164624.1066968997,164624.1066968997,-983381.9152787348,-983381.9152787348,-983381.9152787348,0.0,0.0,0.0,12963838.338109747
2025-07-26,13776953.53601356,-1319515.558081539,31632001.82845316,13080705.61961738,14525406.207591219,1755085.9748518716,1755085.9748518716,1755085.9748518716,2618809.857351681,2618809.857351681,2618809.857351681,-863723.8824998095,-863723.8824998095,-863723.8824998095,0.0,0.0,0.0,15532039.510865431
2025-07-27,13771310.925335541,462892.19338235643,32643951.322176516,13054165.32331714,14530548.840195373,1882956.0649939931,1882956.0649939931,1882956.0649939931,2618809.341040524,2618809.341040524,2618809.341040524,-735853.2760465312,-735853.2760465312,-735853.2760465312,0.0,0.0,0.0,15654266.990329534
2025-07-28,13765668.314657522,-4683541.259356438,28630868.99368889,13039256.294724723,14537411.50674993,-3077052.950336663,-3077052.950336663,-3077052.950336663,-2471823.0997799267,-2471823.0997799267,-2471823.0997799267,-605229.8505567363,-605229.8505567363,-605229.8505567363,0.0,0.0,0.0,10688615.36432086
2025-07-29,13760025.703979507,-5733815.787565567,26365774.29720382,13016791.54112889,14551532.844855664,-3236018.993995851,-3236018.993995851,-3236018.993995851,-2758137.711485817,-2758137.711485817,-2758137.711485817,-477881.28251003334,-477881.28251003334,-477881.28251003334,0.0,0.0,0.0,10524006.709983656
2025-07-30,13754383.093301486,-4704880.922484852,29427043.64742497,13000399.847081149,14565654.182961395,-1434526.143512738,-1434526.143512738,-1434526.143512738,-1074276.5511786267,-1074276.5511786267,-1074276.5511786267,-360249.59233411134,-360249.59233411134,-360249.59233411134,0.0,0.0,0.0,12319856.94978875
2025-07-31,13748740.482623467,-671798.7115384601,30818645.27762539,12985540.85344903,14579775.521067124,642976.4073584557,642976.4073584557,642976.4073584557,901994.0573738978,901994.0573738978,901994.0573738978,-259017.65001544202,-259017.65001544202,-259017.65001544202,0.0,0.0,0.0,14391716.889981924
2025-08-01,13743097.87194545,-2567281.61098103,30132657.427722078,12971694.083789632,14593896.859172855,-16296.088134985956,-16296.088134985956,-16296.088134985956,164624.10669480675,164624.10669480675,164624.10669480675,-180920.1948297927,-180920.1948297927,-180920.1948297927,0.0,0.0,0.0,13726801.783810465
2025-08-02,13737455.261267431,-347670.12325439847,33704175.76344551,12954715.273344375,14608018.197278587,2486265.4499627254,2486265.4499627254,2486265.4499627254,2618809.857352262,2618809.857352262,2618809.857352262,-132544.40738953682,-132544.40738953682,-132544.40738953682,0.0,0.0,0.0,16223720.711230157
2025-08-03,13731812.650589412,62252.23074352526,33342476.474051807,12933499.236059401,14622139.535384316,2498683.795795964,2498683.795795964,2498683.795795964,2618809.341035291,2618809.341035291,2618809.341035291,-120125.54523932697,-120125.54523932697,-120125.54523932697,0.0,0.0,0.0,16230496.446385376
2025-08-04,13726170.039911391,-5233076.577105268,27998394.977421258,12911339.002611121,14645681.791919881,-2621166.5742916977,-2621166.5742916977,-2621166.5742916977,-2471823.0997808864,-2471823.0997808864,-2471823.0997808864,-149343.4745108113,-149343.4745108113,-149343.4745108113,0.0,0.0,0.0,11105003.465619694
2025-08-05,13720527.429233376,-5271531.931769371,26548805.56051601,12889309.054846175,14664444.194573013,-2983263.7985947714,-2983263.7985947714,-2983263.7985947714,-2758137.711484398,-2758137.711484398,-2758137.711484398,-225126.08711037345,-225126.08711037345,-225126.08711037345,0.0,0.0,0.0,10737263.630638605
2025-08-06,13714884.818555357,-4521084.403665364,29901199.318115138,12869177.08535159,14666614.421915606,-1425742.128438652,-1425742.128438652,-1425742.128438652,-1074276.551177446,-1074276.551177446,-1074276.551177446,-351465.5772612057,-351465.5772612057,-351465.5772612057,0.0,0.0,0.0,12289142.690116705
2025-08-07,13709242.207877338,-3454310.8672037343,29753024.222012933,12855321.878250932,14678624.88780724,370740.69743384817,370740.69743384817,370740.69743384817,901994.0573756418,901994.0573756418,901994.0573756418,-531253.3599417936,-531253.3599417936,-531253.3599417936,0.0,0.0,0.0,14079982.905311186
2025-08-08,13703599.597199319,-3683483.183417264,30635278.484683372,12841466.671150276,14692746.225912975,-601514.9419462603,-601514.9419462603,-601514.9419462603,164624.1066916373,164624.1066916373,164624.1066916373,-766139.0486378976,-766139.0486378976,-766139.0486378976,0.0,0.0,0.0,13102084.655253058
2025-08-09,13697956.9865213,-229013.5888851572,31768197.264313616,12827611.464049619,14707020.086241947,1562391.4793107593,1562391.4793107593,1562391.4793107593,2618809.8573528426,2618809.8573528426,2618809.8573528426,-1056418.3780420832,-1056418.3780420832,-1056418.3780420832,0.0,0.0,0.0,15260348.465832058
2025-08-10,13692314.37584328,-412181.13582907256,32355974.68976729,12811400.241047066,14707283.214782514,1217855.0702828153,1217855.0702828153,1217855.0702828153,2618809.3410377516,2618809.3410377516,2618809.3410377516,-1400954.2707549362,-1400954.2707549362,-1400954.2707549362,0.0,0.0,0.0,14910169.446126096
2025-08-11,13686671.765165262,-7708091.714105552,25189643.955740627,12796737.56607375,14707614.049009504,-4268957.522372724,-4268957.522372724,-4268957.522372724,-2471823.0997871393,-2471823.0997871393,-2471823.0997871393,-1797134.4225855833,-1797134.4225855833,-1797134.4225855833,0.0,0.0,0.0,9417714.24279254
2025-08-12,13681029.154487245,-7626803.044262875,24675176.981543828,12784709.548265498,14727939.56877189,-4999005.551044188,-4999005.551044188,-4999005.551044188,-2758137.7114839014,-2758137.7114839014,-2758137.7114839014,-2240867.839560286,-2240867.839560286,-2240867.839560286,0.0,0.0,0.0,8682023.603443056
2025-08-13,13675386.543809226,-6675883.861203045,25166726.042766444,12754723.00837991,14732522.726668814,-3800898.2772273994,-3800898.2772273994,-3800898.2772273994,-1074276.5511859679,-1074276.5511859679,-1074276.5511859679,-2726621.726041431,-2726621.726041431,-2726621.726041431,0.0,0.0,0.0,9874488.266581826
2025-08-14,13669743.933131207,-4781447.775325214,27639604.021132883,12717461.385117456,14737105.884565743,-2345504.967893079,-2345504.967893079,-2345504.967893079,901994.0573773858,901994.0573773858,901994.0573773858,-3247499.025270465,-3247499.025270465,-3247499.025270465,0.0,0.0,0.0,11324238.965238128
2025-08-15,13664101.32245319,-7515283.834657052,26075430.03599695,12675805.547393529,14741689.04246267,-3630731.6744401827,-3630731.6744401827,-3630731.6744401827,164624.10668954425,164624.10668954425,164624.10668954425,-3795355.781129727,-3795355.781129727,-3795355.781129727,0.0,0.0,0.0,10033369.648013007
2025-08-16,13658458.71177517,-4683566.958278288,28349368.02488569,12644548.787281495,14746272.200359598,-1742146.4974713067,-1742146.4974713067,-1742146.4974713067,2618809.857344853,2618809.857344853,2618809.857344853,-4360956.35481616,-4360956.35481616,-4360956.35481616,0.0,0.0,0.0,11916312.214303864
2025-08-17,13652816.10109715,-5338851.710072951,26996045.756252926,12621244.806082955,14750485.97549838,-2315354.083186918,-2315354.083186918,-2315354.083186918,2618809.3410325176,2618809.3410325176,2618809.3410325176,-4934163.424219435,-4934163.424219435,-4934163.424219435,0.0,0.0,0.0,11337462.01791023
2025-08-18,13647173.49041913,-11123880.245670686,22304635.72552574,12598023.431891857,14758538.027405515,-7975981.749113874,-7975981.749113874,-7975981.749113874,-2471823.0997880995,-2471823.0997880995,-2471823.0997880995,-5504158.649325774,-5504158.649325774,-5504158.649325774,0.0,0.0,0.0,5671191.741305257
2025-08-19,13641530.879741115,-11424107.576132094,21844695.133168492,12574966.913195806,14760021.674050376,-8817826.64564234,-8817826.64564234,-8817826.64564234,-2758137.711489141,-2758137.711489141,-2758137.711489141,-6059688.934153198,-6059688.934153198,-6059688.934153198,0.0,0.0,0.0,4823704.234098775
2025-08-20,13635888.269063096,-10761027.947032653,23276422.83653246,12552959.260293115,14766577.07988161,-7663608.934519953,-7663608.934519953,-7663608.934519953,-1074276.5511847874,-1074276.5511847874,-1074276.5511847874,-6589332.383335165,-6589332.383335165,-6589332.383335165,0.0,0.0,0.0,5972279.334543143
2025-08-21,13630245.658385076,-8956329.025535451,23439741.7980137,12530951.607390422,14782611.962972589,-6179783.307354756,-6179783.307354756,-6179783.307354756,901994.0573737386,901994.0573737386,901994.0573737386,-7081777.364728495,-7081777.364728495,-7081777.364728495,0.0,0.0,0.0,7450462.35103032
2025-08-22,13624603.047707058,-11113998.671547553,22971405.322849166,12501634.644363493,14791528.787368251,-7361483.463619816,-7361483.463619816,-7361483.463619816,164624.1066951984,164624.1066951984,164624.1066951984,-7526107.5703150155,-7526107.5703150155,-7526107.5703150155,0.0,0.0,0.0,6263119.584087242
2025-08-23,13618960.43702904,-7464022.718274052,24855599.872946527,12474284.869941162,14797274.190059891,-5293275.776199698,-5293275.776199698,-5293275.776199698,2618809.857345434,2618809.857345434,2618809.857345434,-7912085.633545132,-7912085.633545132,-7912085.633545132,0.0,0.0,0.0,8325684.660829341
2025-08-24,13613317.82635102,-9279047.8321329,24758126.193724673,12455277.367539372,14807864.172395308,-5611618.383409791,-5611618.383409791,-5611618.383409791,2618809.3410435906,2618809.3410435906,2618809.3410435906,-8230427.724453381,-8230427.724453381,-8230427.724453381,0.0,0.0,0.0,8001699.44294123
2025-08-25,13607675.215673003,-13186654.345133496,19446063.03625457,12439467.002102533,14816485.29882482,-10944884.711566826,-10944884.711566826,-10944884.711566826,-2471823.099789059,-2471823.099789059,-2471823.099789059,-8473061.611777768,-8473061.611777768,-8473061.611777768,0.0,0.0,0.0,2662790.504106177
2025-08-26,13602032.604994984,-14855523.583163168,18533642.67648614,12420913.342876967,14832326.5470399,-11391498.666743472,-11391498.666743472,-11391498.666743472,-2758137.711487722,-2758137.711487722,-2758137.711487722,-8633360.955255749,-8633360.955255749,-8633360.955255749,0.0,0.0,0.0,2210533.938251512
2025-08-27,13596389.994316965,-11508510.514576608,20579421.773365743,12398905.689974274,14845884.97870287,-9780625.618377794,-9780625.618377794,-9780625.618377794,-1074276.551182623,-1074276.551182623,-1074276.551182623,-8706349.067195171,-8706349.067195171,-8706349.067195171,0.0,0.0,0.0,3815764.3759391718
2025-08-28,13590747.383638946,-10788238.866749765,23829235.81445561,12379398.559410017,14863255.399574494,-7786871.993165234,-7786871.993165234,-7786871.993165234,901994.0573754825,901994.0573754825,901994.0573754825,-8688866.050540717,-8688866.050540717,-8688866.050540717,0.0,0.0,0.0,5803875.390473712
2025-08-29,13585104.772960927,-11072905.00507523,21835067.829622068,12360265.432376519,14883148.229592206,-8415069.958977735,-8415069.958977735,-8415069.958977735,164624.10669310534,164624.10669310534,164624.10669310534,-8579694.065670839,-8579694.065670839,-8579694.065670839,0.0,0.0,0.0,5170034.813983193
2025-08-30,13579462.162282908,-8639217.229024502,23614787.3500412,12343859.94839571,14898413.214042274,-5760826.622518945,-5760826.622518945,-5760826.622518945,2618809.857346015,2618809.857346015,2618809.857346015,-8379636.47986496,-8379636.47986496,-8379636.47986496,0.0,0.0,0.0,7818635.539763964
2025-08-31,13573819.55160489,-7597751.002041213,24625412.734953754,12323330.45740061,14905214.870332971,-5472738.445704827,-5472738.445704827,-5472738.445704827,2618809.3410383575,2618809.3410383575,2618809.3410383575,-8091547.786743185,-8091547.786743185,-8091547.786743185,0.0,0.0,0.0,8101081.105900062
2025-09-01,13568176.940926874,-13682288.21468067,20105043.440077845,12302907.838691244,14913828.196981266,-10192135.519209322,-10192135.519209322,-10192135.519209322,-2471823.0997953126,-2471823.0997953126,-2471823.0997953126,-7720312.41941401,-7720312.41941401,-7720312.41941401,0.0,0.0,0.0,3376041.4217175525
2025-09-02,13562534.330248855,-13124247.145097753,20283707.404632688,12284444.460554633,14929169.068463882,-10030909.599910734,-10030909.599910734,-10030909.599910734,-2758137.7114853794,-2758137.7114853794,-2758137.7114853794,-7272771.888425354,-7272771.888425354,-7272771.888425354,0.0,0.0,0.0,3531624.730338121
2025-09-03,13556891.719570834,-11376998.494001746,21714875.043984286,12266970.755916014,14938681.78888436,-7831877.5709180245,-7831877.5709180245,-7831877.5709180245,-1074276.5511804589,-1074276.5511804589,-1074276.5511804589,-6757601.019737566,-6757601.019737566,-6757601.019737566,0.0,0.0,0.0,5725014.14865281
2025-09-04,13551249.108892815,-8563694.073518425,25479285.82341331,12254181.448005507,14934445.958613971,-5283141.355813895,-5283141.355813895,-5283141.355813895,901994.0573763924,901994.0573763924,901994.0573763924,-6185135.413190288,-6185135.413190288,-6185135.413190288,0.0,0.0,0.0,8268107.75307892
2025-09-05,13545606.498214798,-8386496.145644382,24765556.527670536,12242343.935121981,14933035.225338709,-5402529.445406814,-5402529.445406814,-5402529.445406814,164624.10669101233,164624.10669101233,164624.10669101233,-5567153.552097827,-5567153.552097827,-5567153.552097827,0.0,0.0,0.0,8143077.052807984
2025-09-06,13539963.887536779,-4474278.701183877,27348552.995901518,12221713.539417189,14938376.640745126,-2297808.376945407,-2297808.376945407,-2297808.376945407,2618809.8573508803,2618809.8573508803,2618809.8573508803,-4916618.234296287,-4916618.234296287,-4916618.234296287,0.0,0.0,0.0,11242155.510591373
2025-09-07,13534321.27685876,-4502417.33448249,27921660.25030185,12197087.256334662,14957733.972862808,-1628573.7890877763,-1628573.7890877763,-1628573.7890877763,2618809.3410369707,2618809.3410369707,2618809.3410369707,-4247383.130124748,-4247383.130124748,-4247383.130124748,0.0,0.0,0.0,11905747.487770984
2025-09-08,13528678.666180743,-10743715.223192902,23631689.581273362,12167685.990681265,14976549.74714471,-6045694.371706413,-6045694.371706413,-6045694.371706413,-2471823.099796272,-2471823.099796272,-2471823.099796272,-3573871.271910141,-3573871.271910141,-3573871.271910141,0.0,0.0,0.0,7482984.29447433
2025-09-09,13523036.055502724,-7791954.105120177,23768420.931447405,12130974.038571978,14994185.756544705,-5668870.82589254,-5668870.82589254,-5668870.82589254,-2758137.711491543,-2758137.711491543,-2758137.711491543,-2910733.1144009973,-2910733.1144009973,-2910733.1144009973,0.0,0.0,0.0,7854165.229610184
2025-09-10,13517393.444824705,-6926771.454956087,27756024.10007529,12109034.131468873,15007786.817287635,-3346769.0034314464,-3346769.0034314464,-3346769.0034314464,-1074276.5511782947,-1074276.5511782947,-1074276.5511782947,-2272492.4522531517,-2272492.4522531517,-2272492.4522531517,0.0,0.0,0.0,10170624.441393258
2025-09-11,13511750.834146686,-3567690.7674963055,29178539.791719988,12091118.004918398,15011419.918363534,-771194.8625366864,-771194.8625366864,-771194.8625366864,901994.0573781363,901994.0573781363,901994.0573781363,-1673188.9199148226,-1673188.9199148226,-1673188.9199148226,0.0,0.0,0.0,12740555.97161
2025-09-12,13506108.223468667,-4006144.5291554346,29034289.522856466,12073201.878367927,15006454.156137163,-961401.9104675966,-961401.9104675966,-961401.9104675966,164624.10669171653,164624.10669171653,164624.10669171653,-1126026.0171593132,-1126026.0171593132,-1126026.0171593132,0.0,0.0,0.0,12544706.31300107
2025-09-13,13500465.612790648,-1411457.929540583,31106747.007829633,12053924.972432038,15001488.393910788,1975776.2650282364,1975776.2650282364,1975776.2650282364,2618809.8573471764,2618809.8573471764,2618809.8573471764,-643033.5923189401,-643033.5923189401,-643033.5923189401,0.0,0.0,0.0,15476241.877818884
2025-09-14,13494823.002112629,-1098010.8940747832,33376976.22129582,12026924.401154533,14996522.631684417,2384055.8683904917,2384055.8683904917,2384055.8683904917,2618809.3410355845,2618809.3410355845,2618809.3410355845,-234753.47264509273,-234753.47264509273,-234753.47264509273,0.0,0.0,0.0,15878878.87050312
2025-09-15,13489180.391434612,-6483066.806539076,26972869.28139488,12008802.125657925,14993869.03134285,-2381779.561419411,-2381779.561419411,-2381779.561419411,-2471823.0997833344,-2471823.0997833344,-2471823.0997833344,90043.5383639235,90043.5383639235,90043.5383639235,0.0,0.0,0.0,11107400.830015201
2025-09-16,13483537.780756593,-4964420.050417226,27440787.684105933,11984748.591200482,14999487.97629708,-2433535.948147079,-2433535.948147079,-2433535.948147079,-2758137.7114901235,-2758137.7114901235,-2758137.7114901235,324601.7633430447,324601.7633430447,324601.7633430447,0.0,0.0,0.0,11050001.832609514
2025-09-17,13477895.170078574,-3402893.2996759526,28641371.659436263,11946912.119249642,15005106.921251314,-609897.3439676524,-609897.3439676524,-609897.3439676524,-1074276.5511771142,-1074276.5511771142,-1074276.5511771142,464379.20720946195,464379.20720946195,464379.20720946195,0.0,0.0,0.0,12867997.826110922
2025-09-18,13472252.559400555,-1096416.868649859,30227854.639655128,11930688.261698343,15010725.866205547,1409189.045214224,1409189.045214224,1409189.045214224,901994.0573771846,901994.0573771846,901994.0573771846,507194.9878370391,507194.9878370391,507194.9878370391,0.0,0.0,0.0,14881441.60461478
2025-09-19,13466609.948722538,-2288260.047248169,30483870.07581153,11914485.553638037,15036292.44029889,617945.3886155114,617945.3886155114,617945.3886155114,164624.10668962353,164624.10668962353,164624.10668962353,453321.28192588786,453321.28192588786,453321.28192588786,0.0,0.0,0.0,14084555.337338049
2025-09-20,13460967.338044517,1342526.939933914,33992977.24727782,11898282.845577728,15063520.823836591,2924326.62643202,2924326.62643202,2924326.62643202,2618809.8573434716,2618809.8573434716,2618809.8573434716,305516.7690885485,305516.7690885485,305516.7690885485,0.0,0.0,0.0,16385293.964476537
2025-09-21,13455324.727366498,-809872.6378686351,33167246.849498082,11882080.137517419,15068764.23771381,2687809.329370515,2687809.329370515,2687809.329370515,2618809.3410341972,2618809.3410341972,2618809.3410341972,68999.98833631777,68999.98833631777,68999.98833631777,0.0,0.0,0.0,16143134.056737013
2025-09-22,13449682.116688482,-5424496.977663298,26099341.46009477,11865877.429457113,15081580.67574405,-2720460.595254869,-2720460.595254869,-2720460.595254869,-2471823.099784293,-2471823.099784293,-2471823.099784293,-248637.49547057567,-248637.49547057567,-248637.49547057567,0.0,0.0,0.0,10729221.521433614
2025-09-23,13444039.506010463,-7857671.398666777,25529668.080127563,11849846.010309046,15092065.985460646,-3395714.4313226286,-3395714.4313226286,-3395714.4313226286,-2758137.711489627,-2758137.711489627,-2758137.711489627,-637576.719833002,-637576.719833002,-637576.719833002,0.0,0.0,0.0,10048325.074687835
2025-09-24,13438396.895332443,-5557960.20048682,27228988.420988087,11829867.780134479,15106571.629302004,-2160249.429608039,-2160249.429608039,-2160249.429608039,-1074276.5511739664,-1074276.5511739664,-1074276.5511739664,-1085972.878434073,-1085972.878434073,-1085972.878434073,0.0,0.0,0.0,11278147.465724403
2025-09-25,13432754.284654425,-3440076.974891395,28847488.4186533,11808393.743886072,15102340.596794609,-678214.4624811104,-678214.4624811104,-678214.4624811104,901994.057376233,901994.057376233,901994.057376233,-1580208.5198573433,-1580208.5198573433,-1580208.5198573433,0.0,0.0,0.0,12754539.822173316
2025-09-26,13427111.673976406,-3885426.3099296484,27914917.338532105,11792032.635907149,15107435.433802173,-1940568.690755435,-1940568.690755435,-1940568.690755435,164624.10669527773,164624.10669527773,164624.10669527773,-2105192.797450713,-2105192.797450713,-2105192.797450713,0.0,0.0,0.0,11486542.983220972
2025-09-27,13421469.063298387,-3046175.6173563674,30612261.984097756,11785610.456949528,15126648.787117008,-25890.13873031668,-25890.13873031668,-25890.13873031668,2618809.8573440523,2618809.8573440523,2618809.8573440523,-2644699.996074369,-2644699.996074369,-2644699.996074369,0.0,0.0,0.0,13395578.92456807
2025-09-28,13415826.452620368,-4138901.2415716173,29637746.16862135,11763274.52469152,15136293.9374654,-562930.2031859225,-562930.2031859225,-562930.2031859225,2618809.341028964,2618809.341028964,2618809.341028964,-3181739.544214887,-3181739.544214887,-3181739.544214887,0.0,0.0,0.0,12852896.249434445
2025-09-29,13410183.841942351,-9907316.89812124,23271261.137200832,11736055.52755736,15141749.386447618,-6170771.992305021,-6170771.992305021,-6170771.992305021,-2471823.099790547,-2471823.099790547,-2471823.099790547,-3698948.8925144733,-3698948.8925144733,-3698948.8925144733,0.0,0.0,0.0,7239411.8496373305
2025-09-30,13404541.231264332,-10212784.687076433,22502112.376056593,11703536.364945484,15170384.866451655,-6937137.7350860415,-6937137.7350860415,-6937137.7350860415,-2758137.711489131,-2758137.711489131,-2758137.711489131,-4179000.0235969117,-4179000.0235969117,-4179000.0235969117,0.0,0.0,0.0,6467403.496178291
2025-10-01,13398898.620586313,-8751580.895681538,23635211.64185288,11681617.53328903,15176504.750725957,-5679286.5206774045,-5679286.5206774045,-5679286.5206774045,-1074276.5511834717,-1074276.5511834717,-1074276.5511834717,-4605009.969493933,-4605009.969493933,-4605009.969493933,0.0,0.0,0.0,7719612.099908909
2025-10-02,13393256.009908296,-7037943.712452082,25966490.620379556,11660236.490485957,15186803.843222734,-4058951.5049063643,-4058951.5049063643,-4058951.5049063643,901994.0573752815,901994.0573752815,901994.0573752815,-4960945.562281646,-4960945.562281646,-4960945.562281646,0.0,0.0,0.0,9334304.505001932
2025-10-03,13387613.399230275,-8660320.516298568,25235823.867611267,11643207.760827133,15198496.255154096,-5067388.628103755,-5067388.628103755,-5067388.628103755,164624.10669318473,164624.10669318473,164624.10669318473,-5232012.734796939,-5232012.734796939,-5232012.734796939,0.0,0.0,0.0,8320224.77112652
2025-10-04,13381970.788552256,-5802424.724421933,26198990.13990295,11625890.859274289,15203382.53916839,-2786211.1622246215,-2786211.1622246215,-2786211.1622246215,2618809.8573489175,2618809.8573489175,2618809.8573489175,-5405021.019573539,-5405021.019573539,-5405021.019573539,0.0,0.0,0.0,10595759.626327634
2025-10-05,13376328.177874237,-5825369.636433914,26846765.30090771,11598602.457144085,15208625.99337224,-2849905.1160417562,-2849905.1160417562,-2849905.1160417562,2618809.3410314247,2618809.3410314247,2618809.3410314247,-5468714.457073181,-5468714.457073181,-5468714.457073181,0.0,0.0,0.0,10526423.06183248
2025-10-06,13370685.567196222,-11176052.104648128,22121043.976544403,11571314.055013882,15220239.468648044,-7885884.004602796,-7885884.004602796,-7885884.004602796,-2471823.0997776096,-2471823.0997776096,-2471823.0997776096,-5414060.904825186,-5414060.904825186,-5414060.904825186,0.0,0.0,0.0,5484801.562593426
2025-10-07,13365042.956518201,-11609878.073343225,21972886.809247352,11552013.605523007,15227487.20647936,-7992630.428850779,-7992630.428850779,-7992630.428850779,-2758137.711486789,-2758137.711486789,-2758137.711486789,-5234492.717363992,-5234492.717363992,-5234492.717363992,0.0,0.0,0.0,5372412.527667422
2025-10-08,13359400.345840182,-9396430.084152143,23542353.84561643,11529918.253189376,15234734.944310674,-6000369.469331874,-6000369.469331874,-6000369.469331874,-1074276.5511813075,-1074276.5511813075,-1074276.5511813075,-4926092.9181505665,-4926092.9181505665,-4926092.9181505665,0.0,0.0,0.0,7359030.876508309
2025-10-09,13353757.735162165,-6549017.575595396,26359826.12004345,11513043.359699808,15241982.682141991,-3585728.2224689587,-3585728.2224689587,-3585728.2224689587,901994.0573761913,901994.0573761913,901994.0573761913,-4487722.279845149,-4487722.279845149,-4487722.279845149,0.0,0.0,0.0,9768029.512693206
2025-10-10,13348115.124484146,-7018009.728159917,26413894.9687647,11497912.54373887,15249230.419973306,-3756460.0289532384,-3756460.0289532384,-3756460.0289532384,164624.10669496536,164624.10669496536,164624.10669496536,-3921084.135648204,-3921084.135648204,-3921084.135648204,0.0,0.0,0.0,9591655.095530909
2025-10-11,13342472.513806127,-2796991.2610477563,27688190.654200863,11485099.040744234,15256478.157804621,-611915.3691090452,-611915.3691090452,-611915.3691090452,2618809.857353783,2618809.857353783,2618809.857353783,-3230725.2264628285,-3230725.2264628285,-3230725.2264628285,0.0,0.0,0.0,12730557.144697081
2025-10-12,13336829.903128106,-3547514.6793521508,29338152.494562842,11460393.771026114,15263725.895635938,194836.93190666585,194836.93190666585,194836.93190666585,2618809.3410386504,2618809.3410386504,2618809.3410386504,-2423972.4091319847,-2423972.4091319847,-2423972.4091319847,0.0,0.0,0.0,13531666.835034773
2025-10-13,13331187.29245009,-5447572.6588227935,26617107.085620638,11440454.85893225,15275153.948175814,-3982629.67171778,-3982629.67171778,-3982629.67171778,-2471823.099781216,-2471823.099781216,-2471823.099781216,-1510806.5719365638,-1510806.5719365638,-1510806.5719365638,0.0,0.0,0.0,9348557.620732311
2025-10-14,13325544.681772072,-6879562.123815052,26676393.552495368,11422304.447952656,15292300.835088672,-3261814.2985947467,-3261814.2985947467,-3261814.2985947467,-2758137.7114862925,-2758137.7114862925,-2758137.7114862925,-503676.5871084541,-503676.5871084541,-503676.5871084541,0.0,0.0,0.0,10063730.383177325
2025-10-15,13319902.071094053,-3379599.847988042,30304027.79482194,11404571.27927321,15304788.316319015,-491534.0906810183,-491534.0906810183,-491534.0906810183,-1074276.5511801266,-1074276.5511801266,-1074276.5511801266,582742.4604991084,582742.4604991084,582742.4604991084,0.0,0.0,0.0,12828367.980413035
2025-10-16,13314259.460416034,3914.43899086272,31652318.756766897,11386838.110593768,15294521.365782877,2633835.286062171,2633835.286062171,2633835.286062171,901994.0573752397,901994.0573752397,901994.0573752397,1731841.2286869315,1731841.2286869315,1731841.2286869315,0.0,0.0,0.0,15948094.746478206
2025-10-17,13308616.849738015,279885.633098717,31956223.69339333,11362732.80274722,15322181.184123052,3090035.6634615455,3090035.6634615455,3090035.6634615455,164624.1066917959,164624.1066917959,164624.1066917959,2925411.5567697496,2925411.5567697496,2925411.5567697496,0.0,0.0,0.0,16398652.51319956
2025-10-18,13302974.239059996,3254462.448819113,36127162.879385024,11338388.620743902,15331614.146244308,6762827.552413186,6762827.552413186,6762827.552413186,2618809.8573500793,2618809.8573500793,2618809.8573500793,4144017.695063106,4144017.695063106,4144017.695063106,0.0,0.0,0.0,20065801.79147318
2025-10-19,13297331.628381977,5018234.10084249,37568082.76983803,11311277.945717173,15339090.289259955,7986204.172166636,7986204.172166636,7986204.172166636,2618809.3410372636,2618809.3410372636,2618809.3410372636,5367394.831129371,5367394.831129371,5367394.831129371,0.0,0.0,0.0,21283535.800548613
2025-10-20,13291689.01770396,591874.948475803,34662890.3016735,11281517.902219726,15348025.566003924,4103042.727409459,4103042.727409459,4103042.727409459,-2471823.099782176,-2471823.099782176,-2471823.099782176,6574865.827191634,6574865.827191634,6574865.827191634,0.0,0.0,0.0,17394731.745113418
2025-10-21,13286046.40702594,2335590.4856539187,36474758.58532449,11254762.2738579,15356881.413661325,4987629.002691595,4987629.002691595,4987629.002691595,-2758137.711484873,-2758137.711484873,-2758137.711484873,7745766.714176468,7745766.714176468,7745766.714176468,0.0,0.0,0.0,18273675.409717537
2025-10-22,13280403.796347922,4657038.464721541,38626095.79683781,11228594.722455872,15390482.706371414,7785594.796806502,7785594.796806502,7785594.796806502,-1074276.5511789464,-1074276.5511789464,-1074276.5511789464,8859871.347985448,8859871.347985448,8859871.347985448,0.0,0.0,0.0,21065998.593154423
2025-10-23,13274761.185669905,8942193.996352714,40748471.6902258,11203141.236357605,15400244.853820791,10799799.782167861,10799799.782167861,10799799.782167861,901994.0573769837,901994.0573769837,901994.0573769837,9897805.724790877,9897805.724790877,9897805.724790877,0.0,0.0,0.0,24074560.967837766
2025-10-24,13269118.574991886,7650392.8574821735,39730012.56283801,11186686.923112657,15404064.662512472,11006066.875514919,11006066.875514919,11006066.875514919,164624.10669357635,164624.10669357635,164624.10669357635,10841442.768821342,10841442.768821342,10841442.768821342,0.0,0.0,0.0,24275185.450506806
2025-10-25,13263475.964313865,9672389.54416784,43458224.96342344,11158879.953172363,15408245.872774288,14293078.796155674,14293078.796155674,14293078.796155674,2618809.8573549446,2618809.8573549446,2618809.8573549446,11674268.93880073,11674268.93880073,11674268.93880073,0.0,0.0,0.0,27556554.76046954
2025-10-26,13257833.353635848,11098016.18667887,44520501.599293806,11131552.763529,15426131.419308906,15000524.072865369,15000524.072865369,15000524.072865369,2618809.341035877,2618809.341035877,2618809.341035877,12381714.731829494,12381714.731829494,12381714.731829494,0.0,0.0,0.0,28258357.426501215
2025-10-27,13252190.74295783,5955054.767051436,39553145.55334767,11109478.554536339,15435492.504533384,10479618.975841083,10479618.975841083,10479618.975841083,-2471823.099785782,-2471823.099785782,-2471823.099785782,12951442.075626865,12951442.075626865,12951442.075626865,0.0,0.0,0.0,23731809.718798913
2025-10-28,13246548.132279811,7497530.774652396,41265454.47795877,11091968.27814352,15444304.417211533,10615444.955625985,10615444.955625985,10615444.955625985,-2758137.711490113,-2758137.711490113,-2758137.711490113,13373582.667116098,13373582.667116098,13373582.667116098,0.0,0.0,0.0,23861993.087905794
2025-10-29,13240905.52160179,10353156.257033268,42770795.518651515,11074523.018505635,15453116.32988968,12566645.957877759,12566645.957877759,12566645.957877759,-1074276.551175798,-1074276.551175798,-1074276.551175798,13640922.509053556,13640922.509053556,13640922.509053556,0.0,0.0,0.0,25807551.47947955
2025-10-30,13235262.910923773,11738713.396679007,43896234.54228438,11057596.639767136,15461928.24256783,14651023.243003624,14651023.243003624,14651023.243003624,901994.0573733365,901994.0573733365,901994.0573733365,13749029.185630288,13749029.185630288,13749029.185630288,0.0,0.0,0.0,27886286.153927397
2025-10-31,13229620.300245754,10195960.178033503,43221118.36810169,11040670.261028636,15472970.057539824,13860943.876503548,13860943.876503548,13860943.876503548,164624.1066914834,164624.1066914834,164624.1066914834,13696319.769812064,13696319.769812064,13696319.769812064,0.0,0.0,0.0,27090564.176749304
2025-11-01,13223977.689567735,13052219.84120527,45170424.22679687,11013290.918740109,15481960.91180261,16102878.493148288,16102878.493148288,16102878.493148288,2618809.8573555257,2618809.8573555257,2618809.8573555257,13484068.635792764,13484068.635792764,13484068.635792764,0.0,0.0,0.0,29326856.182716023
2025-11-02,13218335.078889718,12295589.499742366,45213404.26678989,10970298.551657489,15496241.573832136,15735165.165924186,15735165.165924186,15735165.165924186,2618809.34104695,2618809.34104695,2618809.34104695,13116355.824877234,13116355.824877234,13116355.824877234,0.0,0.0,0.0,28953500.244813904
2025-11-03,13212692.4682117,6807182.450775256,39568772.81027198,10937740.777773013,15524405.212145785,10128134.849496081,10128134.849496081,10128134.849496081,-2471823.0997867417,-2471823.0997867417,-2471823.0997867417,12599957.949282821,12599957.949282821,12599957.949282821,0.0,0.0,0.0,23340827.31770778
2025-11-04,13207049.85753368,6537336.740743333,39408765.42092418,10915075.60427616,15540814.633917805,9186047.172259526,9186047.172259526,9186047.172259526,-2758137.711488694,-2758137.711488694,-2758137.711488694,11944184.883748218,11944184.883748218,11944184.883748218,0.0,0.0,0.0,22393097.029793207
2025-11-05,13201407.246855661,6399714.622501164,39024999.269815564,10893239.62320348,15553648.11942823,10086390.108948044,10086390.108948044,10086390.108948044,-1074276.551174618,-1074276.551174618,-1074276.551174618,11160666.660122663,11160666.660122663,11160666.660122663,0.0,0.0,0.0,23287797.355803706
2025-11-06,13195764.636177642,7461120.438990042,41141442.18521656,10871403.642130809,15580597.160084616,11165090.076395083,11165090.076395083,11165090.076395083,901994.0573750804,901994.0573750804,901994.0573750804,10263096.019020004,10263096.019020004,10263096.019020004,0.0,0.0,0.0,24360854.712572724
2025-11-07,13190122.025499623,6886467.53480808,39115697.81746867,10849567.661058132,15606861.615340684,9431557.069110913,9431557.069110913,9431557.069110913,164624.10669326398,164624.10669326398,164624.10669326398,9266932.96241765,9266932.96241765,9266932.96241765,0.0,0.0,0.0,22621679.094610535
2025-11-08,13184479.414821606,7076619.8784702225,40660148.95078674,10827731.679985458,15617379.307263173,10807888.230966719,10807888.230966719,10807888.230966719,2618809.8573475364,2618809.8573475364,2618809.8573475364,8189078.373619183,8189078.373619183,8189078.373619183,0.0,0.0,0.0,23992367.645788327
2025-11-09,13178836.804143589,6068158.0674750395,39962385.82852538,10804271.117997356,15627648.551745012,9666333.653361825,9666333.653361825,9666333.653361825,2618809.341045563,2618809.341045563,2618809.341045563,7047524.312316261,7047524.312316261,7047524.312316261,0.0,0.0,0.0,22845170.457505412
2025-11-10,13173194.193465568,-455062.5429192896,33766885.56582311,10773255.675548006,15638425.429129487,3389165.844137282,3389165.844137282,3389165.844137282,-2471823.099792996,-2471823.099792996,-2471823.099792996,5860988.943930278,5860988.943930278,5860988.943930278,0.0,0.0,0.0,16562360.03760285
2025-11-11,13167551.58278755,-897134.514272471,31729796.100781392,10754004.895201022,15662325.823211517,1890406.508612501,1890406.508612501,1890406.508612501,-2758137.7114881976,-2758137.7114881976,-2758137.7114881976,4648544.220100699,4648544.220100699,4648544.220100699,0.0,0.0,0.0,15057958.09140005
2025-11-12,13161908.97210953,-808020.0332396999,31994651.717606295,10735324.502229042,15687656.735907929,2354967.8407936213,2354967.8407936213,2354967.8407936213,-1074276.5511821562,-1074276.5511821562,-1074276.5511821562,3429244.391975777,3429244.391975777,3429244.391975777,0.0,0.0,0.0,15516876.81290315
2025-11-13,13156266.361431513,39219.23253560911,32903479.303925358,10717877.15289782,15711960.283835888,3123757.2736940985,3123757.2736940985,3123757.2736940985,901994.0573759903,901994.0573759903,901994.0573759903,2221763.216318108,2221763.216318108,2221763.216318108,0.0,0.0,0.0,16280023.635125611
2025-11-14,13150623.750753494,-1839625.901981006,30320307.06844661,10701755.992445905,15735454.62755912,1208671.423098971,1208671.423098971,1208671.423098971,164624.10669117104,164624.10669117104,164624.10669117104,1044047.3164077998,1044047.3164077998,1044047.3164077998,0.0,0.0,0.0,14359295.173852464
2025-11-15,13144981.140075475,-954236.5983544597,33386894.91511951,10675527.889208492,15745305.727152081,2531802.4574061222,2531802.4574061222,2531802.4574061222,2618809.857348117,2618809.857348117,2618809.857348117,-87007.39994199533,-87007.39994199533,-87007.39994199533,0.0,0.0,0.0,15676783.597481597
2025-11-16,13139338.529397458,-3365916.700892936,31118032.339292094,10653404.932501696,15766247.145774508,1462959.2754900379,1462959.2754900379,1462959.2754900379,2618809.3410441764,2618809.3410441764,2618809.3410441764,-1155850.0655541385,-1155850.0655541385,-1155850.0655541385,0.0,0.0,0.0,14602297.804887496
2025-11-17,13133695.918719439,-8385173.095213396,25157181.647864114,10632544.71694816,15797432.60269736,-4620357.646996651,-4620357.646996651,-4620357.646996651,-2471823.099793955,-2471823.099793955,-2471823.099793955,-2148534.547202695,-2148534.547202695,-2148534.547202695,0.0,0.0,0.0,8513338.271722788
2025-11-18,13128053.30804142,-9774329.692710187,24893241.09723126,10612443.151433896,15817790.49825886,-5811077.766039631,-5811077.766039631,-5811077.766039631,-2758137.7114867787,-2758137.7114867787,-2758137.7114867787,-3052940.0545528526,-3052940.0545528526,-3052940.0545528526,0.0,0.0,0.0,7316975.5420017885
2025-11-19,13122410.697363399,-8457994.457929729,24822140.385906238,10582053.832464542,15837141.181757916,-4933225.758308363,-4933225.758308363,-4933225.758308363,-1074276.5511809755,-1074276.5511809755,-1074276.5511809755,-3858949.2071273876,-3858949.2071273876,-3858949.2071273876,0.0,0.0,0.0,8189184.939055036
2025-11-20,13116768.086685384,-7799411.046995807,26811075.865290437,10542602.908214554,15856519.79884577,-3656587.0850817515,-3656587.0850817515,-3656587.0850817515,901994.0573750386,901994.0573750386,901994.0573750386,-4558581.1424567895,-4558581.1424567895,-4558581.1424567895,0.0,0.0,0.0,9460181.001603633
2025-11-21,13111125.476007365,-7734742.796998102,25343792.479283836,10520497.31313554,15878907.280977365,-4981454.20155791,-4981454.20155791,-4981454.20155791,164624.10669682518,164624.10669682518,164624.10669682518,-5146078.3082547365,-5146078.3082547365,-5146078.3082547365,0.0,0.0,0.0,8129671.274449455
2025-11-22,13105482.865329346,-6014083.345949911,27478924.280157607,10498491.26633295,15901294.763108961,-2999136.776530165,-2999136.776530165,-2999136.776530165,2618809.8573486977,2618809.8573486977,2618809.8573486977,-5617946.633878863,-5617946.633878863,-5617946.633878863,0.0,0.0,0.0,10106346.08879918
2025-11-23,13099840.254651327,-7379501.215006498,25906509.69562624,10479564.7127365,15922323.496297155,-3354140.4549478395,-3354140.4549478395,-3354140.4549478395,2618809.3410389433,2618809.3410389433,2618809.3410389433,-5972949.795986783,-5972949.795986783,-5972949.795986783,0.0,0.0,0.0,9745699.799703486
2025-11-24,13094197.643973308,-12851620.986932332,19883385.472241048,10459751.19382346,15942665.640486289,-8683882.356688151,-8683882.356688151,-8683882.356688151,-2471823.0997810173,-2471823.0997810173,-2471823.0997810173,-6212059.256907134,-6212059.256907134,-6212059.256907134,0.0,0.0,0.0,4410315.287285157
2025-11-25,13088555.033295289,-13093268.484082967,21404775.696707867,10439937.674910419,15959971.791435795,-9096500.352259517,-9096500.352259517,-9096500.352259517,-2758137.711486283,-2758137.711486283,-2758137.711486283,-6338362.640773234,-6338362.640773234,-6338362.640773234,0.0,0.0,0.0,3992054.681035772
2025-11-26,13082912.42261727,-10081689.919627333,22145025.23141188,10420426.070344647,15967709.797324073,-7431210.354521467,-7431210.354521467,-7431210.354521467,-1074276.5511788114,-1074276.5511788114,-1074276.5511788114,-6356933.803342655,-6356933.803342655,-6356933.803342655,0.0,0.0,0.0,5651702.068095802
2025-11-27,13077269.811939253,-8454521.617484117,24131008.673922714,10403616.77985068,15976015.143079204,-5372674.57460703,-5372674.57460703,-5372674.57460703,901994.057374087,901994.057374087,901994.057374087,-6274668.631981117,-6274668.631981117,-6274668.631981117,0.0,0.0,0.0,7704595.237332223
2025-11-28,13071627.201261234,-9160942.579849456,24691790.309100784,10378438.556667145,15972244.554853953,-5935467.063918646,-5935467.063918646,-5935467.063918646,164624.10669473224,164624.10669473224,164624.10669473224,-6100091.170613379,-6100091.170613379,-6100091.170613379,0.0,0.0,0.0,7136160.137342587
2025-11-29,13065984.590583215,-5539792.28584492,25876160.150804214,10352354.295077877,15978140.061299773,-3224325.235598503,-3224325.235598503,-3224325.235598503,2618809.857340709,2618809.857340709,2618809.857340709,-5843135.092939212,-5843135.092939212,-5843135.092939212,0.0,0.0,0.0,9841659.354984712
2025-11-30,13060341.979905197,-6722748.304115448,26366696.657594103,10325889.0623534,16007345.04805912,-2896096.500523379,-2896096.500523379,-2896096.500523379,2618809.34103371,2618809.34103371,2618809.34103371,-5514905.841557089,-5514905.841557089,-5514905.841557089,0.0,0.0,0.0,10164245.479381818
2025-12-01,13054699.369227178,-10630350.019745976,21870330.95418857,10300185.77189934,16041567.279241577,-7599252.010320806,-7599252.010320806,-7599252.010320806,-2471823.099784624,-2471823.099784624,-2471823.099784624,-5127428.910536182,-5127428.910536182,-5127428.910536182,0.0,0.0,0.0,5455447.358906372
2025-12-02,13049056.758549158,-10115589.0148733,21991865.59494754,10274101.510310072,16075789.510424038,-7451527.488899478,-7451527.488899478,-7451527.488899478,-2758137.7114839405,-2758137.7114839405,-2758137.7114839405,-4693389.777415536,-4693389.777415536,-4693389.777415536,0.0,0.0,0.0,5597529.26964968
2025-12-03,13043414.147871142,-8147841.466062331,24886407.56056125,10248017.248720804,16097023.377681522,-5300147.445393799,-5300147.445393799,-5300147.445393799,-1074276.551176647,-1074276.551176647,-1074276.551176647,-4225870.894217153,-4225870.894217153,-4225870.894217153,0.0,0.0,0.0,7743266.702477343
2025-12-04,13037771.537193123,-5764215.369869485,26654050.671582464,10222171.030604059,16114299.54531749,-2836096.8776012,-2836096.8776012,-2836096.8776012,901994.057375831,901994.057375831,901994.057375831,-3738090.9349770304,-3738090.9349770304,-3738090.9349770304,0.0,0.0,0.0,10201674.659591924
2025-12-05,13032128.926515104,-7382932.2036820585,26138805.551702242,10197026.160661623,16134460.953038704,-3078527.075079171,-3078527.075079171,-3078527.075079171,164624.1066915629,164624.1066915629,164624.1066915629,-3243151.1817707336,-3243151.1817707336,-3243151.1817707336,0.0,0.0,0.0,9953601.851435933
2025-12-06,13026486.315837083,-4227244.488392581,28957077.78563145,10156438.718176931,16154213.682401603,-134983.6687282398,-134983.6687282398,-134983.6687282398,2618809.8573455736,2618809.8573455736,2618809.8573455736,-2753793.5260738134,-2753793.5260738134,-2753793.5260738134,0.0,0.0,0.0,12891502.647108844
2025-12-07,13020843.705159066,-2494672.384629664,30827151.16059084,10121162.934337748,16173966.4117645,336635.25762796466,336635.25762796466,336635.25762796466,2618809.3410323234,2618809.3410323234,2618809.3410323234,-2282174.083404359,-2282174.083404359,-2282174.083404359,0.0,0.0,0.0,13357478.96278703
2025-12-08,13015201.094481047,-8177849.189204811,24107678.52950929,10096648.425954534,16193719.141127402,-4311478.982912102,-4311478.982912102,-4311478.982912102,-2471823.0997882304,-2471823.0997882304,-2471823.0997882304,-1839655.8831238716,-1839655.8831238716,-1839655.8831238716,0.0,0.0,0.0,8703722.111568946
2025-12-09,13009558.483803028,-7617593.1967355525,25428038.66693028,10072429.685927568,16212695.870071428,-4194761.230851041,-4194761.230851041,-4194761.230851041,-2758137.7114891796,-2758137.7114891796,-2758137.7114891796,-1436623.5193618606,-1436623.5193618606,-1436623.5193618606,0.0,0.0,0.0,8814797.252951987
2025-12-10,13003915.873125011,-4836053.906834753,26777191.620903872,10049167.762395835,16230354.972570235,-2156598.6016139346,-2156598.6016139346,-2156598.6016139346,-1074276.551185169,-1074276.551185169,-1074276.551185169,-1082322.0504287654,-1082322.0504287654,-1082322.0504287654,0.0,0.0,0.0,10847317.271511076
2025-12-11,12998273.262446992,-1868777.4051168396,29657553.241396256,10022863.455585431,16248059.165544162,117272.22790499919,117272.22790499919,117272.22790499919,901994.057377575,901994.057377575,901994.057377575,-784721.8294725758,-784721.8294725758,-784721.8294725758,0.0,0.0,0.0,13115545.490351992
2025-12-12,12992630.651768973,-3573459.1186503363,30794199.93045627,9995007.12580638,16265763.358518088,-385786.24749978964,-385786.24749978964,-385786.24749978964,164624.10669334326,164624.10669334326,164624.10669334326,-550410.354193133,-550410.354193133,-550410.354193133,0.0,0.0,0.0,12606844.404269183
2025-12-13,12986988.041090954,-1302492.2943980035,32777719.196345408,9967525.376059053,16279511.256030077,2234298.205028405,2234298.205028405,2234298.205028405,2618809.85734187,2618809.85734187,2618809.85734187,-384511.6523134653,-384511.6523134653,-384511.6523134653,0.0,0.0,0.0,15221286.24611936
2025-12-14,12981345.430412937,-1003076.991277556,31222283.52520115,9940043.626311725,16292013.503970833,2328176.156190694,2328176.156190694,2328176.156190694,2618809.341030937,2618809.341030937,2618809.341030937,-290633.1848402431,-290633.1848402431,-290633.1848402431,0.0,0.0,0.0,15309521.58660363
2025-12-15,12975702.819734916,-5243767.928732873,26289535.83112447,9912561.876564397,16299721.980281984,-2742662.86075512,-2742662.86075512,-2742662.86075512,-2471823.09978919,-2471823.09978919,-2471823.09978919,-270839.76096593007,-270839.76096593007,-270839.76096593007,0.0,0.0,0.0,10233039.958979797
2025-12-16,12970060.209056897,-5884002.020183034,26004542.60080307,9894342.901970204,16331404.42553158,-3083791.2367757238,-3083791.2367757238,-3083791.2367757238,-2758137.711487761,-2758137.711487761,-2758137.711487761,-325653.52528796333,-325653.52528796333,-325653.52528796333,0.0,0.0,0.0,9886268.972281173
2025-12-17,12964417.598378882,-5628704.440399608,26970642.882078983,9874928.390557187,16359812.267505104,-1528355.2563886032,-1528355.2563886032,-1528355.2563886032,-1074276.5511839886,-1074276.5511839886,-1074276.5511839886,-454078.7052046148,-454078.7052046148,-454078.7052046148,0.0,0.0,0.0,11436062.341990279
2025-12-18,12958774.987700863,-3145966.818308676,30054908.349366743,9825584.392551418,16404460.343212591,248344.55996211187,248344.55996211187,248344.55996211187,901994.0573766234,901994.0573766234,901994.0573766234,-653649.4974145115,-653649.4974145115,-653649.4974145115,0.0,0.0,0.0,13207119.547662975
2025-12-19,12953132.377022842,-4745503.762204418,28713708.03867046,9794097.72276745,16428347.35453278,-755875.1215681061,-755875.1215681061,-755875.1215681061,164624.1066951238,164624.1066951238,164624.1066951238,-920499.22826323,-920499.22826323,-920499.22826323,0.0,0.0,0.0,12197257.255454736
2025-12-20,12947489.766344823,-1778242.83635584,31223006.96784756,9762955.95860248,16434967.633513262,1369361.1154015164,1369361.1154015164,1369361.1154015164,2618809.857346735,2618809.857346735,2618809.857346735,-1249448.7419452188,-1249448.7419452188,-1249448.7419452188,0.0,0.0,0.0,14316850.881746339
2025-12-21,12941847.155666806,-1961691.6035702236,30281374.647331037,9732159.100056509,16440793.884706292,984697.4910126207,984697.4910126207,984697.4910126207,2618809.3410420096,2618809.3410420096,2618809.3410420096,-1634111.8500293887,-1634111.8500293887,-1634111.8500293887,0.0,0.0,0.0,13926544.646679427
2025-12-22,12936204.544988787,-8352080.134226018,25965909.653044082,9700622.342102805,16454592.335282544,-4538838.710053383,-4538838.710053383,-4538838.710053383,-2471823.09979015,-2471823.09979015,-2471823.09979015,-2067015.6102632333,-2067015.6102632333,-2067015.6102632333,0.0,0.0,0.0,8397365.834935404
2025-12-23,12930561.934310768,-9209270.93516733,22969180.82949849,9668643.223187497,16472222.661230639,-5297870.89720924,-5297870.89720924,-5297870.89720924,-2758137.7114872644,-2758137.7114872644,-2758137.7114872644,-2539733.1857219753,-2539733.1857219753,-2539733.1857219753,0.0,0.0,0.0,7632691.037101528
2025-12-24,12924919.32363275,-6362899.028188408,24393843.92929394,9638887.074140524,16486992.589951167,-4117303.610595997,-4117303.610595997,-4117303.610595997,-1074276.55118084,-1074276.55118084,-1074276.55118084,-3043027.0594151565,-3043027.0594151565,-3043027.0594151565,0.0,0.0,0.0,8807615.713036753
2025-12-25,12919276.712954732,-7300747.837890589,26766423.332609292,9601765.399567818,16495458.8144043,-2665006.3787838365,-2665006.3787838365,-2665006.3787838365,901994.0573756718,901994.0573756718,901994.0573756718,-3567000.436159508,-3567000.436159508,-3567000.436159508,0.0,0.0,0.0,10254270.334170895
2025-12-26,12913634.102276713,-7652239.615427541,26547193.084088612,9575936.498534426,16527618.142521458,-3936630.6376246065,-3936630.6376246065,-3936630.6376246065,164624.10669195445,164624.10669195445,164624.10669195445,-4101254.744316561,-4101254.744316561,-4101254.744316561,0.0,0.0,0.0,8977003.464652106
2025-12-27,12907991.491598694,-4038930.9390561907,27773898.650816575,9544511.615153832,16541680.928131664,-2016241.3889231216,-2016241.3889231216,-2016241.3889231216,2618809.8573473156,2618809.8573473156,2618809.8573473156,-4635051.246270437,-4635051.246270437,-4635051.246270437,0.0,0.0,0.0,10891750.102675572
2025-12-28,12902348.880920675,-7755806.594243335,26830128.07009252,9507914.35397478,16550687.43627326,-2538665.529130698,-2538665.529130698,-2538665.529130698,2618809.341036776,2618809.341036776,2618809.341036776,-5157474.870167474,-5157474.870167474,-5157474.870167474,0.0,0.0,0.0,10363683.351789977
2025-12-29,12896706.270242656,-12176536.717590168,22164560.282665253,9471317.092795728,16564172.136839258,-8129421.579103614,-8129421.579103614,-8129421.579103614,-2471823.099793756,-2471823.099793756,-2471823.099793756,-5657598.479309857,-5657598.479309857,-5657598.479309857,0.0,0.0,0.0,4767284.691139041
2025-12-30,12891063.659564637,-12518751.875596076,21537887.777672365,9434719.831616672,16593429.99271918,-8882783.604701316,-8882783.604701316,-8882783.604701316,-2758137.7114858455,-2758137.7114858455,-2758137.7114858455,-6124645.893215471,-6124645.893215471,-6124645.893215471,0.0,0.0,0.0,4008280.0548633207
2025-12-31,12885421.04888662,-10580523.993807718,22133924.303426784,9398122.570437623,16614601.19105182,-7622428.612285534,-7622428.612285534,-7622428.612285534,-1074276.5511796598,-1074276.5511796598,-1074276.5511796598,-6548152.061105874,-6548152.061105874,-6548152.061105874,0.0,0.0,0.0,5262992.436601086
2026-01-01,12879778.4382086,-8945479.262794536,25274916.2649686,9361980.369240955,16631672.68607569,-6016124.803366693,-6016124.803366693,-6016124.803366693,901994.0573765816,901994.0573765816,901994.0573765816,-6918118.860743274,-6918118.860743274,-6918118.860743274,0.0,0.0,0.0,6863653.634841908
2026-01-02,12874135.827530582,-10637205.4383422,23552286.982150834,9336227.414327009,16651283.078119855,-7060540.94501047,-7060540.94501047,-7060540.94501047,164624.10669373508,164624.10669373508,164624.10669373508,-7225165.051704206,-7225165.051704206,-7225165.051704206,0.0,0.0,0.0,5813594.882520111
2026-01-03,12868493.216852563,-9106729.068181047,24082784.505011234,9313714.401260054,16673285.232264379,-4841859.094469138,-4841859.094469138,-4841859.094469138,2618809.857352181,2618809.857352181,2618809.857352181,-7460668.95182132,-7460668.95182132,-7460668.95182132,0.0,0.0,0.0,8026634.122383424
2026-01-04,12862850.606174545,-7750016.811775757,25139841.482992016,9295285.634484733,16689243.250644125,-4998093.089472309,-4998093.089472309,-4998093.089472309,2618809.341039236,2618809.341039236,2618809.341039236,-7616902.430511545,-7616902.430511545,-7616902.430511545,0.0,0.0,0.0,7864757.516702237
2026-01-05,12857207.995496524,-16501767.678942723,19231708.70515956,9275342.263193686,16701564.322062988,-10158977.925583104,-10158977.925583104,-10158977.925583104,-2471823.0997861116,-2471823.0997861116,-2471823.0997861116,-7687154.825796991,-7687154.825796991,-7687154.825796991,0.0,0.0,0.0,2698230.069913421
2026-01-06,12851565.384818505,-14275205.523950206,18998811.937220097,9252017.924395949,16715147.08540389,-10423983.109080672,-10423983.109080672,-10423983.109080672,-2758137.7114910847,-2758137.7114910847,-2758137.7114910847,-7665845.397589586,-7665845.397589586,-7665845.397589586,0.0,0.0,0.0,2427582.275737833
2026-01-07,12845922.77414049,-12381630.800978422,21689783.474707067,9215634.980617583,16727699.499273729,-8622899.484815905,-8622899.484815905,-8622899.484815905,-1074276.5511774956,-1074276.5511774956,-1074276.5511774956,-7548622.93363841,-7548622.93363841,-7548622.93363841,0.0,0.0,0.0,4223023.289324585
2026-01-08,12840280.163462471,-9555985.36894631,23648365.43266778,9179252.036839215,16748740.603800023,-6430457.0755654,-6430457.0755654,-6430457.0755654,901994.0573783256,901994.0573783256,901994.0573783256,-7332451.132943725,-7332451.132943725,-7332451.132943725,0.0,0.0,0.0,6409823.087897072
2026-01-09,12834637.552784452,-11093427.378011158,21110067.484130584,9142869.093060847,16771231.819104334,-6851054.304490611,-6851054.304490611,-6851054.304490611,164624.10669164208,164624.10669164208,164624.10669164208,-7015678.411182254,-7015678.411182254,-7015678.411182254,0.0,0.0,0.0,5983583.248293841
2026-01-10,12828994.942106433,-5778082.97484474,26662392.003822792,9106486.149282482,16785567.877259184,-3979280.9536829544,-3979280.9536829544,-3979280.9536829544,2618809.857352762,2618809.857352762,2618809.857352762,-6598090.811035716,-6598090.811035716,-6598090.811035716,0.0,0.0,0.0,8849713.988423478
2026-01-11,12823352.331428414,-7416773.232116588,27213361.079042178,9070197.499409119,16797557.484056666,-3462137.4230290074,-3462137.4230290074,-3462137.4230290074,2618809.3410340026,2618809.3410340026,2618809.3410340026,-6080946.76406301,-6080946.76406301,-6080946.76406301,0.0,0.0,0.0,9361214.908399407
2026-01-12,12817709.720750395,-12948727.972852211,22414935.508456077,9035368.423331931,16824203.56374272,-7938815.646200334,-7938815.646200334,-7938815.646200334,-2471823.0997870723,-2471823.0997870723,-2471823.0997870723,-5466992.5464132605,-5466992.5464132605,-5466992.5464132605,0.0,0.0,0.0,4878894.0745500615
2026-01-13,12812067.110072376,-12233906.558088247,21315789.133289374,9000539.347254746,16845936.501435418,-7518595.11515017,-7518595.11515017,-7518595.11515017,-2758137.711489666,-2758137.711489666,-2758137.711489666,-4760457.403660505,-4760457.403660505,-4760457.403660505,0.0,0.0,0.0,5293471.994922206
2026-01-14,12806424.499394359,-9600575.097940532,23945850.10602431,8965710.271177564,16872633.793919872,-5041304.045970745,-5041304.045970745,-5041304.045970745,-1074276.5511763152,-1074276.5511763152,-1074276.5511763152,-3967027.49479443,-3967027.49479443,-3967027.49479443,0.0,0.0,0.0,7765120.453423614
2026-01-15,12800781.88871634,-7052982.868736,26025311.882029206,8923759.466718888,16899001.77946599,-2191803.9671481512,-2191803.9671481512,-2191803.9671481512,901994.0573746784,901994.0573746784,901994.0573746784,-3093798.0245228293,-3093798.0245228293,-3093798.0245228293,0.0,0.0,0.0,10608977.921568189
2026-01-16,12795139.278038321,-6055325.341266229,28921123.072643492,8882867.136693867,16916849.41501144,-1984579.091157643,-1984579.091157643,-1984579.091157643,164624.10669729626,164624.10669729626,164624.10669729626,-2149203.1978549394,-2149203.1978549394,-2149203.1978549394,0.0,0.0,0.0,10810560.186880678
2026-01-17,12789496.667360304,-3681012.644786944,31343873.43474526,8853490.148916835,16934276.96204298,1475885.9169159643,1475885.9169159643,1475885.9169159643,2618809.857344772,2618809.857344772,2618809.857344772,-1142923.940428808,-1142923.940428808,-1142923.940428808,0.0,0.0,0.0,14265382.584276268
2026-01-18,12783854.056682283,-1956666.8299072545,33039673.360077817,8822536.07753717,16951580.873463303,2533035.6616113647,2533035.6616113647,2533035.6616113647,2618809.3410326163,2618809.3410326163,2618809.3410326163,-85773.67942125193,-85773.67942125193,-85773.67942125193,0.0,0.0,0.0,15316889.718293648
2026-01-19,12778211.446004264,-5424573.577994758,28573783.351796772,8787648.570969466,16968579.744366445,-1461385.9680771567,-1461385.9680771567,-1461385.9680771567,-2471823.0997880315,-2471823.0997880315,-2471823.0997880315,1010437.1317108748,1010437.1317108748,1010437.1317108748,0.0,0.0,0.0,11316825.477927107
2026-01-20,12772568.835326245,-4274065.518042119,30525693.72217629,8752761.06440176,16985578.615269586,-625081.0685680058,-625081.0685680058,-625081.0685680058,-2758137.71148917,-2758137.71148917,-2758137.71148917,2133056.6429211637,2133056.6429211637,2133056.6429211637,0.0,0.0,0.0,12147487.766758239
2026-01-21,12766926.22464823,-563582.3257791862,31634169.26627798,8717873.55783406,17002577.486172732,2194489.2989156125,2194489.2989156125,2194489.2989156125,-1074276.551174151,-1074276.551174151,-1074276.551174151,3268765.850089764,3268765.850089764,3268765.850089764,0.0,0.0,0.0,14961415.523563843
2026-01-22,12761283.613970209,962274.7228564586,34606164.355876856,8682986.051266355,17019576.35707587,5305763.515536051,5305763.515536051,5305763.515536051,901994.0573782837,901994.0573782837,901994.0573782837,4403769.458157768,4403769.458157768,4403769.458157768,0.0,0.0,0.0,18067047.12950626
2026-01-23,12755641.00329219,1850828.074663623,34237437.992455736,8651657.71986586,17036575.227979016,5688625.029622025,5688625.029622025,5688625.029622025,164624.10669520323,164624.10669520323,164624.10669520323,5524000.922926822,5524000.922926822,5524000.922926822,0.0,0.0,0.0,18444266.032914214
2026-01-24,12749998.392614173,4739581.010669351,39891234.748166814,8623012.085419837,17051987.3994113,9234148.651261445,9234148.651261445,9234148.651261445,2618809.8573453533,2618809.8573453533,2618809.8573453533,6615338.793916091,6615338.793916091,6615338.793916091,0.0,0.0,0.0,21984147.04387562
2026-01-25,12744355.781936154,6809994.994372944,39937568.69114199,8594366.450973814,17066605.17328677,10282640.41366099,10282640.41366099,10282640.41366099,2618809.341027383,2618809.341027383,2618809.341027383,7663831.072633607,7663831.072633607,7663831.072633607,0.0,0.0,0.0,23026996.195597142
2026-01-26,12738713.171258135,1594719.126012747,35529677.95810892,8565720.816527791,17081222.94716224,6184100.834362061,6184100.834362061,6184100.834362061,-2471823.0997916376,-2471823.0997916376,-2471823.0997916376,8655923.934153697,8655923.934153697,8655923.934153697,0.0,0.0,0.0,18922814.005620196
2026-01-27,12733070.560580114,2971882.4739941633,36582023.99147206,8518863.103614058,17103431.33807393,6820553.13725842,6820553.13725842,6820553.13725842,-2758137.7114868276,-2758137.7114868276,-2758137.7114868276,9578690.848745247,9578690.848745247,9578690.848745247,0.0,0.0,0.0,19553623.697838534
2026-01-28,12727427.949902099,5552266.648592605,39381086.136716165,8509484.76014732,17127600.9842758,9345781.34635073,9345781.34635073,9345781.34635073,-1074276.5511826728,-1074276.5511826728,-1074276.5511826728,10420057.897533402,10420057.897533402,10420057.897533402,0.0,0.0,0.0,22073209.296252828
2026-01-29,12721785.33922408,8449097.310926503,42119826.76435053,8483751.123550907,17168188.570081003,12071014.971234808,12071014.971234808,12071014.971234808,901994.0573746365,901994.0573746365,901994.0573746365,11169020.91386017,11169020.91386017,11169020.91386017,0.0,0.0,0.0,24792800.310458887
2026-01-30,12716142.72854606,8091126.50716156,41766820.75047467,8465798.872621823,17204366.724511147,11980474.116996143,11980474.116996143,11980474.116996143,164624.10669310982,164624.10669310982,164624.10669310982,11815850.010303034,11815850.010303034,11815850.010303034,0.0,0.0,0.0,24696616.845542204
2026-01-31,12710500.117868042,11146756.32712934,45050297.66169355,8457119.346700594,17221558.397754546,14971086.936096461,14971086.936096461,14971086.936096461,2618809.8573502186,2618809.8573502186,2618809.8573502186,12352277.078746244,12352277.078746244,12352277.078746244,0.0,0.0,0.0,27681587.053964503
2026-02-01,12704857.507190023,11626155.313577028,46042916.54706156,8443397.258674668,17237094.442750692,15390471.32450235,15390471.32450235,15390471.32450235,2618809.3410259965,2618809.3410259965,2618809.3410259965,12771661.983476354,12771661.983476354,12771661.983476354,0.0,0.0,0.0,28095328.831692375
2026-02-02,12699214.896512004,6877204.756254191,39697289.77327376,8416057.732658524,17251071.023853768,10597310.308284689,10597310.308284689,10597310.308284689,-2471823.0997760533,-2471823.0997760533,-2471823.0997760533,13069133.40806074,13069133.40806074,13069133.40806074,0.0,0.0,0.0,23296525.204796694
2026-02-03,12693572.285833985,6734483.556495186,40397953.27388637,8388718.206642378,17265047.604956843,10483562.95490419,10483562.95490419,10483562.95490419,-2758137.7114863317,-2758137.7114863317,-2758137.7114863317,13241700.666390521,13241700.666390521,13241700.666390521,0.0,0.0,0.0,23177135.240738176
2026-02-04,12687929.675155967,7959676.322986172,42490024.72146719,8361378.680626235,17278932.84931382,12214056.692596355,12214056.692596355,12214056.692596355,-1074276.5511805087,-1074276.5511805087,-1074276.5511805087,13288333.243776862,13288333.243776862,13288333.243776862,0.0,0.0,0.0,24901986.36775232
2026-02-05,12682287.064477948,11422815.036393471,45672465.875871375,8334039.15461009,17291610.13452642,14111999.44698568,14111999.44698568,14111999.44698568,901994.0573763805,901994.0573763805,901994.0573763805,13210005.389609298,13210005.389609298,13210005.389609298,0.0,0.0,0.0,26794286.511463627
2026-02-06,12676644.45379993,7734540.420945153,43699021.61550501,8301170.703964064,17303561.471346498,13174327.836328845,13174327.836328845,13174327.836328845,164624.1066948908,164624.1066948908,164624.1066948908,13009703.729633955,13009703.729633955,13009703.729633955,0.0,0.0,0.0,25850972.290128775
2026-02-07,12671001.843121912,12049561.797558142,45162685.38296942,8267123.971782088,17302827.236387916,15311206.448851123,15311206.448851123,15311206.448851123,2618809.857346515,2618809.857346515,2618809.857346515,12692396.591504605,12692396.591504605,12692396.591504605,0.0,0.0,0.0,27982208.291973036
2026-02-08,12665359.232443893,11025241.505739091,44741234.37472947,8233077.239600114,17302093.00142933,14883773.868017139,14883773.868017139,14883773.868017139,2618809.3410409153,2618809.3410409153,2618809.3410409153,12264964.526976224,12264964.526976224,12264964.526976224,0.0,0.0,0.0,27549133.100461032
2026-02-09,12659716.621765872,4829297.666151628,37859578.28186363,8199030.507418137,17315551.58414506,9264269.250805914,9264269.250805914,9264269.250805914,-2471823.0997823067,-2471823.0997823067,-2471823.0997823067,11736092.350588221,11736092.350588221,11736092.350588221,0.0,0.0,0.0,21923985.87257179
2026-02-10,12654074.011087857,3796680.5352564454,38210462.46461049,8163322.783178576,17337025.74525269,8357986.167255038,8357986.167255038,8357986.167255038,-2758137.7114858357,-2758137.7114858357,-2758137.7114858357,11116123.878740875,11116123.878740875,11116123.878740875,0.0,0.0,0.0,21012060.178342894
2026-02-11,12648431.400409838,4613131.459693745,39076214.470025755,8127799.106027623,17376860.253781438,9342604.872336648,9342604.872336648,9342604.872336648,-1074276.551179328,-1074276.551179328,-1074276.551179328,10416881.423515977,10416881.423515977,10416881.423515977,0.0,0.0,0.0,21991036.27274649
2026-02-12,12642788.78973182,6344676.375218146,39635595.19813647,8094612.857448565,17390836.83488451,10553447.007990537,10553447.007990537,10553447.007990537,901994.057375429,901994.057375429,901994.057375429,9651452.950615108,9651452.950615108,9651452.950615108,0.0,0.0,0.0,23196235.797722355
2026-02-13,12637146.179053798,4721176.4965241365,39498965.34991092,8065994.695492873,17404486.824479636,8998574.73446408,8998574.73446408,8998574.73446408,164624.1066878477,164624.1066878477,164624.1066878477,8833950.627776233,8833950.627776233,8833950.627776233,0.0,0.0,0.0,21635720.913517877
2026-02-14,12631503.568375781,6983517.594827876,40236146.9542126,8037376.533537184,17415446.252535317,10598055.104096347,10598055.104096347,10598055.104096347,2618809.8573513804,2618809.8573513804,2618809.8573513804,7979245.246744969,7979245.246744969,7979245.246744969,0.0,0.0,0.0,23229558.672472127
2026-02-15,12625860.957697762,5487220.8933668155,39952083.9066476,7986483.889159652,17434030.851997536,9721491.017801402,9721491.017801402,9721491.017801402,2618809.3410395286,2618809.3410395286,2618809.3410395286,7102681.676761873,7102681.676761873,7102681.676761873,0.0,0.0,0.0,22347351.975499164
2026-02-16,12620218.347019743,267097.7043131513,33417284.259020556,7949073.341486396,17478034.71538302,3747957.980704049,3747957.980704049,3747957.980704049,-2471823.0997832664,-2471823.0997832664,-2471823.0997832664,6219781.080487316,6219781.080487316,6219781.080487316,0.0,0.0,0.0,16368176.327723792
2026-02-17,12614575.736341726,-1619350.630980445,33294483.465399362,7911662.793813145,17520122.647657685,2587798.364900228,2587798.364900228,2587798.364900228,-2758137.7114844164,-2758137.7114844164,-2758137.7114844164,5345936.076384644,5345936.076384644,5345936.076384644,0.0,0.0,0.0,15202374.101241954
2026-02-18,12608933.125663707,-240319.71403110924,33781408.1476272,7876334.940799953,17556508.83440916,3421828.7979047406,3421828.7979047406,3421828.7979047406,-1074276.5511761801,-1074276.5511761801,-1074276.5511761801,4496105.34908092,4496105.34908092,4496105.34908092,0.0,0.0,0.0,16030761.923568448
2026-02-19,12603290.514985688,-221004.54464591577,33418363.296069045,7841678.195452964,17592398.61744513,4586508.436631866,4586508.436631866,4586508.436631866,901994.0573744774,901994.0573744774,901994.0573744774,3684514.3792573884,3684514.3792573884,3684514.3792573884,0.0,0.0,0.0,17189798.951617554
2026-02-20,12597647.904307669,-2384160.013571577,31156299.114907637,7807021.450105973,17619402.085023433,3088993.0846054396,3088993.0846054396,3088993.0846054396,164624.10669350185,164624.10669350185,164624.10669350185,2924368.977911938,2924368.977911938,2924368.977911938,0.0,0.0,0.0,15686640.988913108
2026-02-21,12592005.29362965,1145552.0229033914,34997429.46597046,7772055.523662831,17636576.71877178,4846398.019271266,4846398.019271266,4846398.019271266,2618809.8573562456,2618809.8573562456,2618809.8573562456,2227588.1619150206,2227588.1619150206,2227588.1619150206,0.0,0.0,0.0,17438403.312900916
2026-02-22,12586362.682951631,-2382769.3771285503,32760090.35616371,7736780.416123529,17653751.352520127,4223371.938687016,4223371.938687016,4223371.938687016,2618809.341034296,2618809.341034296,2618809.341034296,1604562.5976527196,1604562.5976527196,1604562.5976527196,0.0,0.0,0.0,16809734.62163865
2026-02-23,12580720.072273612,-5581448.869092485,27437121.887278847,7701505.308584228,17670023.682394538,-1407878.7289419307,-1407878.7289419307,-1407878.7289419307,-2471823.0997868734,-2471823.0997868734,-2471823.0997868734,1063944.3708449425,1063944.3708449425,1063944.3708449425,0.0,0.0,0.0,11172841.343331682
2026-02-24,12575077.461595597,-7604449.033802448,27527261.743011944,7666600.084467735,17734656.34519493,-2145664.4902833765,-2145664.4902833765,-2145664.4902833765,-2758137.711490579,-2758137.711490579,-2758137.711490579,612473.2212072024,612473.2212072024,612473.2212072024,0.0,0.0,0.0,10429412.971312221
2026-02-25,12569434.850917578,-5855721.446881127,29375113.526391808,7632247.726465335,17773962.011412255,-819432.9288822577,-819432.9288822577,-819432.9288822577,-1074276.5511856854,-1074276.5511856854,-1074276.5511856854,254843.6223034278,254843.6223034278,254843.6223034278,0.0,0.0,0.0,11750001.92203532
2026-02-26,12563792.240239557,-3715231.6435025055,30311538.4953395,7601259.262873678,17791525.11616492,895610.2632964973,895610.2632964973,895610.2632964973,901994.0573735258,901994.0573735258,901994.0573735258,-6383.794077028376,-6383.794077028376,-6383.794077028376,0.0,0.0,0.0,13459402.503536055
2026-02-27,12558149.629561538,-3996664.2505,29804118.21033485,7566513.977498002,17808841.289991856,-6199.847433470593,-6199.847433470593,-6199.847433470593,164624.10669140855,164624.10669140855,164624.10669140855,-170823.95412487915,-170823.95412487915,-170823.95412487915,0.0,0.0,0.0,12551949.782128068
2026-02-28,12552507.01888352,-1786665.8489595363,31401427.421248615,7536465.595638638,17826157.46381879,2378549.108556237,2378549.108556237,2378549.108556237,2618809.8573568263,2618809.8573568263,2618809.8573568263,-240260.74880058892,-240260.74880058892,-240260.74880058892,0.0,0.0,0.0,14931056.127439758
2026-03-01,12546864.408205502,-1890196.8332875834,31059834.866771266,7496990.148841331,17843473.63764572,2400217.539598651,2400217.539598651,2400217.539598651,2618809.3410453685,2618809.3410453685,2618809.3410453685,-218591.8014467173,-218591.8014467173,-218591.8014467173,0.0,0.0,0.0,14947081.947804153
2026-03-02,12541221.797527483,-7605626.381307127,27075924.800998382,7467946.373042634,17865304.97074508,-2583548.514341633,-2583548.514341633,-2583548.514341633,-2471823.0997904795,-2471823.0997904795,-2471823.0997904795,-111725.41455115324,-111725.41455115324,-111725.41455115324,0.0,0.0,0.0,9957673.28318585
2026-03-03,12535579.186849466,-7759441.506738983,27201921.530240163,7439292.031175698,17893474.47544859,-2685569.372977637,-2685569.372977637,-2685569.372977637,-2758137.7114882367,-2758137.7114882367,-2758137.7114882367,72568.33851059953,72568.33851059953,72568.33851059953,0.0,0.0,0.0,9850009.813871829
2026-03-04,12529936.576171447,-5673328.6668542335,29249199.640522286,7410637.689308758,17919186.759131145,-749427.2579387706,-749427.2579387706,-749427.2579387706,-1074276.5511825376,-1074276.5511825376,-1074276.5511825376,324849.293243767,324849.293243767,324849.293243767,0.0,0.0,0.0,11780509.318232676
2026-03-05,12524293.965493428,-4754080.269949,31385786.740487117,7381983.347441817,17933206.595045038,1536231.5601795025,1536231.5601795025,1536231.5601795025,901994.0573752698,901994.0573752698,901994.0573752698,634237.5028042325,634237.5028042325,634237.5028042325,0.0,0.0,0.0,14060525.52567293
2026-03-06,12518651.354815409,-3962943.5899279355,31493843.638507992,7355971.791455091,17952656.051136542,1153301.1674643627,1153301.1674643627,1153301.1674643627,164624.10669318953,164624.10669318953,164624.10669318953,988677.0607711732,988677.0607711732,988677.0607711732,0.0,0.0,0.0,13671952.522279771
2026-03-07,12513008.74413739,-1574925.4544090494,33582353.2480247,7333202.762953926,17962256.78412501,3994037.3204603964,3994037.3204603964,3994037.3204603964,2618809.857348837,2618809.857348837,2618809.857348837,1375227.4631115592,1375227.4631115592,1375227.4631115592,0.0,0.0,0.0,16507046.064597785
2026-03-08,12507366.13345937,717944.3561578887,34357363.37447446,7301357.68875975,17971571.522207074,4399185.151912426,4399185.151912426,4399185.151912426,2618809.3410401354,2618809.3410401354,2618809.3410401354,1780375.8108722907,1780375.8108722907,1780375.8108722907,0.0,0.0,0.0,16906551.285371795
2026-03-09,12501723.522781352,-4905692.397156759,28646949.30192463,7294044.684508479,17981959.267854657,-281460.51173392945,-281460.51173392945,-281460.51173392945,-2471823.0997940865,-2471823.0997940865,-2471823.0997940865,2190362.588060157,2190362.588060157,2190362.588060157,0.0,0.0,0.0,12220263.011047423
2026-03-10,12496080.912103334,-4359829.783404972,29657977.23469898,7290677.719996451,17998852.454149965,-166624.35621965406,-166624.35621965406,-166624.35621965406,-2758137.7114877403,-2758137.7114877403,-2758137.7114877403,2591513.3552680863,2591513.3552680863,2591513.3552680863,0.0,0.0,0.0,12329456.55588368
2026-03-11,12490438.301425315,-3143109.99394714,32162488.713116605,7257697.159710078,18015745.640445266,1896291.9399606166,1896291.9399606166,1896291.9399606166,-1074276.5511813576,-1074276.5511813576,-1074276.5511813576,2970568.4911419735,2970568.4911419735,2970568.4911419735,0.0,0.0,0.0,14386730.241385933
2026-03-12,12484795.690747296,-562533.0781208334,35165142.37945242,7222816.279290996,18031842.502781633,4216997.155754021,4216997.155754021,4216997.155754021,901994.0573761796,901994.0573761796,901994.0573761796,3315003.098377842,3315003.098377842,3315003.098377842,0.0,0.0,0.0,16701792.846501317
2026-03-13,12479153.080069277,-1802665.9073516324,33218796.489415664,7187935.398871914,18046986.888641912,3777953.478039293,3777953.478039293,3777953.478039293,164624.1066949697,164624.1066949697,164624.1066949697,3613329.3713443237,3613329.3713443237,3613329.3713443237,0.0,0.0,0.0,16257106.55810857
2026-03-14,12473510.46939126,1586195.6217202493,34680927.436954215,7153054.518452833,18062131.274502195,6474183.953479805,6474183.953479805,6474183.953479805,2618809.8573451336,2618809.8573451336,2618809.8573451336,3855374.096134672,3855374.096134672,3855374.096134672,0.0,0.0,0.0,18947694.422871064
2026-03-15,12467867.85871324,2261799.089137001,37216589.14395667,7118173.6380337505,18073339.074576188,6651333.854498396,6651333.854498396,6651333.854498396,2618809.341042595,2618809.341042595,2618809.341042595,4032524.5134558002,4032524.5134558002,4032524.5134558002,0.0,0.0,0.0,19119201.713211633
2026-03-16,12462225.24803522,-2420969.959627669,31440199.604639057,7083292.757614668,18083107.871750955,1666113.4080211436,1666113.4080211436,1666113.4080211436,-2471823.099795046,-2471823.099795046,-2471823.099795046,4137936.5078161894,4137936.5078161894,4137936.5078161894,0.0,0.0,0.0,14128338.656056363
2026-03-17,12456582.637357205,-3055230.746084432,31450446.04261986,7050446.244788281,18109025.140840393,1408562.2644171815,1408562.2644171815,1408562.2644171815,-2758137.711486321,-2758137.711486321,-2758137.711486321,4166699.9759035027,4166699.9759035027,4166699.9759035027,0.0,0.0,0.0,13865144.901774386
2026-03-18,12450940.026679186,-1985238.011425441,32494511.818527654,7021682.925859322,18133176.598873053,3041680.7003232143,3041680.7003232143,3041680.7003232143,-1074276.5511801767,-1074276.5511801767,-1074276.5511801767,4115957.251503391,4115957.251503391,4115957.251503391,0.0,0.0,0.0,15492620.7270024
2026-03-19,12445297.416001165,867803.277391993,35373203.75936716,6993006.837039258,18165207.28377871,4886965.656103917,4886965.656103917,4886965.656103917,901994.0573779235,901994.0573779235,901994.0573779235,3984971.5987259937,3984971.5987259937,3984971.5987259937,0.0,0.0,0.0,17332263.072105084
2026-03-20,12439654.805323148,-218052.75385678335,34409589.308566794,6962421.18506883,18192908.213078335,3939768.1082281047,3939768.1082281047,3939768.1082281047,164624.10669675027,164624.10669675027,164624.10669675027,3775144.0015313546,3775144.0015313546,3775144.0015313546,0.0,0.0,0.0,16379422.913551252
2026-03-21,12434012.19464513,1019414.6453042463,36959350.788073935,6933261.841829759,18222243.946206655,6108787.60239188,6108787.60239188,6108787.60239188,2618809.857349999,2618809.857349999,2618809.857349999,3489977.7450418808,3489977.7450418808,3489977.7450418808,0.0,0.0,0.0,18542799.79703701
2026-03-22,12428369.58396711,1072740.501642123,36653960.08696951,6895350.402311966,18243573.75169432,5753800.91177542,5753800.91177542,5753800.91177542,2618809.341037362,2618809.341037362,2618809.341037362,3134991.570738058,3134991.570738058,3134991.570738058,0.0,0.0,0.0,18182170.49574253
2026-03-23,12422726.973289091,-4027692.7040064293,30675110.642163858,6852880.904549794,18253079.797405858,245760.3607956913,245760.3607956913,245760.3607956913,-2471823.099782108,-2471823.099782108,-2471823.099782108,2717583.460577799,2717583.460577799,2717583.460577799,0.0,0.0,0.0,12668487.334084783
2026-03-24,12417084.362611074,-5514266.246894862,28258406.071561653,6816038.94211481,18267805.168348815,-511289.37991633476,-511289.37991633476,-511289.37991633476,-2758137.7114915606,-2758137.7114915606,-2758137.7114915606,2246848.331575226,2246848.331575226,2246848.331575226,0.0,0.0,0.0,11905794.98269474
2026-03-25,12411441.751933055,-3499016.9566038176,31195086.55076767,6782688.689380004,18281993.2972208,659077.5195563528,659077.5195563528,659077.5195563528,-1074276.5511770288,-1074276.5511770288,-1074276.5511770288,1733354.0707333814,1733354.0707333814,1733354.0707333814,0.0,0.0,0.0,13070519.271489408
2026-03-26,12405799.141255036,-3106211.36297954,32520463.972153,6763484.946460285,18296181.426092792,2090875.4380772894,2090875.4380772894,2090875.4380772894,901994.0573742763,901994.0573742763,901994.0573742763,1188881.3807030134,1188881.3807030134,1188881.3807030134,0.0,0.0,0.0,14496674.579332326
2026-03-27,12400156.530577019,-5065032.870775085,31459841.68814843,6744281.203540568,18310369.55496478,790757.9184470122,790757.9184470122,790757.9184470122,164624.10669465733,164624.10669465733,164624.10669465733,626133.811752355,626133.811752355,626133.811752355,0.0,0.0,0.0,13190914.449024031
2026-03-28,12394513.919898998,-245042.06319341136,32712758.520991478,6714674.484222767,18324461.024097238,2677234.9594362862,2677234.9594362862,2677234.9594362862,2618809.8573420094,2618809.8573420094,2618809.8573420094,58425.10209427663,58425.10209427663,58425.10209427663,0.0,0.0,0.0,15071748.879335284
2026-03-29,12388871.309220979,-3514566.9254655363,31801347.17887501,6674561.046754451,18334433.868676648,2118160.857404516,2118160.857404516,2118160.857404516,2618809.341032129,2618809.341032129,2618809.341032129,-500648.4836276127,-500648.4836276127,-500648.4836276127,0.0,0.0,0.0,14507032.166625496
2026-03-30,12383228.69854296,-8210161.605774807,25412999.626881056,6627415.610063029,18344406.713256057,-3509365.8534325217,-3509365.8534325217,-3509365.8534325217,-2471823.0997830676,-2471823.0997830676,-2471823.0997830676,-1037542.7536494544,-1037542.7536494544,-1037542.7536494544,0.0,0.0,0.0,8873862.845110439
2026-03-31,12377586.087864945,-9080856.592713654,24712545.179471176,6587319.517005011,18354379.557835475,-4297236.603311516,-4297236.603311516,-4297236.603311516,-2758137.711490141,-2758137.711490141,-2758137.711490141,-1539098.8918213753,-1539098.8918213753,-1539098.8918213753,0.0,0.0,0.0,8080349.484553428
2026-04-01,12371943.477186924,-8229071.349554959,27452178.584923334,6540787.142201201,18370502.552646652,-3067143.8184741135,-3067143.8184741135,-3067143.8184741135,-1074276.5511758479,-1074276.5511758479,-1074276.5511758479,-1992867.2672982654,-1992867.2672982654,-1992867.2672982654,0.0,0.0,0.0,9304799.65871281
2026-04-02,12366300.866508905,-6901426.4843078945,28906049.859815814,6489676.678792783,18387395.738941956,-1485419.7431159238,-1485419.7431159238,-1485419.7431159238,901994.0573760202,901994.0573760202,901994.0573760202,-2387413.8004919444,-2387413.8004919444,-2387413.8004919444,0.0,0.0,0.0,10880881.12339298
2026-04-03,12360658.255830888,-8139060.477524706,27777175.904943928,6450880.027655892,18404288.925237257,-2547977.2751131863,-2547977.2751131863,-2547977.2751131863,164624.10669148833,164624.10669148833,164624.10669148833,-2712601.381804675,-2712601.381804675,-2712601.381804675,0.0,0.0,0.0,9812680.980717702
2026-04-04,12355015.645152869,-4032557.000572758,30343345.227727495,6413812.0597987585,18421182.111532565,-341029.61953969003,-341029.61953969003,-341029.61953969003,2618809.8573468747,2618809.8573468747,2618809.8573468747,-2959839.476886565,-2959839.476886565,-2959839.476886565,0.0,0.0,0.0,12013986.02561318
2026-04-05,12349373.03447485,-5859940.636091858,30071794.55350222,6377357.864042612,18438075.29782787,-503486.5218727248,-503486.5218727248,-503486.5218727248,2618809.341034589,2618809.341034589,2618809.341034589,-3122295.8629073133,-3122295.8629073133,-3122295.8629073133,0.0,0.0,0.0,11845886.512602124
2026-04-06,12343730.423796829,-10348039.903564258,24629380.37731256,6340903.668286466,18454968.48412317,-5666888.503189152,-5666888.503189152,-5666888.503189152,-2471823.099789321,-2471823.099789321,-2471823.099789321,-3195065.403399831,-3195065.403399831,-3195065.403399831,0.0,0.0,0.0,6676841.920607677
2026-04-07,12338087.813118814,-12231215.470527299,25216676.148977786,6304449.472530324,18471735.883726344,-5933429.571134403,-5933429.571134403,-5933429.571134403,-2758137.711488722,-2758137.711488722,-2758137.711488722,-3175291.8596456815,-3175291.8596456815,-3175291.8596456815,0.0,0.0,0.0,6404658.24198441
2026-04-08,12332445.202440795,-9700149.165784335,25999088.96481043,6267995.276774178,18486692.939455654,-4136516.4768867516,-4136516.4768867516,-4136516.4768867516,-1074276.55118437,-1074276.55118437,-1074276.55118437,-3062239.925702382,-3062239.925702382,-3062239.925702382,0.0,0.0,0.0,8195928.725554043
2026-04-09,12326802.591762776,-6523660.919986883,27900489.932999276,6228793.364671239,18501649.995184958,-1955321.873699704,-1955321.873699704,-1955321.873699704,901994.0573777643,901994.0573777643,901994.0573777643,-2857315.9310774687,-2857315.9310774687,-2857315.9310774687,0.0,0.0,0.0,10371480.718063071
2026-04-10,12321159.981084757,-8012978.58151775,27038659.687399384,6188584.875502525,18516607.050914273,-2399412.8401702153,-2399412.8401702153,-2399412.8401702153,164624.10669326893,164624.10669326893,164624.10669326893,-2564036.946863484,-2564036.946863484,-2564036.946863484,0.0,0.0,0.0,9921747.14091454
2026-04-11,12315517.370406738,-4207821.787654839,30250349.32004329,6149361.987887739,18540857.68252645,430860.53315857874,430860.53315857874,430860.53315857874,2618809.8573474553,2618809.8573474553,2618809.8573474553,-2187949.324188877,-2187949.324188877,-2187949.324188877,0.0,0.0,0.0,12746377.903565316
2026-04-12,12309874.759728719,-4417092.354100969,30021317.716349337,6110447.482179655,18546521.16237289,882310.3865674104,882310.3865674104,882310.3865674104,2618809.3410293553,2618809.3410293553,2618809.3410293553,-1736498.9544619448,-1736498.9544619448,-1736498.9544619448,0.0,0.0,0.0,13192185.146296129
2026-04-13,12304232.1490507,-9924247.124730885,26306554.794999823,6078771.624081693,18561478.2181022,-3690679.8361714818,-3690679.8361714818,-3690679.8361714818,-2471823.0997902807,-2471823.0997902807,-2471823.0997902807,-1218856.7363812013,-1218856.7363812013,-1218856.7363812013,0.0,0.0,0.0,8613552.312879218
2026-04-14,12298589.538372682,-7909529.248853239,25063019.01645253,6060758.637653367,18592491.225250587,-3403841.5455937316,-3403841.5455937316,-3403841.5455937316,-2758137.711487303,-2758137.711487303,-2758137.711487303,-645703.8341064283,-645703.8341064283,-645703.8341064283,0.0,0.0,0.0,8894747.992778951
2026-04-15,12292946.927694663,-5847370.786174726,28758271.01589587,6039482.867963716,18629732.06972814,-1103258.8374472822,-1103258.8374472822,-1103258.8374472822,-1074276.551183189,-1074276.551183189,-1074276.551183189,-28982.286264092916,-28982.286264092916,-28982.286264092916,0.0,0.0,0.0,11189688.090247381
2026-04-16,12287304.317016644,-1869453.0421778192,32151133.08633677,6003910.613203376,18674578.35301185,1520376.7059135328,1520376.7059135328,1520376.7059135328,901994.0573741172,901994.0573741172,901994.0573741172,618382.6485394156,618382.6485394156,618382.6485394156,0.0,0.0,0.0,13807681.022930177
2026-04-17,12281661.706338627,-3878935.8098013513,31750016.806250624,5977994.561754311,18719424.63629557,1447405.4744124159,1447405.4744124159,1447405.4744124159,164624.10669892258,164624.10669892258,164624.10669892258,1282781.3677134933,1282781.3677134933,1282781.3677134933,0.0,0.0,0.0,13729067.180751042
2026-04-18,12276019.095660608,99706.14180598386,33938660.69532071,5952078.5103052445,18763021.933170605,4569042.36738649,4569042.36738649,4569042.36738649,2618809.857348036,2618809.857348036,2618809.857348036,1950232.5100384543,1950232.5100384543,1950232.5100384543,0.0,0.0,0.0,16845061.4630471
2026-04-19,12270376.484982587,-56980.75408619902,34558421.493041225,5926162.458856178,18779370.688633483,5225510.806116106,5225510.806116106,5225510.806116106,2618809.341040428,2618809.341040428,2618809.341040428,2606701.4650756787,2606701.4650756787,2606701.4650756787,0.0,0.0,0.0,17495887.29109869
2026-04-20,12264733.874304572,-4546360.871580389,31087867.61977026,5900689.404195333,18792361.586684827,766593.851429675,766593.851429675,766593.851429675,-2471823.09977999,-2471823.09977999,-2471823.09977999,3238416.951209665,3238416.951209665,3238416.951209665,0.0,0.0,0.0,13031327.725734247
2026-04-21,12259091.263626553,-4992776.194617431,31291230.0845477,5876320.779198583,18801830.79169737,1074040.2283478815,1074040.2283478815,1074040.2283478815,-2758137.7114868076,-2758137.7114868076,-2758137.7114868076,3832177.939834689,3832177.939834689,3832177.939834689,0.0,0.0,0.0,13333131.491974434
2026-04-22,12253448.652948534,-1748160.2445274028,34231543.77718937,5851624.40018631,18811299.99670992,3301366.983221209,3301366.983221209,3301366.983221209,-1074276.5511810249,-1074276.5511810249,-1074276.5511810249,4375643.534402234,4375643.534402234,4375643.534402234,0.0,0.0,0.0,15554815.636169743
2026-04-23,12247806.042270513,766157.0324228258,35231334.61836517,5774148.340593957,18827265.545094397,5759592.98917991,5759592.98917991,5759592.98917991,901994.0573758611,901994.0573758611,901994.0573758611,4857598.931804049,4857598.931804049,4857598.931804049,0.0,0.0,0.0,18007399.031450424
2026-04-24,12242163.431592496,-132787.6309739772,35483736.51268066,5742766.45936821,18838316.73110918,5432815.3914552685,5432815.3914552685,5432815.3914552685,164624.10669187957,164624.10669187957,164624.10669187957,5268191.284763388,5268191.284763388,5268191.284763388,0.0,0.0,0.0,17674978.823047765
2026-04-25,12236520.820914477,2276082.06701606,37312396.9717582,5718600.560810075,18845790.098508637,8217939.984820363,8217939.984820363,8217939.984820363,2618809.8573486167,2618809.8573486167,2618809.8573486167,5599130.127471747,5599130.127471747,5599130.127471747,0.0,0.0,0.0,20454460.80573484
2026-04-26,12230878.210236458,2436432.6015469753,38692041.29562616,5697183.621512619,18858853.7183324,8462657.33987007,8462657.33987007,8462657.33987007,2618809.341035195,2618809.341035195,2618809.341035195,5843847.998834875,5843847.998834875,5843847.998834875,0.0,0.0,0.0,20693535.550106525
2026-04-27,12225235.599558441,-2868773.9471372953,34054555.95841075,5675766.682215164,18878746.995884676,3525794.871548983,3525794.871548983,3525794.871548983,-2471823.0997809498,-2471823.0997809498,-2471823.0997809498,5997617.971329932,5997617.971329932,5997617.971329932,0.0,0.0,0.0,15751030.471107423
2026-04-28,12219592.988880422,-2182744.9276088583,33230828.207782026,5654349.742917706,18909065.269704487,3299488.2273529386,3299488.2273529386,3299488.2273529386,-2758137.7114844653,-2758137.7114844653,-2758137.7114844653,6057625.938837403,6057625.938837403,6057625.938837403,0.0,0.0,0.0,15519081.216233362
2026-04-29,12213950.378202403,655082.3388211408,34540452.756601095,5634859.357066704,18942183.564739995,4948720.1514967745,4948720.1514967745,4948720.1514967745,-1074276.5511788605,-1074276.5511788605,-1074276.5511788605,6022996.702675635,6022996.702675635,6022996.702675635,0.0,0.0,0.0,17162670.529699177
2026-04-30,12208307.767524384,1452846.3970815106,36277365.982878745,5618219.060751139,18980964.915671613,6796768.146596968,6796768.146596968,6796768.146596968,901994.0573767708,901994.0573767708,901994.0573767708,5894774.089220197,5894774.089220197,5894774.089220197,0.0,0.0,0.0,19005075.914121352
2026-05-01,12202665.156846365,-173723.0310289482,35125198.92046773,5614271.629743007,19019746.266603235,5840480.609661924,5840480.609661924,5840480.609661924,164624.1066936607,164624.1066936607,164624.1066936607,5675856.502968262,5675856.502968262,5675856.502968262,0.0,0.0,0.0,18043145.76650829
2026-05-02,12197022.546168346,2742939.6205295203,37840363.05569334,5600940.921934705,19058527.617534854,7989700.291741227,7989700.291741227,7989700.291741227,2618809.8573534824,2618809.8573534824,2618809.8573534824,5370890.434387745,5370890.434387745,5370890.434387745,0.0,0.0,0.0,20186722.83790957
2026-05-03,12191379.935490327,2726258.305145963,37376745.32992512,5602298.421879118,19097308.968466476,7604934.814486033,7604934.814486033,7604934.814486033,2618809.3410338084,2618809.3410338084,2618809.3410338084,4986125.473452224,4986125.473452224,4986125.473452224,0.0,0.0,0.0,19796314.74997636
2026-05-04,12185737.324812312,-3486420.3443597015,32599806.899457358,5580341.7766133845,19136090.319398098,2057412.200481755,2057412.200481755,2057412.200481755,-2471823.0997819095,-2471823.0997819095,-2471823.0997819095,4529235.300263665,4529235.300263665,4529235.300263665,0.0,0.0,0.0,14243149.525294067
2026-05-05,12180094.71413429,-4171272.4048766443,30697580.60166554,5558385.131347647,19174724.868085578,1250972.1992247454,1250972.1992247454,1250972.1992247454,-2758137.7114906274,-2758137.7114906274,-2758137.7114906274,4009109.910715373,4009109.910715373,4009109.910715373,0.0,0.0,0.0,13431066.913359037
2026-05-06,12174452.103456272,-2602985.1224217336,31916361.080423106,5536428.48608191,19211376.859679922,2361348.416819811,2361348.416819811,2361348.416819811,-1074276.5511766968,-1074276.5511766968,-1074276.5511766968,3435624.967996508,3435624.967996508,3435624.967996508,0.0,0.0,0.0,14535800.520276083
2026-05-07,12168809.492778253,-3187306.760262927,32911447.98159078,5475316.323878129,19248028.85127427,3721388.692515589,3721388.692515589,3721388.692515589,901994.0573758193,901994.0573758193,901994.0573758193,2819394.6351397694,2819394.6351397694,2819394.6351397694,0.0,0.0,0.0,15890198.185293842
2026-05-08,12163166.882100236,-3381262.775333107,31850439.18135307,5445376.7489880845,19279687.2456931,2336138.6362732565,2336138.6362732565,2336138.6362732565,164624.10669156763,164624.10669156763,164624.10669156763,2171514.529581689,2171514.529581689,2171514.529581689,0.0,0.0,0.0,14499305.518373493
2026-05-09,12157524.271422217,-1693407.6750450693,35381601.39074469,5419461.897986639,19295543.31858325,4122111.4001900996,4122111.4001900996,4122111.4001900996,2618809.857349779,2618809.857349779,2618809.857349779,1503301.5428403213,1503301.5428403213,1503301.5428403213,0.0,0.0,0.0,16279635.671612317
2026-05-10,12151881.660744196,-2268141.972427327,33063619.719978712,5392247.308521744,19311399.391473398,3444846.5279164044,3444846.5279164044,3444846.5279164044,2618809.341032421,2618809.341032421,2618809.341032421,826037.186883983,826037.186883983,826037.186883983,0.0,0.0,0.0,15596728.1886606
2026-05-11,12146239.05006618,-8483825.703121774,29176425.631492663,5353059.803533653,19326534.514819782,-2321102.2306949045,-2321102.2306949045,-2321102.2306949045,-2471823.099788163,-2471823.099788163,-2471823.099788163,150720.86909325843,150720.86909325843,150720.86909325843,0.0,0.0,0.0,9825136.819371276
2026-05-12,12140596.439388162,-9078967.920427483,26603559.252485026,5313872.298545561,19345242.629953872,-3270298.6418530974,-3270298.6418530974,-3270298.6418530974,-2758137.7114892085,-2758137.7114892085,-2758137.7114892085,-512160.9303638889,-512160.9303638889,-512160.9303638889,0.0,0.0,0.0,8870297.797535064
2026-05-13,12134953.828710143,-7717884.156205434,28115300.467587814,5274684.793557467,19385288.76555796,-2227120.737432042,-2227120.737432042,-2227120.737432042,-1074276.5511755163,-1074276.5511755163,-1074276.5511755163,-1152844.186256526,-1152844.186256526,-1152844.186256526,0.0,0.0,0.0,9907833.0912781
2026-05-14,12129311.218032122,-5631329.996705003,30919918.47201889,5235497.288569374,19425334.90116205,-860476.8275416178,-860476.8275416178,-860476.8275416178,901994.0573748676,901994.0573748676,901994.0573748676,-1762470.8849164855,-1762470.8849164855,-1762470.8849164855,0.0,0.0,0.0,11268834.390490504
2026-05-15,12123668.607354105,-6833374.158480572,27723435.03133322,5196309.783581282,19465381.036766145,-2168618.6552298195,-2168618.6552298195,-2168618.6552298195,164624.10668947423,164624.10668947423,164624.10668947423,-2333242.761919294,-2333242.761919294,-2333242.761919294,0.0,0.0,0.0,9955049.952124285
2026-05-16,12118025.996676086,-7308917.969764651,29824926.558123875,5182044.177805646,19502258.34740751,-239732.43124882824,-239732.43124882824,-239732.43124882824,2618809.8573460737,2618809.8573460737,2618809.8573460737,-2858542.2885949016,-2858542.2885949016,-2858542.2885949016,0.0,0.0,0.0,11878293.565427257
2026-05-17,12112383.385998067,-5163683.538874227,28694623.605769116,5171193.213691954,19525554.540770136,-714209.6095274735,-714209.6095274735,-714209.6095274735,2618809.341031035,2618809.341031035,2618809.341031035,-3333018.9505585083,-3333018.9505585083,-3333018.9505585083,0.0,0.0,0.0,11398173.776470592
2026-05-18,12106740.77532005,-12268592.143786801,25156362.367413927,5160342.249578265,19548850.73413276,-6224462.967832542,-6224462.967832542,-6224462.967832542,-2471823.099789122,-2471823.099789122,-2471823.099789122,-3752639.868043419,-3752639.868043419,-3752639.868043419,0.0,0.0,0.0,5882277.807487507
2026-05-19,12101098.16464203,-11118877.578751676,23519765.339725386,5149230.3155225525,19572146.927495383,-6872842.527889896,-6872842.527889896,-6872842.527889896,-2758137.7114887126,-2758137.7114887126,-2758137.7114887126,-4114704.8164011836,-4114704.8164011836,-4114704.8164011836,0.0,0.0,0.0,5228255.636752134
2026-05-20,12095455.553964011,-10620545.46897738,25233657.24669385,5110379.36852057,19592712.861776605,-5492103.238425786,-5492103.238425786,-5492103.238425786,-1074276.5511723682,-1074276.5511723682,-1074276.5511723682,-4417826.687253417,-4417826.687253417,-4417826.687253417,0.0,0.0,0.0,6603352.315538226
2026-05-21,12089812.943285992,-8955500.227447852,25594381.919779725,5071528.421518587,19612121.021718957,-3759885.301265188,-3759885.301265188,-3759885.301265188,901994.0573757775,901994.0573757775,901994.0573757775,-4661879.358640966,-4661879.358640966,-4661879.358640966,0.0,0.0,0.0,8329927.642020805
2026-05-22,12084170.332607975,-9607887.370280582,26159886.49752,5034201.6993042445,19631529.18166132,-4683291.683925053,-4683291.683925053,-4683291.683925053,164624.10669512834,164624.10669512834,164624.10669512834,-4847915.790620182,-4847915.790620182,-4847915.790620182,0.0,0.0,0.0,7400878.648682922
2026-05-23,12078527.721929954,-9401089.958574515,26355872.063790467,5009471.0560390055,19657180.81097588,-2359250.051013598,-2359250.051013598,-2359250.051013598,2618809.8573466544,2618809.8573466544,2618809.8573466544,-4978059.908360252,-4978059.908360252,-4978059.908360252,0.0,0.0,0.0,9719277.670916356
2026-05-24,12072885.111251937,-8538594.175659165,27222769.141769513,4984740.412773767,19675195.273887016,-2436567.1172123854,-2436567.1172123854,-2436567.1172123854,2618809.3410421074,2618809.3410421074,2618809.3410421074,-5055376.458254493,-5055376.458254493,-5055376.458254493,0.0,0.0,0.0,9636317.994039552
2026-05-25,12067242.50057392,-14461290.483808372,22427044.355676915,4960009.769508529,19696821.583340466,-7555546.60799976,-7555546.60799976,-7555546.60799976,-2471823.099792729,-2471823.099792729,-2471823.099792729,-5083723.50820703,-5083723.50820703,-5083723.50820703,0.0,0.0,0.0,4511695.89257416
2026-05-26,12061599.889895901,-14095380.18548489,22967054.679964703,4926821.134548476,19716839.364073742,-7825730.3111637365,-7825730.3111637365,-7825730.3111637365,-2758137.711488216,-2758137.711488216,-2758137.711488216,-5067592.59967552,-5067592.59967552,-5067592.59967552,0.0,0.0,0.0,4235869.578732165
2026-05-27,12055957.27921788,-12153151.04996289,23711965.207551397,4889393.381609965,19737450.295759223,-6086218.2906620605,-6086218.2906620605,-6086218.2906620605,-1074276.5511818742,-1074276.5511818742,-1074276.5511818742,-5011941.739480185,-5011941.739480185,-5011941.739480185,0.0,0.0,0.0,5969738.98855582
2026-05-28,12050314.668539863,-10005270.121339625,26364505.35435946,4855823.596154079,19762430.7959263,-4020032.3841652037,-4020032.3841652037,-4020032.3841652037,901994.0573748259,901994.0573748259,901994.0573748259,-4922026.441540029,-4922026.441540029,-4922026.441540029,0.0,0.0,0.0,8030282.28437466
2026-05-29,12044672.057861844,-9887245.096369792,24414634.67996658,4842243.99552896,19779207.54874795,-4638609.788531363,-4638609.788531363,-4638609.788531363,164624.10669303528,164624.10669303528,164624.10669303528,-4803233.895224398,-4803233.895224398,-4803233.895224398,0.0,0.0,0.0,7406062.269330481
2026-05-30,12039029.447183827,-7889225.375638696,27187664.450280044,4817561.291505141,19801233.769944243,-2042115.197683984,-2042115.197683984,-2042115.197683984,2618809.857351519,2618809.857351519,2618809.857351519,-4660925.055035504,-4660925.055035504,-4660925.055035504,0.0,0.0,0.0,9996914.249499843
2026-05-31,12033386.836505806,-8135429.3108614385,27530525.65644253,4763085.021295893,19823259.991140533,-1881479.6862896255,-1881479.6862896255,-1881479.6862896255,2618809.341040721,2618809.341040721,2618809.341040721,-4500289.027330346,-4500289.027330346,-4500289.027330346,0.0,0.0,0.0,10151907.15021618
2026-06-01,12027744.225827789,-12268293.540602848,23022364.448371474,4708608.751086646,19845286.212336823,-6798036.688941613,-6798036.688941613,-6798036.688941613,-2471823.099779791,-2471823.099779791,-2471823.099779791,-4326213.589161822,-4326213.589161822,-4326213.589161822,0.0,0.0,0.0,5229707.536886176
2026-06-02,12022101.61514977,-12047034.027010437,23313826.90763894,4666979.790473518,19867312.433533113,-6901312.742346065,-6901312.742346065,-6901312.742346065,-2758137.711485874,-2758137.711485874,-2758137.711485874,-4143175.030860191,-4143175.030860191,-4143175.030860191,0.0,0.0,0.0,5120788.872803705
2026-06-03,12016459.00447175,-11545426.698545277,25044654.513021562,4627333.686356641,19889338.654729404,-5029426.340578969,-5029426.340578969,-5029426.340578969,-1074276.5511787264,-1074276.5511787264,-1074276.5511787264,-3955149.789400243,-3955149.789400243,-3955149.789400243,0.0,0.0,0.0,6987032.663892782
2026-06-04,12010816.393793732,-9898283.549987882,26792359.15211067,4587687.582239769,19911364.875925694,-2863555.500246826,-2863555.500246826,-2863555.500246826,901994.05737657,901994.05737657,901994.05737657,-3765549.557623396,-3765549.557623396,-3765549.557623396,0.0,0.0,0.0,9147260.893546905
2026-06-05,12005173.783115713,-9764857.199199425,27182494.594113164,4548041.478122893,19935855.354041997,-3412556.6336452817,-3412556.6336452817,-3412556.6336452817,164624.10669481586,164624.10669481586,164624.10669481586,-3577180.740340098,-3577180.740340098,-3577180.740340098,0.0,0.0,0.0,8592617.149470432
2026-06-06,11999531.172437696,-7080267.3532771645,29704504.086171336,4507999.450864752,19962810.08907832,-773418.4505283778,-773418.4505283778,-773418.4505283778,2618809.857356385,2618809.857356385,2618809.857356385,-3392228.3078847625,-3392228.3078847625,-3392228.3078847625,0.0,0.0,0.0,11226112.721909318
2026-06-07,11993888.561759677,-7448662.3578716405,30258249.419286486,4469924.752348048,19989764.824114636,-593453.9556772369,-593453.9556772369,-593453.9556772369,2618809.341035488,2618809.341035488,2618809.341035488,-3212263.296712725,-3212263.296712725,-3212263.296712725,0.0,0.0,0.0,11400434.60608244
2026-06-08,11988245.95108166,-12147915.570004735,25591420.031379446,4412375.99879819,20016719.559150953,-5510095.549502827,-5510095.549502827,-5510095.549502827,-2471823.0997833977,-2471823.0997833977,-2471823.0997833977,-3038272.449719429,-3038272.449719429,-3038272.449719429,0.0,0.0,0.0,6478150.401578832
2026-06-09,11982603.340403639,-11411607.222777605,25246219.679301314,4308944.583562487,20042669.851476837,-5628845.510723703,-5628845.510723703,-5628845.510723703,-2758137.7114853775,-2758137.7114853775,-2758137.7114853775,-2870707.799238325,-2870707.799238325,-2870707.799238325,0.0,0.0,0.0,6353757.829679936
2026-06-10,11976960.72972562,-10111860.730038779,26256884.47341254,4255157.975491951,20067615.701092277,-3783829.9450063133,-3783829.9450063133,-3783829.9450063133,-1074276.551177545,-1074276.551177545,-1074276.551177545,-2709553.3938287683,-2709553.3938287683,-2709553.3938287683,0.0,0.0,0.0,8193130.784719307
2026-06-11,11971318.119047603,-7333475.247013487,29381339.443007417,4216562.352210864,20092561.55070772,-1652411.8163484477,-1652411.8163484477,-1652411.8163484477,901994.0573756181,901994.0573756181,901994.0573756181,-2554405.873724066,-2554405.873724066,-2554405.873724066,0.0,0.0,0.0,10318906.302699154
2026-06-12,11965675.508369585,-9235133.823743755,27574221.72263586,4178636.039071389,20117507.400323164,-2239941.1166683026,-2239941.1166683026,-2239941.1166683026,164624.10669164636,164624.10669164636,164624.10669164636,-2404565.2233599485,-2404565.2233599485,-2404565.2233599485,0.0,0.0,0.0,9725734.391701283
2026-06-13,11960032.897691565,-5888591.487271914,29470443.85407759,4154987.0457111713,20147347.288199,359678.07433498057,359678.07433498057,359678.07433498057,2618809.857352681,2618809.857352681,2618809.857352681,-2259131.7830177005,-2259131.7830177005,-2259131.7830177005,0.0,0.0,0.0,12319710.972026546
2026-06-14,11954390.287013546,-6975740.509503983,30954524.960069653,4140480.435750358,20205418.577042535,501703.8495549937,501703.8495549937,501703.8495549937,2618809.3410379477,2618809.3410379477,2618809.3410379477,-2117105.491482954,-2117105.491482954,-2117105.491482954,0.0,0.0,0.0,12456094.136568539
2026-06-15,11948747.676335528,-11421504.398563707,26029946.12499982,4125973.8257895457,20262045.855555337,-4449306.45913725,-4449306.45913725,-4449306.45913725,-2471823.0997843575,-2471823.0997843575,-2471823.0997843575,-1977483.359352892,-1977483.359352892,-1977483.359352892,0.0,0.0,0.0,7499441.217198279
2026-06-16,11943105.06565751,-10702227.700870968,25369543.542359695,4111467.215828732,20295091.738896117,-4597489.047195874,-4597489.047195874,-4597489.047195874,-2758137.7114839586,-2758137.7114839586,-2758137.7114839586,-1839351.3357119164,-1839351.3357119164,-1839351.3357119164,0.0,0.0,0.0,7345616.018461635
2026-06-17,11937462.45497949,-9062776.489658872,27547202.318589628,4088720.337656014,20310770.724783003,-2776243.5735028074,-2776243.5735028074,-2776243.5735028074,-1074276.5511860673,-1074276.5511860673,-1074276.5511860673,-1701967.02231674,-1701967.02231674,-1701967.02231674,0.0,0.0,0.0,9161218.881476684
2026-06-18,11931819.844301473,-7288874.475892436,30154948.97680341,4041047.2168520926,20326156.65234372,-662836.0409143716,-662836.0409143716,-662836.0409143716,901994.0573773622,901994.0573773622,901994.0573773622,-1564830.0982917338,-1564830.0982917338,-1564830.0982917338,0.0,0.0,0.0,11268983.803387102
2026-06-19,11926177.233623454,-8548225.395458315,28888436.36952266,4008327.2292632023,20342442.092552125,-1263113.723352919,-1263113.723352919,-1263113.723352919,164624.10669342705,164624.10669342705,164624.10669342705,-1427737.8300463462,-1427737.8300463462,-1427737.8300463462,0.0,0.0,0.0,10663063.510270536
2026-06-20,11920534.622945435,-3986657.411763085,32337420.002537966,3986447.01763782,20378138.377969213,1327986.2195561694,1327986.2195561694,1327986.2195561694,2618809.8573404076,2618809.8573404076,2618809.8573404076,-1290823.6377842382,-1290823.6377842382,-1290823.6377842382,0.0,0.0,0.0,13248520.842501605
2026-06-21,11914892.012267416,-4386093.2215195615,32016561.45516284,3950449.1977882716,20413834.663386296,1464231.9897837217,1464231.9897837217,1464231.9897837217,2618809.3410327146,2618809.3410327146,2618809.3410327146,-1154577.3512489928,-1154577.3512489928,-1154577.3512489928,0.0,0.0,0.0,13379124.002051137
2026-06-22,11909249.401589397,-10528546.816795988,27232472.02149977,3912655.84928154,20449530.94880338,-3491669.590542787,-3491669.590542787,-3491669.590542787,-2471823.099787964,-2471823.099787964,-2471823.099787964,-1019846.490754823,-1019846.490754823,-1019846.490754823,0.0,0.0,0.0,8417579.81104661
2026-06-23,11903606.790911378,-10025687.844221072,28201084.2706771,3874246.684153345,20480708.47260181,-3645956.3429408795,-3645956.3429408795,-3645956.3429408795,-2758137.711489198,-2758137.711489198,-2758137.711489198,-887818.631451681,-887818.631451681,-887818.631451681,0.0,0.0,0.0,8257650.447970498
2026-06-24,11897964.18023336,-6350855.340661974,28233203.412280384,3834201.459065049,20499778.921328112,-1834262.1761499464,-1834262.1761499464,-1834262.1761499464,-1074276.551183903,-1074276.551183903,-1074276.551183903,-759985.6249660436,-759985.6249660436,-759985.6249660436,0.0,0.0,0.0,10063702.004083414
2026-06-25,11892321.569555342,-6252190.1995405685,31795408.211054973,3785039.11409227,20516972.88808208,263902.91827425157,263902.91827425157,263902.91827425157,901994.057373715,901994.057373715,901994.057373715,-638091.1390994635,-638091.1390994635,-638091.1390994635,0.0,0.0,0.0,12156224.487829594
2026-06-26,11886678.958877323,-7136230.2461402435,29046079.101043977,3736043.6897964547,20533660.27405936,-359439.50351335056,-359439.50351335056,-359439.50351335056,164624.10669133445,164624.10669133445,164624.10669133445,-524063.610204685,-524063.610204685,-524063.610204685,0.0,0.0,0.0,11527239.455363972
2026-06-27,11881036.348199304,-3931463.9628604637,31784674.06559942,3692034.5542813074,20550347.660036646,2198872.5943255355,2198872.5943255355,2198872.5943255355,2618809.8573452733,2618809.8573452733,2618809.8573452733,-419937.26301973773,-419937.26301973773,-419937.26301973773,0.0,0.0,0.0,14079908.94252484
2026-06-28,11875393.737521287,-3099582.2121150685,33114118.35178925,3654111.4044877496,20567035.04601393,2291045.0208730157,2291045.0208730157,2291045.0208730157,2618809.341043787,2618809.341043787,2618809.341043787,-327764.32017077156,-327764.32017077156,-327764.32017077156,0.0,0.0,0.0,14166438.758394303
2026-06-29,11869751.126843268,-10435150.889530672,27625271.33939912,3635300.905124343,20583722.431991216,-2721344.9823798905,-2721344.9823798905,-2721344.9823798905,-2471823.0997889237,-2471823.0997889237,-2471823.0997889237,-249521.88259096708,-249521.88259096708,-249521.88259096708,0.0,0.0,0.0,9148406.144463377
2026-06-30,11864108.516165247,-9169673.641988836,28011338.433905702,3608539.085419231,20600409.8179685,-2945154.9117377046,-2945154.9117377046,-2945154.9117377046,-2758137.7114877794,-2758137.7114877794,-2758137.7114877794,-187017.20024992546,-187017.20024992546,-187017.20024992546,0.0,0.0,0.0,8918953.604427543
2026-07-01,11858465.905487228,-8015191.06881575,29482026.32413582,3576016.6268474865,20617097.203945786,-1216071.7125911012,-1216071.7125911012,-1216071.7125911012,-1074276.5511817387,-1074276.5511817387,-1074276.5511817387,-141795.1614093624,-141795.1614093624,-141795.1614093624,0.0,0.0,0.0,10642394.192896128
2026-07-02,11852823.294809213,-4997883.513219299,32504518.767043553,3561263.484796571,20611818.9954354,786942.253492036,786942.253492036,786942.253492036,901994.057375459,901994.057375459,901994.057375459,-115051.80388342295,-115051.80388342295,-115051.80388342295,0.0,0.0,0.0,12639765.54830125
2026-07-03,11847180.684131194,-6340003.206848726,30815748.077817775,3543628.100872938,20618839.08849677,57066.61328589203,57066.61328589203,57066.61328589203,164624.10669311456,164624.10669311456,164624.10669311456,-107557.49340722253,-107557.49340722253,-107557.49340722253,0.0,0.0,0.0,11904247.297417086
2026-07-04,11841538.073453175,-3776795.910006363,33100853.99559427,3525819.6306494735,20642167.23101838,2499216.7307680985,2499216.7307680985,2499216.7307680985,2618809.8573501385,2618809.8573501385,2618809.8573501385,-119593.12658203999,-119593.12658203999,-119593.12658203999,0.0,0.0,0.0,14340754.804221272
2026-07-05,11835895.462775156,-4283031.826935762,33942269.501267694,3508011.16042601,20664320.490200277,2467907.0335417376,2467907.0335417376,2467907.0335417376,2618809.3410424003,2618809.3410424003,2618809.3410424003,-150902.30750066304,-150902.30750066304,-150902.30750066304,0.0,0.0,0.0,14303802.496316893
2026-07-06,11830252.852097137,-9985388.108023362,27300768.01655502,3490202.6902025454,20671566.93205566,-2672485.030357301,-2672485.030357301,-2672485.030357301,-2471823.099795177,-2471823.099795177,-2471823.099795177,-200661.9305621238,-200661.9305621238,-200661.9305621238,0.0,0.0,0.0,9157767.821739836
2026-07-07,11824610.241419118,-7847075.006802309,27313031.40609808,3438540.155805421,20671847.61710994,-3025610.7046738984,-3025610.7046738984,-3025610.7046738984,-2758137.7114863596,-2758137.7114863596,-2758137.7114863596,-267472.9931875382,-267472.9931875382,-267472.9931875382,0.0,0.0,0.0,8798999.53674522
2026-07-08,11818967.630741099,-6911756.133126286,29986006.89993102,3384939.4364561634,20674683.7055281,-1423649.3316076577,-1423649.3316076577,-1423649.3316076577,-1074276.551180558,-1074276.551180558,-1074276.551180558,-349372.7804270995,-349372.7804270995,-349372.7804270995,0.0,0.0,0.0,10395318.29913344
2026-07-09,11813325.020063082,-6211197.120281018,31850525.79805022,3331338.7171069095,20710366.903666172,458125.2270473412,458125.2270473412,458125.2270473412,901994.0573763688,901994.0573763688,901994.0573763688,-443868.8303290276,-443868.8303290276,-443868.8303290276,0.0,0.0,0.0,12271450.247110423
2026-07-10,11807682.409385063,-7004476.773345924,29148203.40188331,3277737.9977576514,20715064.716440834,-383370.2214322713,-383370.2214322713,-383370.2214322713,164624.10669102156,164624.10669102156,164624.10669102156,-547994.3281232929,-547994.3281232929,-547994.3281232929,0.0,0.0,0.0,11424312.187952792
2026-07-11,11802039.798707044,-4643112.980511849,31389808.348264046,3224137.2784083937,20710003.447132252,1960426.044089428,1960426.044089428,1960426.044089428,2618809.857350719,2618809.857350719,2618809.857350719,-658383.8132612911,-658383.8132612911,-658383.8132612911,0.0,0.0,0.0,13762465.842796471
2026-07-12,11796397.188029027,-4587862.207139703,32286069.241056066,3170536.559059138,20737378.122807976,1847441.9997633863,1847441.9997633863,1847441.9997633863,2618809.3410410136,2618809.3410410136,2618809.3410410136,-771367.3412776275,-771367.3412776275,-771367.3412776275,0.0,0.0,0.0,13643839.187792413
2026-07-13,11790754.577351006,-11055432.729745438,27477877.985687677,3129116.4372645174,20761813.40289065,-3354903.6465932657,-3354903.6465932657,-3354903.6465932657,-2471823.0997961364,-2471823.0997961364,-2471823.0997961364,-883080.5467971292,-883080.5467971292,-883080.5467971292,0.0,0.0,0.0,8435850.93075774
2026-07-14,11785111.966672987,-10093787.980664393,25849930.290622696,3089737.493109898,20790776.399842136,-3747725.139806719,-3747725.139806719,-3747725.139806719,-2758137.7114915997,-2758137.7114915997,-2758137.7114915997,-989587.4283151194,-989587.4283151194,-989587.4283151194,0.0,0.0,0.0,8037386.826866267
2026-07-15,11779469.355994968,-7974588.229063059,29396281.30153462,3050358.54895528,20819129.251445416,-2161288.6920946967,-2161288.6920946967,-2161288.6920946967,-1074276.5511793778,-1074276.5511793778,-1074276.5511793778,-1087012.1409153189,-1087012.1409153189,-1087012.1409153189,0.0,0.0,0.0,9618180.663900271
2026-07-16,11773826.745316952,-6799348.859128608,30525118.224181265,3010979.604800665,20836280.576947533,-269681.60157871456,-269681.60157871456,-269681.60157871456,901994.0573754172,901994.0573754172,901994.0573754172,-1171675.6589541316,-1171675.6589541316,-1171675.6589541316,0.0,0.0,0.0,11504145.143738238
2026-07-17,11768184.134638932,-8569881.056660758,29401385.41312762,2971600.6606460456,20867596.170756407,-1075608.7656420374,-1075608.7656420374,-1075608.7656420374,164624.10669559945,164624.10669559945,164624.10669559945,-1240232.8723376368,-1240232.8723376368,-1240232.8723376368,0.0,0.0,0.0,10692575.368996894
2026-07-18,11762541.523960913,-5328336.944796926,33046953.798501987,2932221.7164914273,20895593.114407364,1329004.3380886824,1329004.3380886824,1329004.3380886824,2618809.8573513,2618809.8573513,2618809.8573513,-1289805.5192626175,-1289805.5192626175,-1289805.5192626175,0.0,0.0,0.0,13091545.862049595
2026-07-19,11756898.913282895,-5803848.995636361,31718723.303932212,2892842.7723368094,20921702.079980683,1300702.9979772074,1300702.9979772074,1300702.9979772074,2618809.3410357805,2618809.3410357805,2618809.3410357805,-1318106.3430585733,-1318106.3430585733,-1318106.3430585733,0.0,0.0,0.0,13057601.911260102
2026-07-20,11751256.302604876,-10751891.313591285,27502789.410680138,2854432.605902322,20948432.056806665,-3795373.0938390763,-3795373.0938390763,-3795373.0938390763,-2471823.099783199,-2471823.099783199,-2471823.099783199,-1323549.994055877,-1323549.994055877,-1323549.994055877,0.0,0.0,0.0,7955883.2087658
2026-07-21,11745613.691926857,-11489429.202950994,26348925.381978713,2816463.9824581845,20987693.653926324,-4063484.189651609,-4063484.189651609,-4063484.189651609,-2758137.7114911033,-2758137.7114911033,-2758137.7114911033,-1305346.4781605056,-1305346.4781605056,-1305346.4781605056,0.0,0.0,0.0,7682129.502275249
2026-07-22,11739971.081248837,-8543225.382042466,27184620.205276594,2778495.3590140473,21032882.537558813,-2337849.927120262,-2337849.927120262,-2337849.927120262,-1074276.5511772137,-1074276.5511772137,-1074276.5511772137,-1263573.3759430486,-1263573.3759430486,-1263573.3759430486,0.0,0.0,0.0,9402121.154128574
2026-07-23,11734328.470570821,-7813949.750135909,31389878.068544243,2740526.735569913,21076088.993407693,-297229.5518409347,-297229.5518409347,-297229.5518409347,901994.0573744656,901994.0573744656,901994.0573744656,-1199223.6092154002,-1199223.6092154002,-1199223.6092154002,0.0,0.0,0.0,11437098.918729886
2026-07-24,11728685.859892802,-7924242.632231232,29091653.479473073,2702417.739326821,21105500.69680742,-949602.0950468596,-949602.0950468596,-949602.0950468596,164624.1066935068,164624.1066935068,164624.1066935068,-1114226.2017403664,-1114226.2017403664,-1114226.2017403664,0.0,0.0,0.0,10779083.764845943
2026-07-25,11723043.249214783,-6096209.954998493,33043432.95707098,2664168.3702847757,21123741.07777151,1607371.6090922884,1607371.6090922884,1607371.6090922884,2618809.8573433096,2618809.8573433096,2618809.8573433096,-1011438.2482510216,-1011438.2482510216,-1011438.2482510216,0.0,0.0,0.0,13330414.858307071
2026-07-26,11717400.638536764,-6604698.3225633735,32146393.246997498,2625919.0012427317,21141981.4587356,1724202.191137689,1724202.191137689,1724202.191137689,2618809.3410305474,2618809.3410305474,2618809.3410305474,-894607.1498928587,-894607.1498928587,-894607.1498928587,0.0,0.0,0.0,13441602.829674453
2026-07-27,11711758.027858745,-10339678.03250525,27488413.200980466,2587669.632200686,21158943.557762895,-3240126.169649969,-3240126.169649969,-3240126.169649969,-2471823.099786805,-2471823.099786805,-2471823.099786805,-768303.0698631639,-768303.0698631639,-768303.0698631639,0.0,0.0,0.0,8471631.858208776
2026-07-28,11706115.417180726,-11684746.001543459,27681582.96950258,2550436.6236295463,21188672.068472408,-3395960.1956596095,-3395960.1956596095,-3395960.1956596095,-2758137.711488761,-2758137.711488761,-2758137.711488761,-637822.4841708485,-637822.4841708485,-637822.4841708485,0.0,0.0,0.0,8310155.221521117
2026-07-29,11700472.806502707,-8370232.054076856,29037762.845177226,2521927.1059324197,21217286.156249065,-1583341.172493117,-1583341.172493117,-1583341.172493117,-1074276.5511750493,-1074276.5511750493,-1074276.5511750493,-509064.6213180675,-509064.6213180675,-509064.6213180675,0.0,0.0,0.0,10117131.63400959
2026-07-30,11694830.19582469,-6236415.727655442,33584945.76159273,2507644.8893967285,21245130.968601175,513610.58398809755,513610.58398809755,513610.58398809755,901994.0573762096,901994.0573762096,901994.0573762096,-388383.4733881121,-388383.4733881121,-388383.4733881121,0.0,0.0,0.0,12208440.779812789
2026-07-31,11689187.585146671,-6869433.740018238,30175738.325764947,2493362.6728610327,21258113.335884236,-117794.78513946687,-117794.78513946687,-117794.78513946687,164624.1066952869,164624.1066952869,164624.1066952869,-282418.8918347538,-282418.8918347538,-282418.8918347538,0.0,0.0,0.0,11571392.800007204
2026-08-01,11683544.974468652,-4354789.078914748,32246583.69994946,2479080.456325338,21286113.344551556,2420898.8294228627,2420898.8294228627,2420898.8294228627,2618809.8573481753,2618809.8573481753,2618809.8573481753,-197911.02792531234,-197911.02792531234,-197911.02792531234,0.0,0.0,0.0,14104443.803891515
2026-08-02,11677902.363790635,-4103484.583592832,33014515.13335674,2464798.239789645,21314113.35321888,2477306.324987551,2477306.324987551,2477306.324987551,2618809.341029161,2618809.341029161,2618809.341029161,-141503.01604161016,-141503.01604161016,-141503.01604161016,0.0,0.0,0.0,14155208.688778186
2026-08-03,11672259.753112616,-10495566.356255317,29863515.300019957,2450516.0232539494,21342113.3618862,-2591360.4061937737,-2591360.4061937737,-2591360.4061937737,-2471823.0997904125,-2471823.0997904125,-2471823.0997904125,-119537.30640336151,-119537.30640336151,-119537.30640336151,0.0,0.0,0.0,9080899.346918842
2026-08-04,11666617.142434595,-10353469.917922009,27909542.147096485,2431393.6253491114,21370113.370553523,-2895989.125918349,-2895989.125918349,-2895989.125918349,-2758137.711488265,-2758137.711488265,-2758137.711488265,-137851.41443008409,-137851.41443008409,-137851.41443008409,0.0,0.0,0.0,8770628.016516246
2026-08-05,11660974.53175658,-7644948.71496495,30137788.79606665,2393407.1740850434,21398113.379220847,-1275855.6040767536,-1275855.6040767536,-1275855.6040767536,-1074276.5511835709,-1074276.5511835709,-1074276.5511835709,-201579.05289318284,-201579.05289318284,-201579.05289318284,0.0,0.0,0.0,10385118.927679826
2026-08-06,11655331.92107856,-6592845.98736375,31512006.24232499,2355238.7818310587,21426113.387888167,587031.4163541782,587031.4163541782,587031.4163541782,901994.0573779537,901994.0573779537,901994.0573779537,-314962.64102377533,-314962.64102377533,-314962.64102377533,0.0,0.0,0.0,12242363.337432738
2026-08-07,11649689.310400542,-7781415.804897084,30389593.721981388,2317070.3895770744,21454113.39655549,-316558.9307228427,-316558.9307228427,-316558.9307228427,164624.10669319396,164624.10669319396,164624.10669319396,-481183.03741603665,-481183.03741603665,-481183.03741603665,0.0,0.0,0.0,11333130.3796777
2026-08-08,11644046.699722521,-5754160.36948338,31867263.989108797,2280463.9096503453,21480702.62378142,1916597.8359456277,1916597.8359456277,1916597.8359456277,2618809.857344472,2618809.857344472,2618809.857344472,-702212.0213988443,-702212.0213988443,-702212.0213988443,0.0,0.0,0.0,13560644.53566815
2026-08-09,11638404.089044504,-5783880.245530606,33019825.87139716,2244539.953390378,21487130.907388125,1640116.784519084,1640116.784519084,1640116.784519084,2618809.3410277744,2618809.3410277744,2618809.3410277744,-978692.5565086904,-978692.5565086904,-978692.5565086904,0.0,0.0,0.0,13278520.873563588
2026-08-10,11632761.478366485,-11002287.106028244,27718881.302201886,2208615.997130409,21485678.392942056,-3781674.3202215796,-3781674.3202215796,-3781674.3202215796,-2471823.0997774745,-2471823.0997774745,-2471823.0997774745,-1309851.2204441053,-1309851.2204441053,-1309851.2204441053,0.0,0.0,0.0,7851087.158144905
2026-08-11,11627118.867688466,-11598164.009912735,26149988.952515543,2172692.04087044,21501356.079631988,-4451584.105545674,-4451584.105545674,-4451584.105545674,-2758137.711486846,-2758137.711486846,-2758137.711486846,-1693446.394058828,-1693446.394058828,-1693446.394058828,0.0,0.0,0.0,7175534.762142791
2026-08-12,11621476.257010449,-12594151.213427369,27815681.912100323,2136768.0846104743,21525041.99250949,-3200031.438726898,-3200031.438726898,-3200031.438726898,-1074276.5511823904,-1074276.5511823904,-1074276.5511823904,-2125754.8875445076,-2125754.8875445076,-2125754.8875445076,0.0,0.0,0.0,8421444.81828355
2026-08-13,11615833.64633243,-9486556.369008526,30208073.55069449,2100844.1283505056,21548727.905386984,-1699604.6114309574,-1699604.6114309574,-1699604.6114309574,901994.057377002,901994.057377002,901994.057377002,-2601598.6688079596,-2601598.6688079596,-2601598.6688079596,0.0,0.0,0.0,9916229.034901472
2026-08-14,11610191.03565441,-9898968.52645003,27474761.6146974,2064920.1720905362,21574153.6096253,-2949788.167596165,-2949788.167596165,-2949788.167596165,164624.10669497444,164624.10669497444,164624.10669497444,-3114412.274291139,-3114412.274291139,-3114412.274291139,0.0,0.0,0.0,8660402.868058246
2026-08-15,11604548.424976392,-7237222.86507308,30708442.574527662,2028996.2158305673,21601345.51002316,-1037540.4983533109,-1037540.4983533109,-1037540.4983533109,2618809.857349337,2618809.857349337,2618809.857349337,-3656350.355702648,-3656350.355702648,-3656350.355702648,0.0,0.0,0.0,10567007.92662308
2026-08-16,11598905.814298373,-9013509.753199622,29591585.346600957,1993072.2595706,21627719.243698772,-1599624.3375311387,-1599624.3375311387,-1599624.3375311387,2618809.341038847,2618809.341038847,2618809.341038847,-4218433.678569986,-4218433.678569986,-4218433.678569986,0.0,0.0,0.0,9999281.476767235
2026-08-17,11593263.203620354,-14989778.251705877,24494992.09914581,1967240.0198556744,21654480.707553674,-7262553.872213308,-7262553.872213308,-7262553.872213308,-2471823.0997810806,-2471823.0997810806,-2471823.0997810806,-4790730.772432227,-4790730.772432227,-4790730.772432227,0.0,0.0,0.0,4330709.331407046
2026-08-18,11587620.592942335,-14832050.075104117,22848668.99756435,1946530.6670733048,21682137.26967946,-8120709.081108929,-8120709.081108929,-8120709.081108929,-2758137.7114863493,-2758137.7114863493,-2758137.7114863493,-5362571.369622581,-5362571.369622581,-5362571.369622581,0.0,0.0,0.0,3466911.511833406
2026-08-19,11581977.98226432,-15487851.03260345,23413761.29957963,1928752.461612837,21699742.130874116,-6997063.342348939,-6997063.342348939,-6997063.342348939,-1074276.5511792426,-1074276.5511792426,-1074276.5511792426,-5922786.791169696,-5922786.791169696,-5922786.791169696,0.0,0.0,0.0,4584914.639915381
2026-08-20,11576335.3715863,-12968950.788312469,25207716.618696194,1910974.256152366,21706149.045256484,-5557977.515910778,-5557977.515910778,-5557977.515910778,901994.0573725207,901994.0573725207,901994.0573725207,-6459971.573283299,-6459971.573283299,-6459971.573283299,0.0,0.0,0.0,6018357.855675522
2026-08-21,11570692.76090828,-14128091.424477829,23720275.6319608,1898329.9636666884,21712555.95963885,-6798135.795878386,-6798135.795878386,-6798135.795878386,164624.10669180556,164624.10669180556,164624.10669180556,-6962759.902570192,-6962759.902570192,-6962759.902570192,0.0,0.0,0.0,4772556.965029893
2026-08-22,11565050.15023026,-11508314.340920405,26227990.135516822,1890220.4602299763,21717838.961703073,-4801300.007939929,-4801300.007939929,-4801300.007939929,2618809.8573499178,2618809.8573499178,2618809.8573499178,-7420109.865289846,-7420109.865289846,-7420109.865289846,0.0,0.0,0.0,6763750.142290331
2026-08-23,11559407.539552243,-11686056.010235181,26636906.824294202,1882110.9567932659,21725296.97836598,-5202778.7931598,-5202778.7931598,-5202778.7931598,2618809.3410336133,2618809.3410336133,2618809.3410336133,-7821588.134193414,-7821588.134193414,-7821588.134193414,0.0,0.0,0.0,6356628.746392444
2026-08-24,11553764.928874224,-18722091.687408473,21508626.462129705,1874001.4533565524,21756003.49920135,-10629470.629298922,-10629470.629298922,-10629470.629298922,-2471823.0997820403,-2471823.0997820403,-2471823.0997820403,-8157647.52951688,-8157647.52951688,-8157647.52951688,0.0,0.0,0.0,924294.2995753027
2026-08-25,11548122.318196205,-18064367.721845858,18283268.877153516,1817984.3675160692,21786710.020036716,-11178027.61849679,-11178027.61849679,-11178027.61849679,-2758137.7114849305,-2758137.7114849305,-2758137.7114849305,-8419889.907011861,-8419889.907011861,-8419889.907011861,0.0,0.0,0.0,370094.6996994149
2026-08-26,11542479.707518188,-17363378.23091609,21621072.170003507,1793459.3180644072,21816993.133009117,-9675583.599676676,-9675583.599676676,-9675583.599676676,-1074276.5511780616,-1074276.5511780616,-1074276.5511780616,-8601307.048498612,-8601307.048498612,-8601307.048498612,0.0,0.0,0.0,1866896.1078415122
2026-08-27,11536837.09684017,-15738984.320701718,24229272.310991082,1743571.4667481105,21826225.131214123,-7794498.599196515,-7794498.599196515,-7794498.599196515,901994.0573742646,901994.0573742646,901994.0573742646,-8696492.65657078,-8696492.65657078,-8696492.65657078,0.0,0.0,0.0,3742338.4976436542
2026-08-28,11531194.48616215,-15295375.0032101,22718741.494099453,1668563.2494592217,21835457.129419137,-8537195.06968439,-8537195.06968439,-8537195.06968439,164624.10669358567,164624.10669358567,164624.10669358567,-8701819.176377974,-8701819.176377974,-8701819.176377974,0.0,0.0,0.0,2993999.4164777603
2026-08-29,11525551.875484131,-14581852.33769315,25030684.934423298,1593555.032170333,21844689.127624143,-5996764.112542342,-5996764.112542342,-5996764.112542342,2618809.857354783,2618809.857354783,2618809.857354783,-8615573.969897125,-8615573.969897125,-8615573.969897125,0.0,0.0,0.0,5528787.762941789
2026-08-30,11519909.264806112,-13420039.277097357,25593246.913562845,1518546.814881446,21853921.125829156,-5819240.991770258,-5819240.991770258,-5819240.991770258,2618809.3410360734,2618809.3410360734,2618809.3410360734,-8438050.332806332,-8438050.332806332,-8438050.332806332,0.0,0.0,0.0,5700668.273035854
2026-08-31,11514266.654128093,-17857588.876765683,20082443.728785623,1445169.5881940306,21863153.124034166,-10643413.046892408,-10643413.046892408,-10643413.046892408,-2471823.0997882937,-2471823.0997882937,-2471823.0997882937,-8171589.947104114,-8171589.947104114,-8171589.947104114,0.0,0.0,0.0,870853.607235685
2026-09-01,11508624.043450074,-18591050.832733896,20785263.261697404,1388243.6148088137,21872385.122239176,-10578712.287623715,-10578712.287623715,-10578712.287623715,-2758137.71149017,-2758137.71149017,-2758137.71149017,-7820574.576133543,-7820574.576133543,-7820574.576133543,0.0,0.0,0.0,929911.7558263596
2026-09-02,11502981.432772057,-15625037.343509138,22649944.925914366,1348005.6056882066,21881617.12044419,-8465642.65262231,-8465642.65262231,-8465642.65262231,-1074276.551175898,-1074276.551175898,-1074276.551175898,-7391366.101446412,-7391366.101446412,-7391366.101446412,0.0,0.0,0.0,3037338.7801497467
2026-09-03,11497338.822094038,-14427440.465732727,25503960.95651731,1307767.5965675963,21890849.118649203,-5990201.281840051,-5990201.281840051,-5990201.281840051,901994.0573760085,901994.0573760085,901994.0573760085,-6892195.339216059,-6892195.339216059,-6892195.339216059,0.0,0.0,0.0,5507137.540253988
2026-09-04,11491696.21141602,-13909777.8952004,26008553.20737543,1269005.1404676612,21900081.116854213,-6168377.315501383,-6168377.315501383,-6168377.315501383,164624.10669149266,164624.10669149266,164624.10669149266,-6333001.422192874,-6333001.422192874,-6333001.422192874,0.0,0.0,0.0,5323318.895914637
2026-09-05,11486053.600738002,-10974178.261786403,27495299.794400264,1232249.9022067075,21907567.983512748,-3106414.9982155417,-3106414.9982155417,-3106414.9982155417,2618809.857355364,2618809.857355364,2618809.857355364,-5725224.855570906,-5725224.855570906,-5725224.855570906,0.0,0.0,0.0,8379638.602522461
2026-09-06,11480410.990059983,-9428723.244907489,28183143.569530357,1195494.6639457524,21926437.7927499,-2462749.274613108,-2462749.274613108,-2462749.274613108,2618809.341043299,2618809.341043299,2618809.341043299,-5081558.615656408,-5081558.615656408,-5081558.615656408,0.0,0.0,0.0,9017661.715446874
2026-09-07,11474768.379381962,-15551670.233905505,24689493.892762676,1158963.4237890525,21964422.008832145,-6887485.924400367,-6887485.924400367,-6887485.924400367,-2471823.0997892534,-2471823.0997892534,-2471823.0997892534,-4415662.8246111125,-4415662.8246111125,-4415662.8246111125,0.0,0.0,0.0,4587282.454981595
2026-09-08,11469125.768703943,-14449541.798664609,22892356.686219726,1122679.5693215232,22003004.28139501,-6499987.281919095,-6499987.281919095,-6499987.281919095,-2758137.711488751,-2758137.711488751,-2758137.711488751,-3741849.5704303435,-3741849.5704303435,-3741849.5704303435,0.0,0.0,0.0,4969138.486784848
2026-09-09,11463483.158025928,-11081866.531425657,27831746.714386746,1086745.5645314748,22042184.610438507,-4149021.8708315324,-4149021.8708315324,-4149021.8708315324,-1074276.5511747173,-1074276.5511747173,-1074276.5511747173,-3074745.3196568154,-3074745.3196568154,-3074745.3196568154,0.0,0.0,0.0,7314461.287194395
2026-09-10,11457840.547347909,-8969933.118918207,29153305.05129398,1048473.7109019344,22081364.939482,-1526945.0086953628,-1526945.0086953628,-1526945.0086953628,901994.057375057,901994.057375057,901994.057375057,-2428939.0660704197,-2428939.0660704197,-2428939.0660704197,0.0,0.0,0.0,9930895.538652547
2026-09-11,11452197.936669888,-9369086.427348763,30297875.45866486,1019544.1968565442,22120134.428214453,-1654000.7444703782,-1654000.7444703782,-1654000.7444703782,164624.10669714684,164624.10669714684,164624.10669714684,-1818624.851167525,-1818624.851167525,-1818624.851167525,0.0,0.0,0.0,9798197.19219951
2026-09-12,11446555.32599187,-6295063.522135208,33437101.21020777,991193.9586290602,22158553.065334745,1361562.2908235006,1361562.2908235006,1361562.2908235006,2618809.857347375,2618809.857347375,2618809.857347375,-1257247.5665238742,-1257247.5665238742,-1257247.5665238742,0.0,0.0,0.0,12808117.616815371
2026-09-13,11440912.715313852,-6180058.658903068,33211793.49516094,962843.7204015746,22196971.702455033,1861648.3465041206,1861648.3465041206,1861648.3465041206,2618809.3410457596,2618809.3410457596,2618809.3410457596,-757160.9945416389,-757160.9945416389,-757160.9945416389,0.0,0.0,0.0,13302561.061817972
2026-09-14,11435270.104635833,-10171521.36590451,29379085.988387518,934493.4821740891,22235390.33957532,-2801129.959066862,-2801129.959066862,-2801129.959066862,-2471823.0997902127,-2471823.0997902127,-2471823.0997902127,-329306.85927664884,-329306.85927664884,-329306.85927664884,0.0,0.0,0.0,8634140.14556897
2026-09-15,11429627.493957814,-10079162.228461526,28633606.9689494,906143.2439466034,22273808.976695612,-2741060.9568698946,-2741060.9568698946,-2741060.9568698946,-2758137.7114882553,-2758137.7114882553,-2758137.7114882553,17076.754618360952,17076.754618360952,17076.754618360952,0.0,0.0,0.0,8688566.53708792
2026-09-16,11423984.883279797,-8976688.012800775,30674303.624921646,877793.0057191211,22312227.613815904,-799566.6608629348,-799566.6608629348,-799566.6608629348,-1074276.5511822554,-1074276.5511822554,-1074276.5511822554,274709.89031932066,274709.89031932066,274709.89031932066,0.0,0.0,0.0,10624418.222416863
2026-09-17,11418342.272601778,-5679154.746572565,32925461.356442038,849442.7674916354,22350646.25093619,1340475.2864708663,1340475.2864708663,1340475.2864708663,901994.0573786623,901994.0573786623,901994.0573786623,438481.22909220395,438481.22909220395,438481.22909220395,0.0,0.0,0.0,12758817.559072644
2026-09-18,11412699.661923759,-6460866.657891069,32564380.327020142,821092.5292641498,22379975.021377902,670232.8677130811,670232.8677130811,670232.8677130811,164624.10669505378,164624.10669505378,164624.10669505378,505608.7610180272,505608.7610180272,505608.7610180272,0.0,0.0,0.0,12082932.52963684
2026-09-19,11407057.051245742,-4707111.7747051865,35034918.34462618,792742.2910366658,22400190.561349265,3094555.7964757797,3094555.7964757797,3094555.7964757797,2618809.8573479555,2618809.8573479555,2618809.8573479555,475745.93912782427,475745.93912782427,475745.93912782427,0.0,0.0,0.0,14501612.84772152
2026-09-20,11401414.44056772,-5496000.104328539,34000687.659252375,766162.7326394989,22421238.001931634,2969839.295731466,2969839.295731466,2969839.295731466,2618809.341040526,2618809.341040526,2618809.341040526,351029.95469093963,351029.95469093963,351029.95469093963,0.0,0.0,0.0,14371253.736299187
2026-09-21,11395771.829889702,-11687255.2574453,28742497.55824367,741459.6366216757,22473136.838285815,-2335752.916101701,-2335752.916101701,-2335752.916101701,-2471823.0997938197,-2471823.0997938197,-2471823.0997938197,136070.18369211815,136070.18369211815,136070.18369211815,0.0,0.0,0.0,9060018.913788
2026-09-22,11390129.219211683,-12368534.293287765,28741164.886655822,716756.5406038525,22509998.804006927,-2920261.3831250975,-2920261.3831250975,-2920261.3831250975,-2758137.7114859126,-2758137.7114859126,-2758137.7114859126,-162123.67163918473,-162123.67163918473,-162123.67163918473,0.0,0.0,0.0,8469867.836086586
2026-09-23,11384486.608533667,-10484630.734488975,28890019.027854037,692053.4445860324,22525923.317166362,-1608549.275723357,-1608549.275723357,-1608549.275723357,-1074276.5511800912,-1074276.5511800912,-1074276.5511800912,-534272.724543266,-534272.724543266,-534272.724543266,0.0,0.0,0.0,9775937.33281031
2026-09-24,11378843.997855647,-7756647.515670751,30502658.418941505,681133.6132692465,22540580.160297845,-67022.76637038564,-67022.76637038564,-67022.76637038564,901994.0573750151,901994.0573750151,901994.0573750151,-969016.8237454009,-969016.8237454009,-969016.8237454009,0.0,0.0,0.0,11311821.23148526
2026-09-25,11373201.387177628,-9016985.190327406,31124137.306547508,677202.6548952456,22555237.00342933,-1288531.2093902957,-1288531.2093902957,-1288531.2093902957,164624.10669296078,164624.10669296078,164624.10669296078,-1453155.3160832564,-1453155.3160832564,-1453155.3160832564,0.0,0.0,0.0,10084670.177787332
2026-09-26,11367558.77649961,-8337690.152715171,32512222.07693744,673271.6965212448,22584379.676277064,646874.4822294342,646874.4822294342,646874.4822294342,2618809.8573528207,2618809.8573528207,2618809.8573528207,-1971935.3751233865,-1971935.3751233865,-1971935.3751233865,0.0,0.0,0.0,12014433.258729044
2026-09-27,11361916.165821591,-6990893.683724624,31596174.811671034,658855.1061204899,22634548.377537213,109427.93857925718,109427.93857925718,109427.93857925718,2618809.34103914,2618809.34103914,2618809.34103914,-2509381.4024598827,-2509381.4024598827,-2509381.4024598827,0.0,0.0,0.0,11471344.104400849
2026-09-28,11356273.555143572,-14419114.605868958,26886922.255878277,598157.5298832823,22684717.07879736,-5520481.0474405475,-5520481.0474405475,-5520481.0474405475,-2471823.0997782345,-2471823.0997782345,-2471823.0997782345,-3048657.9476623125,-3048657.9476623125,-3048657.9476623125,0.0,0.0,0.0,5835792.507703025
2026-09-29,11350630.944465552,-14166447.178860903,25875803.02340698,537459.9536460731,22719337.014170904,-6330595.427194129,-6330595.427194129,-6330595.427194129,-2758137.7114854166,-2758137.7114854166,-2758137.7114854166,-3572457.715708712,-3572457.715708712,-3572457.715708712,0.0,0.0,0.0,5020035.517271423
2026-09-30,11344988.333787536,-14904308.894712707,26641139.391494833,499044.4962816729,22747628.711697385,-5137682.111203349,-5137682.111203349,-5137682.111203349,-1074276.5511779266,-1074276.5511779266,-1074276.5511779266,-4063405.5600254224,-4063405.5600254224,-4063405.5600254224,0.0,0.0,0.0,6207306.222584187
2026-10-01,11339345.723109517,-11941657.975237202,27135465.145652138,470289.79166209244,22775920.409223862,-3602474.8552415785,-3602474.8552415785,-3602474.8552415785,901994.0573767591,901994.0573767591,901994.0573767591,-4504468.912618337,-4504468.912618337,-4504468.912618337,0.0,0.0,0.0,7736870.867867939
2026-10-02,11333703.112431498,-12586375.635443678,26579972.854090057,443781.65115970996,22804212.10675034,-4714740.7851945795,-4714740.7851945795,-4714740.7851945795,164624.10669474144,164624.10669474144,164624.10669474144,-4879364.891889322,-4879364.891889322,-4879364.891889322,0.0,0.0,0.0,6618962.327236919
2026-10-03,11328060.50175348,-10654516.855676956,28071462.24114818,417273.51065732905,22832503.80427682,-2554144.502232243,-2554144.502232243,-2554144.502232243,2618809.8573405473,2618809.8573405473,2618809.8573405473,-5172954.35957279,-5172954.35957279,-5172954.35957279,0.0,0.0,0.0,8773915.999521237
2026-10-04,11322417.89107546,-11127259.32029672,28178366.761292394,390765.37015494664,22890148.535739385,-2752804.128857539,-2752804.128857539,-2752804.128857539,2618809.341037753,2618809.341037753,2618809.341037753,-5371613.469895292,-5371613.469895292,-5371613.469895292,0.0,0.0,0.0,8569613.76221792
2026-10-05,11316775.280397441,-16832568.645425614,24140779.819048062,364257.22965256416,22959363.961043593,-7935396.860097592,-7935396.860097592,-7935396.860097592,-2471823.099784489,-2471823.099784489,-2471823.099784489,-5463573.760313104,-5463573.760313104,-5463573.760313104,0.0,0.0,0.0,3381378.4202998495
2026-10-06,11311132.669719422,-17339315.487716038,23499503.128394425,335050.6787654488,23028579.386347804,-8197360.2723749075,-8197360.2723749075,-8197360.2723749075,-2758137.7114849207,-2758137.7114849207,-2758137.7114849207,-5439222.560889987,-5439222.560889987,-5439222.560889987,0.0,0.0,0.0,3113772.3973445147
2026-10-07,11305490.059041405,-15068934.379146812,26467389.420292813,308511.821527055,23096564.102802813,-6365632.981509928,-6365632.981509928,-6365632.981509928,-1074276.5511767464,-1074276.5511767464,-1074276.5511767464,-5291356.430333181,-5291356.430333181,-5291356.430333181,0.0,0.0,0.0,4939857.077531477
2026-10-08,11299847.448363386,-13626911.142434135,27016381.316749882,279426.0304315979,23162155.682078287,-4113387.3800089797,-4113387.3800089797,-4113387.3800089797,901994.0573758077,901994.0573758077,901994.0573758077,-5015381.437384787,-5015381.437384787,-5015381.437384787,0.0,0.0,0.0,7186460.068354406
2026-10-09,11294204.837685367,-13529282.113750137,27523440.039823826,250340.23933614066,23184741.907727584,-4444831.261705147,-4444831.261705147,-4444831.261705147,164624.10668769834,164624.10668769834,164624.10668769834,-4609455.368392846,-4609455.368392846,-4609455.368392846,0.0,0.0,0.0,6849373.57598022
2026-10-10,11288562.22700735,-9740330.51512283,29812527.766089283,221254.44824068522,23200227.532352738,-1455758.4663152676,-1455758.4663152676,-1455758.4663152676,2618809.857345412,2618809.857345412,2618809.857345412,-4074568.3236606796,-4074568.3236606796,-4074568.3236606796,0.0,0.0,0.0,9832803.760692082
2026-10-11,11282919.616329331,-8057967.481225307,31556203.920585316,185396.78404927382,23215713.156977892,-795750.2906859397,-795750.2906859397,-795750.2906859397,2618809.3410363663,2618809.3410363663,2618809.3410363663,-3414559.631722306,-3414559.631722306,-3414559.631722306,0.0,0.0,0.0,10487169.32564339
2026-10-12,11277277.00565131,-13921128.715562668,26599809.747748703,146822.9703136642,23231198.781603042,-5107893.624950543,-5107893.624950543,-5107893.624950543,-2471823.0997854485,-2471823.0997854485,-2471823.0997854485,-2636070.5251650955,-2636070.5251650955,-2636070.5251650955,0.0,0.0,0.0,6169383.380700767
2026-10-13,11271634.394973295,-12004667.461411731,26543154.946330637,109404.85388195621,23247751.44351127,-4506571.257488303,-4506571.257488303,-4506571.257488303,-2758137.7114892364,-2758137.7114892364,-2758137.7114892364,-1748433.545999066,-1748433.545999066,-1748433.545999066,0.0,0.0,0.0,6765063.137484992
2026-10-14,11265991.784295276,-11106109.334136635,28607407.21988342,71986.73745024514,23267900.21283734,-1837777.6961169136,-1837777.6961169136,-1837777.6961169136,-1074276.5511852682,-1074276.5511852682,-1074276.5511852682,-763501.1449316455,-763501.1449316455,-763501.1449316455,0.0,0.0,0.0,9428214.088178363
2026-10-15,11260349.173617257,-7535575.7866620775,32498908.550454065,34283.17023219377,23288048.982163396,1206576.687077699,1206576.687077699,1206576.687077699,901994.057374856,901994.057374856,901994.057374856,304582.629702843,304582.629702843,304582.629702843,0.0,0.0,0.0,12466925.860694956
2026-10-16,11254706.562939236,-7297322.205497315,33459029.814825933,9449.951725324268,23305596.96150735,1604286.2334503764,1604286.2334503764,1604286.2334503764,164624.10669335249,164624.10669335249,164624.10669335249,1439662.126757024,1439662.126757024,1439662.126757024,0.0,0.0,0.0,12858992.796389613
2026-10-17,11249063.952261219,-2592667.3482676186,36915643.23379738,-14486.423492884735,23320167.560733713,5242705.203095919,5242705.203095919,5242705.203095919,2618809.8573417086,2618809.8573417086,2618809.8573417086,2623895.3457542113,2623895.3457542113,2623895.3457542113,0.0,0.0,0.0,16491769.155357137
2026-10-18,11243421.3415832,-3224378.19996989,36937958.61881539,-38082.44063521181,23334738.159960084,6456926.328250877,6456926.328250877,6456926.328250877,2618809.3410311327,2618809.3410311327,2618809.3410311327,3838116.9872197434,3838116.9872197434,3838116.9872197434,0.0,0.0,0.0,17700347.669834077
2026-10-19,11237778.73090518,-6614150.287799419,34367683.71189678,-61247.85819620378,23349067.15277229,2590407.887312159,2590407.887312159,2590407.887312159,-2471823.099789054,-2471823.099789054,-2471823.099789054,5062230.987101213,5062230.987101213,5062230.987101213,0.0,0.0,0.0,13828186.61821734
2026-10-20,11232136.120227164,-5538379.12495622,36306879.049788326,-84413.27575719397,23359696.371604394,3517485.8657526155,3517485.8657526155,3517485.8657526155,-2758137.7114887405,-2758137.7114887405,-2758137.7114887405,6275623.577241356,6275623.577241356,6275623.577241356,0.0,0.0,0.0,14749621.985979779
2026-10-21,11226493.509549145,-1494175.4011636558,36007585.0626067,-107578.69331818595,23357459.142811276,6383310.937036683,6383310.937036683,6383310.937036683,-1074276.5511840875,-1074276.5511840875,-1074276.5511840875,7457587.48822077,7457587.48822077,7457587.48822077,0.0,0.0,0.0,17609804.446585827
2026-10-22,11220850.898871126,218558.9114727892,39486633.214200035,-138046.42902888914,23355221.914018154,9489741.77085533,9489741.77085533,9489741.77085533,901994.0573739043,901994.0573739043,901994.0573739043,8587747.713481424,8587747.713481424,8587747.713481424,0.0,0.0,0.0,20710592.669726454
2026-10-23,11215208.288193107,344224.32132377656,41438185.51283672,-168956.05664945106,23352984.68522504,9811103.39395164,9811103.39395164,9811103.39395164,164624.10669125943,164624.10669125943,164624.10669125943,9646479.28726038,9646479.28726038,9646479.28726038,0.0,0.0,0.0,21026311.682144746
2026-10-24,11209565.677515088,5248500.044566928,45409664.10790979,-215114.34706466866,23363498.06426677,13234117.647247914,13234117.647247914,13234117.647247914,2618809.857346574,2618809.857346574,2618809.857346574,10615307.78990134,10615307.78990134,10615307.78990134,0.0,0.0,0.0,24443683.324763
2026-10-25,11203923.066837069,4452349.174606778,45163634.62111239,-277411.3723155122,23388112.225450255,14096093.115164643,14096093.115164643,14096093.115164643,2618809.3410422057,2618809.3410422057,2618809.3410422057,11477283.77412244,11477283.77412244,11477283.77412244,0.0,0.0,0.0,25300016.18200171
2026-10-26,11198280.45615905,1024141.4070016241,40555625.73129721,-347148.2664519837,23412726.386633743,9745499.890321428,9745499.890321428,9745499.890321428,-2471823.0997926616,-2471823.0997926616,-2471823.0997926616,12217322.99011409,12217322.99011409,12217322.99011409,0.0,0.0,0.0,20943780.346480478
2026-10-27,11192637.845481034,945361.005991711,42565155.76076405,-417481.331293579,23437340.547817234,10064367.445329929,10064367.445329929,10064367.445329929,-2758137.7114863982,-2758137.7114863982,-2758137.7114863982,12822505.156816326,12822505.156816326,12822505.156816326,0.0,0.0,0.0,21257005.290810965
2026-10-28,11186995.234803014,3159271.384120757,44310713.57798187,-483804.92825712694,23461954.709000718,12208048.506419005,12208048.506419005,12208048.506419005,-1074276.5511809392,-1074276.5511809392,-1074276.5511809392,13282325.057599945,13282325.057599945,13282325.057599945,0.0,0.0,0.0,23395043.741222017
2026-10-29,11181352.624124995,5010511.0613577645,45473019.47894362,-530488.5564460618,23486568.870184205,14490884.960730046,14490884.960730046,14490884.960730046,901994.0573756482,901994.0573756482,901994.0573756482,13588890.903354399,13588890.903354399,13588890.903354399,0.0,0.0,0.0,25672237.584855042
2026-10-30,11175710.013446975,3566896.2079163142,44982174.18329521,-596173.4813393278,23511183.031367693,13901690.281144625,13901690.281144625,13901690.281144625,164624.10669196368,164624.10669196368,164624.10669196368,13737066.17445266,13737066.17445266,13737066.17445266,0.0,0.0,0.0,25077400.2945916
2026-10-31,11170067.402768958,6998399.028916021,49227410.581469275,-661858.4062325906,23535797.19255118,16343362.349733438,16343362.349733438,16343362.349733438,2618809.8573514386,2618809.8573514386,2618809.8573514386,13724552.492382001,13724552.492382001,13724552.492382001,0.0,0.0,0.0,27513429.752502397
2026-11-01,11164424.79209094,6959794.196541834,47713945.06562172,-724853.5310078427,23557487.81235229,16170721.78946871,16170721.78946871,16170721.78946871,2618809.3410369726,2618809.3410369726,2618809.3410369726,13551912.448431738,13551912.448431738,13551912.448431738,0.0,0.0,0.0,27335146.58155965
2026-11-02,11158782.181412918,629322.2860507385,44278587.45548654,-781075.5841991779,23581649.462253083,10750709.596605593,10750709.596605593,10750709.596605593,-2471823.0997962677,-2471823.0997962677,-2471823.0997962677,13222532.696401862,13222532.696401862,13222532.696401862,0.0,0.0,0.0,21909491.77801851
2026-11-03,11153139.570734903,1164686.3541302255,42432408.18631076,-787922.0838096938,23613998.99057318,9984391.253694426,9984391.253694426,9984391.253694426,-2758137.711485903,-2758137.711485903,-2758137.711485903,12742528.965180328,12742528.965180328,12742528.965180328,0.0,0.0,0.0,21137530.82442933
2026-11-04,11147496.960056884,2142304.1606449913,43638899.85931882,-776558.6779504896,23638454.81765133,11046319.381840095,11046319.381840095,11046319.381840095,-1074276.5511797592,-1074276.5511797592,-1074276.5511797592,12120595.933019854,12120595.933019854,12120595.933019854,0.0,0.0,0.0,22193816.34189698
2026-11-05,11141854.349378865,3188998.0114104697,43486596.736174874,-807149.7534613162,23662155.12539306,12269800.15564252,12269800.15564252,12269800.15564252,901994.0573765581,901994.0573765581,901994.0573765581,11367806.09826596,11367806.09826596,11367806.09826596,0.0,0.0,0.0,23411654.505021386
2026-11-06,11136211.738700844,1120566.0367559423,42964009.90747889,-845428.5420896293,23678497.287095092,10661986.960710652,10661986.960710652,10661986.960710652,164624.10668987074,164624.10668987074,164624.10668987074,10497362.85402078,10497362.85402078,10497362.85402078,0.0,0.0,0.0,21798198.699411497
2026-11-07,11130569.128022827,1839167.624615701,44949336.37898092,-883707.3307179408,23695535.74327391,12143123.760605492,12143123.760605492,12143123.760605492,2618809.857347735,2618809.857347735,2618809.857347735,9524313.903257757,9524313.903257757,9524313.903257757,0.0,0.0,0.0,23273692.88862832
2026-11-08,11124926.517344808,2282846.171245231,43473468.20239013,-921986.1193462542,23712574.199452724,11084041.257696738,11084041.257696738,11084041.257696738,2618809.341039432,2618809.341039432,2618809.341039432,8465231.916657304,8465231.916657304,8465231.916657304,0.0,0.0,0.0,22208967.775041547
2026-11-09,11119283.90666679,-4046527.66034511,36511968.22718576,-951125.2798497307,23729612.65563154,4866046.823351859,4866046.823351859,4866046.823351859,-2471823.0997972274,-2471823.0997972274,-2471823.0997972274,7337869.923149087,7337869.923149087,7337869.923149087,0.0,0.0,0.0,15985330.73001865
2026-11-10,11113641.295988772,-5619176.772824879,35032718.08539212,-974683.9418642212,23746651.11181036,3402661.6110926587,3402661.6110926587,3402661.6110926587,-2758137.7114911415,-2758137.7114911415,-2758137.7114911415,6160799.3225838,6160799.3225838,6160799.3225838,0.0,0.0,0.0,14516302.90708143
2026-11-11,11107998.685310753,-6928905.584287553,35273125.46988719,-996027.9127169243,23763689.567989174,3878762.06494243,3878762.06494243,3878762.06494243,-1074276.5511785788,-1074276.5511785788,-1074276.5511785788,4953038.616121008,4953038.616121008,4953038.616121008,0.0,0.0,0.0,14986760.750253182
2026-11-12,11102356.074632734,-5520797.330405071,36032250.30229654,-1017371.8835696273,23780728.02416799,4635675.020079051,4635675.020079051,4635675.020079051,901994.057378302,901994.057378302,901994.057378302,3733680.962700749,3733680.962700749,3733680.962700749,0.0,0.0,0.0,15738031.094711784
2026-11-13,11096713.463954717,-7890389.441724103,34400031.522138655,-1038715.8544223288,23835156.995959636,2686152.6006451985,2686152.6006451985,2686152.6006451985,164624.1066916513,164624.1066916513,164624.1066916513,2521528.493953547,2521528.493953547,2521528.493953547,0.0,0.0,0.0,13782866.064599916
2026-11-14,11091070.853276698,-5965398.270808141,35552489.90335221,-1067195.5952811437,23903880.90603216,3953550.8221817617,3953550.8221817617,3953550.8221817617,2618809.8573526004,2618809.8573526004,2618809.8573526004,1334740.964829162,1334740.964829162,1334740.964829162,0.0,0.0,0.0,15044621.67545846
2026-11-15,11085428.242598677,-7421659.910973446,35471959.59158828,-1119037.1197158026,23968073.728379,2809315.1374535374,2809315.1374535374,2809315.1374535374,2618809.3410341996,2618809.3410341996,2618809.3410341996,190505.79641933803,190505.79641933803,190505.79641933803,0.0,0.0,0.0,13894743.380052214
2026-11-16,11079785.631920658,-13242602.342173481,29789432.950735033,-1168710.0650882586,23984159.304383766,-3367087.201180236,-3367087.201180236,-3367087.201180236,-2471823.0997869363,-2471823.0997869363,-2471823.0997869363,-895264.1013932992,-895264.1013932992,-895264.1013932992,0.0,0.0,0.0,7712698.430740422
2026-11-17,11074143.021242643,-13322697.023592852,25561241.958346188,-1203104.744531181,24000069.96683002,-4666336.847623059,-4666336.847623059,-4666336.847623059,-2758137.7114906455,-2758137.7114906455,-2758137.7114906455,-1908199.136132413,-1908199.136132413,-1908199.136132413,0.0,0.0,0.0,6407806.173619584
2026-11-18,11068500.410564624,-13635439.150637368,28797986.953446247,-1263693.510767168,24015805.71571776,-3909980.3279201277,-3909980.3279201277,-3909980.3279201277,-1074276.5511754304,-1074276.5511754304,-1074276.5511754304,-2835703.776744697,-2835703.776744697,-2835703.776744697,0.0,0.0,0.0,7158520.082644496
2026-11-19,11062857.799886603,-13262787.51676368,28835205.139733605,-1303866.7117798808,24044669.63572221,-2765151.4664668175,-2765151.4664668175,-2765151.4664668175,901994.0573746549,901994.0573746549,901994.0573746549,-3667145.5238414723,-3667145.5238414723,-3667145.5238414723,0.0,0.0,0.0,8297706.333419785
2026-11-20,11057215.189208586,-14343133.35325351,26888439.122012645,-1321913.6125370308,24068196.676350616,-4229375.319542322,-4229375.319542322,-4229375.319542322,164624.10669343188,164624.10669343188,164624.10669343188,-4393999.426235754,-4393999.426235754,-4393999.426235754,0.0,0.0,0.0,6827839.869666263
2026-11-21,11051572.578530567,-13045151.16745321,30483819.59728316,-1313260.676470752,24089593.943139248,-2391136.664090314,-2391136.664090314,-2391136.664090314,2618809.857344612,2618809.857344612,2618809.857344612,-5009946.5214349255,-5009946.5214349255,-5009946.5214349255,0.0,0.0,0.0,8660435.914440252
2026-11-22,11045929.967852548,-12266379.546252012,28323490.052505493,-1300277.92356154,24110991.209927883,-2892116.293274977,-2892116.293274977,-2892116.293274977,2618809.3410289665,2618809.3410289665,2618809.3410289665,-5510925.634303943,-5510925.634303943,-5510925.634303943,0.0,0.0,0.0,8153813.674577571
2026-11-23,11040287.357174529,-17317947.437144674,24571057.077296674,-1287295.1706523292,24132388.476716515,-8366962.098060024,-8366962.098060024,-8366962.098060024,-2471823.099787896,-2471823.099787896,-2471823.099787896,-5895138.998272128,-5895138.998272128,-5895138.998272128,0.0,0.0,0.0,2673325.259114505
2026-11-24,11034644.746496512,-19948768.663111065,24741317.22693918,-1274312.417743114,24153785.743505146,-8921150.854688345,-8921150.854688345,-8921150.854688345,-2758137.7114892267,-2758137.7114892267,-2758137.7114892267,-6163013.143199118,-6163013.143199118,-6163013.143199118,0.0,0.0,0.0,2113493.891808167
2026-11-25,11029002.135818493,-17045279.58855181,26526526.620895486,-1281823.54838384,24175183.010293778,-7391393.952715316,-7391393.952715316,-7391393.952715316,-1074276.5511742502,-1074276.5511742502,-1074276.5511742502,-6317117.401541065,-6317117.401541065,-6317117.401541065,0.0,0.0,0.0,3637608.1831031768
2026-11-26,11023359.525140474,-14960002.45161945,27264952.811146293,-1355266.1923489312,24171593.710528195,-5460049.143540979,-5460049.143540979,-5460049.143540979,901994.0573755646,901994.0573755646,901994.0573755646,-6362043.200916544,-6362043.200916544,-6362043.200916544,0.0,0.0,0.0,5563310.381599494
2026-11-27,11017716.914462455,-17182271.29381504,25006870.327601627,-1432730.181979502,24159712.535147745,-6139623.913719917,-6139623.913719917,-6139623.913719917,164624.1066952124,164624.1066952124,164624.1066952124,-6304248.02041513,-6304248.02041513,-6304248.02041513,0.0,0.0,0.0,4878093.000742538
2026-11-28,11012074.303784436,-12144599.693500128,29000499.15175309,-1481709.6685363064,24147831.359767295,-3533058.620487279,-3533058.620487279,-3533058.620487279,2618809.857349477,2618809.857349477,2618809.857349477,-6151868.477836756,-6151868.477836756,-6151868.477836756,0.0,0.0,0.0,7479015.683297157
2026-11-29,11006431.693106417,-12883573.492572578,29969891.658069186,-1507736.414075307,24166622.03945703,-3295698.1354774022,-3295698.1354774022,-3295698.1354774022,2618809.341031426,2618809.341031426,2618809.341031426,-5914507.476508828,-5914507.476508828,-5914507.476508828,0.0,0.0,0.0,7710733.557629014
2026-11-30,11000789.082428398,-17233168.309156686,25351035.07356484,-1533763.159614308,24203137.605560206,-8074823.768170816,-8074823.768170816,-8074823.768170816,-2471823.09979415,-2471823.09979415,-2471823.09979415,-5603000.668376666,-5603000.668376666,-5603000.668376666,0.0,0.0,0.0,2925965.3142575817
2026-12-01,10995146.471750382,-17652353.635285165,24427077.665224437,-1559789.905153307,24239653.171663377,-7987305.3949219305,-7987305.3949219305,-7987305.3949219305,-2758137.711487808,-2758137.711487808,-2758137.711487808,-5229167.683434122,-5229167.683434122,-5229167.683434122,0.0,0.0,0.0,3007841.076828452
2026-12-02,10989503.861072361,-16232290.81523518,26848059.266239084,-1587238.6202919565,24276168.737766553,-5879830.187589467,-5879830.187589467,-5879830.187589467,-1074276.551182772,-1074276.551182772,-1074276.551182772,-4805553.636406695,-4805553.636406695,-4805553.636406695,0.0,0.0,0.0,5109673.673482895
2026-12-03,10983861.250394342,-13047608.762896787,29854549.827545732,-1638242.1177076967,24312684.303869724,-3443172.2982081687,-3443172.2982081687,-3443172.2982081687,901994.0573746131,901994.0573746131,901994.0573746131,-4345166.355582781,-4345166.355582781,-4345166.355582781,0.0,0.0,0.0,7540688.952186174
2026-12-04,10978218.639716325,-12244427.830345161,29706594.16521019,-1689245.615123437,24349199.8699729,-3696590.4878702783,-3696590.4878702783,-3696590.4878702783,164624.10669311954,164624.10669311954,164624.10669311954,-3861214.594563398,-3861214.594563398,-3861214.594563398,0.0,0.0,0.0,7281628.1518460475
2026-12-05,10972576.029038306,-11523051.130932322,32092213.493038632,-1740249.1125391773,24385715.43607607,-748042.3393965611,-748042.3393965611,-748042.3393965611,2618809.8573500575,2618809.8573500575,2618809.8573500575,-3366852.1967466185,-3366852.1967466185,-3366852.1967466185,0.0,0.0,0.0,10224533.689641746
2026-12-06,10966933.418360287,-9744921.448848154,32662501.45977388,-1791252.6099549194,24420062.25357548,-256123.45720872167,-256123.45720872167,-256123.45720872167,2618809.341026193,2618809.341026193,2618809.341026193,-2874932.7982349144,-2874932.7982349144,-2874932.7982349144,0.0,0.0,0.0,10710809.961151566
2026-12-07,10961290.807682268,-15295667.672826434,27287191.7111361,-1831847.1299227583,24425918.04116393,-4869602.292628679,-4869602.292628679,-4869602.292628679,-2471823.0997785646,-2471823.0997785646,-2471823.0997785646,-2397779.192850115,-2397779.192850115,-2397779.192850115,0.0,0.0,0.0,6091688.515053589
2026-12-08,10955648.197004251,-15401316.376479276,28415294.50746206,-1858244.4070016793,24419751.98085349,-4705108.67105011,-4705108.67105011,-4705108.67105011,-2758137.7114863885,-2758137.7114863885,-2758137.7114863885,-1946970.9595637212,-1946970.9595637212,-1946970.9595637212,0.0,0.0,0.0,6250539.525954141
2026-12-09,10950005.586326232,-11455561.016172022,30754059.02459408,-1911470.0083004788,24451120.31765205,-2607429.9362765127,-2607429.9362765127,-2607429.9362765127,-1074276.5511815916,-1074276.5511815916,-1074276.5511815916,-1533153.385094921,-1533153.385094921,-1533153.385094921,0.0,0.0,0.0,8342575.65004972
2026-12-10,10944362.975648213,-10638381.114085656,31724788.584533177,-1964695.6095992802,24488672.15607903,-263876.0625084067,-263876.0625084067,-263876.0625084067,901994.057376357,901994.057376357,901994.057376357,-1165870.1198847638,-1165870.1198847638,-1165870.1198847638,0.0,0.0,0.0,10680486.913139807
2026-12-11,10938720.364970194,-11101757.299692165,31923656.851862542,-2016394.2622689959,24526223.994506013,-688797.2943058726,-688797.2943058726,-688797.2943058726,164624.10669877345,164624.10669877345,164624.10669877345,-853421.4010046461,-853421.4010046461,-853421.4010046461,0.0,0.0,0.0,10249923.070664322
2026-12-12,10933077.754292175,-8411917.799721537,33587698.2516302,-2066893.2977985444,24563775.832932994,2016060.7804546934,2016060.7804546934,2016060.7804546934,2618809.857350638,2618809.857350638,2618809.857350638,-602749.0768959445,-602749.0768959445,-602749.0768959445,0.0,0.0,0.0,12949138.534746869
2026-12-13,10927435.143614156,-7793824.193151241,35416704.58247939,-2108397.5673753023,24601327.671359975,2199460.2506057178,2199460.2506057178,2199460.2506057178,2618809.3410411123,2618809.3410411123,2618809.3410411123,-419349.09043539455,-419349.09043539455,-419349.09043539455,0.0,0.0,0.0,13126895.394219873
2026-12-14,10921792.532936139,-13260347.364086565,29843520.0537965,-2173200.1273076786,24636684.121759105,-2779034.631782851,-2779034.631782851,-2779034.631782851,-2471823.099782171,-2471823.099782171,-2471823.099782171,-307211.53200067976,-307211.53200067976,-307211.53200067976,0.0,0.0,0.0,8142757.901153288
2026-12-15,10916149.92225812,-13902790.604675476,30014341.83084542,-2229128.173379674,24649767.3675513,-3026925.5850915327,-3026925.5850915327,-3026925.5850915327,-2758137.7114858925,-2758137.7114858925,-2758137.7114858925,-268787.87360563985,-268787.87360563985,-268787.87360563985,0.0,0.0,0.0,7889224.337166587
2026-12-16,10910507.311580101,-10563367.974961262,32822706.00514568,-2278789.5163378445,24661829.475534067,-1379261.098745109,-1379261.098745109,-1379261.098745109,-1074276.5511794267,-1074276.5511794267,-1074276.5511794267,-304984.5475656824,-304984.5475656824,-304984.5475656824,0.0,0.0,0.0,9531246.212834992
2026-12-17,10904864.700902082,-9508873.527553072,33449789.565178886,-2332837.172657617,24673891.58351683,486812.4125111343,486812.4125111343,486812.4125111343,901994.057378101,901994.057378101,901994.057378101,-415181.64486696676,-415181.64486696676,-415181.64486696676,0.0,0.0,0.0,11391677.113413217
2026-12-18,10899222.090224065,-9871827.214518484,33151981.46322286,-2386884.8289773865,24685953.691499595,-432651.07662313734,-432651.07662313734,-432651.07662313734,164624.10669173056,164624.10669173056,164624.10669173056,-597275.1833148679,-597275.1833148679,-597275.1833148679,0.0,0.0,0.0,10466571.013600927
2026-12-19,10893579.479546044,-7976256.906561873,35074138.70785471,-2440932.485297159,24698015.799482357,1771068.7221179325,1771068.7221179325,1771068.7221179325,2618809.857351219,2618809.857351219,2618809.857351219,-847741.1352332863,-847741.1352332863,-847741.1352332863,0.0,0.0,0.0,12664648.201663977
2026-12-20,10887936.868868027,-10238998.94445765,33487158.760035116,-2494851.3606990124,24710077.907465123,1457090.1329398192,1457090.1329398192,1457090.1329398192,2618809.3410358788,2618809.3410358788,2618809.3410358788,-1161719.2080960597,-1161719.2080960597,-1161719.2080960597,0.0,0.0,0.0,12345027.001807846
2026-12-21,10882294.25819001,-14718125.598746447,29937351.949740488,-2547753.844784233,24722140.01544789,-4004937.3360814312,-4004937.3360814312,-4004937.3360814312,-2471823.0997831314,-2471823.0997831314,-2471823.0997831314,-1533114.2362983006,-1533114.2362983006,-1533114.2362983006,0.0,0.0,0.0,6877356.9221085785
2026-12-22,10876651.64751199,-15477855.536598967,29383917.619083557,-2600656.3288694536,24753759.72824965,-4712850.675063101,-4712850.675063101,-4712850.675063101,-2758137.71148355,-2758137.71148355,-2758137.71148355,-1954712.96357955,-1954712.96357955,-1954712.96357955,0.0,0.0,0.0,6163800.97244889
2026-12-23,10871009.03683397,-14008664.934505856,27862332.686223403,-2651800.3276883224,24805052.271705486,-3492590.5184150767,-3492590.5184150767,-3492590.5184150767,-1074276.551177263,-1074276.551177263,-1074276.551177263,-2418313.967237814,-2418313.967237814,-2418313.967237814,0.0,0.0,0.0,7378418.518418893
2026-12-24,10865366.42615595,-12977422.45882543,31728617.278282598,-2702888.709185527,24856344.81516132,-2012874.432445586,-2012874.432445586,-2012874.432445586,901994.0573744539,901994.0573744539,901994.0573744539,-2914868.48982004,-2914868.48982004,-2914868.48982004,0.0,0.0,0.0,8852491.993710365
2026-12-25,10859723.815477934,-14428164.465870576,29650701.75190199,-2753181.656149187,24909835.286839567,-3270005.8866798556,-3270005.8866798556,-3270005.8866798556,164624.10669351113,164624.10669351113,164624.10669351113,-3434629.993373367,-3434629.993373367,-3434629.993373367,0.0,0.0,0.0,7589717.928798078
2026-12-26,10854081.204799917,-13137541.19744218,29869730.839462727,-2789270.5290058777,24963434.810215615,-1348500.469470165,-1348500.469470165,-1348500.469470165,2618809.857356084,2618809.857356084,2618809.857356084,-3967310.326826249,-3967310.326826249,-3967310.326826249,0.0,0.0,0.0,9505580.73532975
2026-12-27,10848438.594121898,-12632967.777851813,31823269.2788053,-2825359.40186257,25017105.939834125,-1883431.149292652,-1883431.149292652,-1883431.149292652,2618809.341034492,2618809.341034492,2618809.341034492,-4502240.490327144,-4502240.490327144,-4502240.490327144,0.0,0.0,0.0,8965007.444829246
2026-12-28,10842795.983443879,-17629332.660798766,26302175.465004608,-2861448.2747192625,25034393.724756617,-7500357.182680475,-7500357.182680475,-7500357.182680475,-2471823.09978409,-2471823.09978409,-2471823.09978409,-5028534.0828963835,-5028534.0828963835,-5028534.0828963835,0.0,0.0,0.0,3342438.800763404
2026-12-29,10837153.37276586,-19148900.572900835,24663060.514382523,-2897537.1475759544,25043931.820562463,-8293389.335591651,-8293389.335591651,-8293389.335591651,-2758137.711489713,-2758137.711489713,-2758137.711489713,-5535251.624101938,-5535251.624101938,-5535251.624101938,0.0,0.0,0.0,2543764.037174209
2026-12-30,10831510.76208784,-18258749.005774442,26394388.00973263,-2932400.653661536,25048191.138968665,-7085840.591500066,-7085840.591500066,-7085840.591500066,-1074276.5511848012,-1074276.5511848012,-1074276.5511848012,-6011564.040315265,-6011564.040315265,-6011564.040315265,0.0,0.0,0.0,3745670.1705877744
2026-12-31,10825868.151409822,-16723993.599614827,27058362.292159192,-2967210.2103785435,25055500.62715038,-5544919.638419827,-5544919.638419827,-5544919.638419827,901994.0573761979,901994.0573761979,901994.0573761979,-6446913.695796025,-6446913.695796025,-6446913.695796025,0.0,0.0,0.0,5280948.512989994
2027-01-01,10820225.540731804,-18171947.99650809,27909875.510494567,-3002019.7670955453,25051337.1616536,-6666547.318309214,-6666547.318309214,-6666547.318309214,164624.10669141816,164624.10669141816,164624.10669141816,-6831171.425000632,-6831171.425000632,-6831171.425000632,0.0,0.0,0.0,4153678.2224225905
2027-01-02,10814582.930053785,-16108946.328113211,28084640.50295688,-3033022.639644603,25057816.4248273,-4535978.225352758,-4535978.225352758,-4535978.225352758,2618809.85735238,2618809.85735238,2618809.85735238,-7154788.082705138,-7154788.082705138,-7154788.082705138,0.0,0.0,0.0,6278604.704701028
2027-01-03,10808940.319375766,-14655464.210369188,26847057.344620034,-3063803.3740408593,25064295.688001003,-4790129.831197907,-4790129.831197907,-4790129.831197907,2618809.3410455645,2618809.3410455645,2618809.3410455645,-7408939.172243471,-7408939.172243471,-7408939.172243471,0.0,0.0,0.0,6018810.488177859
2027-01-04,10803297.70869775,-19673411.842918113,23279429.70393036,-3089484.4191438965,25070774.95117471,-10057484.240362572,-10057484.240362572,-10057484.240362572,-2471823.0997903445,-2471823.0997903445,-2471823.0997903445,-7585661.140572225,-7585661.140572225,-7585661.140572225,0.0,0.0,0.0,745813.4683351777
2027-01-05,10797655.098019728,-21749176.30715446,22458964.205138687,-3092799.554497185,25091149.98163032,-10436115.656073686,-10436115.656073686,-10436115.656073686,-2758137.7114882935,-2758137.7114882935,-2758137.7114882935,-7677977.944585392,-7677977.944585392,-7677977.944585392,0.0,0.0,0.0,361539.4419460427
2027-01-06,10792012.48734171,-19039626.426334053,24223863.808999054,-3102423.454920169,25120211.249763444,-8754293.051402446,-8754293.051402446,-8754293.051402446,-1074276.5511836205,-1074276.5511836205,-1074276.5511836205,-7680016.500218826,-7680016.500218826,-7680016.500218826,0.0,0.0,0.0,2037719.4359392636
2027-01-07,10786369.87666369,-17545477.66323244,27629919.83415573,-3127009.5288916603,25149272.517896567,-6685115.572255097,-6685115.572255097,-6685115.572255097,901994.0573752462,901994.0573752462,901994.0573752462,-7587109.629630344,-7587109.629630344,-7587109.629630344,0.0,0.0,0.0,4101254.304408593
2027-01-08,10780727.265985675,-18136952.469800364,25512200.80711967,-3129458.9368020357,25178333.786029693,-7231261.021662004,-7231261.021662004,-7231261.021662004,164624.1066893251,164624.1066893251,164624.1066893251,-7395885.128351329,-7395885.128351329,-7395885.128351329,0.0,0.0,0.0,3549466.244323671
2027-01-09,10775084.655307654,-14294396.961263726,28264593.495435152,-3131179.4979647845,25207395.054162815,-4485529.733221086,-4485529.733221086,-4485529.733221086,2618809.8573486754,2618809.8573486754,2618809.8573486754,-7104339.590569762,-7104339.590569762,-7104339.590569762,0.0,0.0,0.0,6289554.922086569
2027-01-10,10769442.044629635,-15081903.142546188,28475693.212221507,-3185065.581459101,25236456.322295938,-4093086.322675733,-4093086.322675733,-4093086.322675733,2618809.341044178,2618809.341044178,2618809.341044178,-6711895.66371991,-6711895.66371991,-6711895.66371991,0.0,0.0,0.0,6676355.721953902
2027-01-11,10763799.433951618,-19645814.499528755,23261432.532805707,-3265320.5258818404,25265517.590429064,-8691264.560137238,-8691264.560137238,-8691264.560137238,-2471823.0997913037,-2471823.0997913037,-2471823.0997913037,-6219441.460345934,-6219441.460345934,-6219441.460345934,0.0,0.0,0.0,2072534.8738143798
2027-01-12,10758156.8232736,-19806583.19970327,23280062.78131116,-3345575.4703045813,25294578.85856219,-8387488.653785259,-8387488.653785259,-8387488.653785259,-2758137.711487797,-2758137.711487797,-2758137.711487797,-5629350.942297463,-5629350.942297463,-5629350.942297463,0.0,0.0,0.0,2370668.1694883397
2027-01-13,10752514.21259558,-17002158.65230257,26700333.79691682,-3367796.687559432,25323640.12669531,-6019760.76672658,-6019760.76672658,-6019760.76672658,-1074276.5511814565,-1074276.5511814565,-1074276.5511814565,-4945484.215545123,-4945484.215545123,-4945484.215545123,0.0,0.0,0.0,4732753.445869
2027-01-14,10746871.60191756,-13464743.795702389,29341858.148878742,-3381266.2965905108,25352701.394828435,-3271172.78046966,-3271172.78046966,-3271172.78046966,901994.057376156,901994.057376156,901994.057376156,-4173166.8378458167,-4173166.8378458167,-4173166.8378458167,0.0,0.0,0.0,7475698.8214479
2027-01-15,10741228.991239544,-14069210.329279728,31110859.23894102,-3394735.905621585,25381762.66296156,-3154523.342721618,-3154523.342721618,-3154523.342721618,164624.10669497895,164624.10669497895,164624.10669497895,-3319147.4494165964,-3319147.4494165964,-3319147.4494165964,0.0,0.0,0.0,7586705.648517926
2027-01-16,10735586.380561525,-11027822.177224692,32285768.044071052,-3408205.5146526643,25410823.93109468,227276.5672588507,227276.5672588507,227276.5672588507,2618809.8573449715,2618809.8573449715,2618809.8573449715,-2391533.2900861213,-2391533.2900861213,-2391533.2900861213,0.0,0.0,0.0,10962862.947820377
2027-01-17,10729943.769883506,-9650559.300619408,34199959.00159307,-3421675.1236837436,25439885.199227806,1219105.8761058967,1219105.8761058967,1219105.8761058967,2618809.341038945,2618809.341038945,2618809.341038945,-1399703.4649330485,-1399703.4649330485,-1399703.4649330485,0.0,0.0,0.0,11949049.645989403
2027-01-18,10724301.159205487,-14465253.145305213,29992601.5177107,-3435144.7327148207,25468946.467360932,-2826023.2615486244,-2826023.2615486244,-2826023.2615486244,-2471823.0997949103,-2471823.0997949103,-2471823.0997949103,-354200.16175371443,-354200.16175371443,-354200.16175371443,0.0,0.0,0.0,7898277.897656863
2027-01-19,10718658.548527468,-14077229.98552646,31165618.746379003,-3448614.341745898,25498007.735494055,-2024736.1148316346,-2024736.1148316346,-2024736.1148316346,-2758137.711487301,-2758137.711487301,-2758137.711487301,733401.5966556666,733401.5966556666,733401.5966556666,0.0,0.0,0.0,8693922.433695834
2027-01-20,10713015.937849449,-10938912.588281017,33403863.581585187,-3462083.9507769775,25527069.003627174,776368.1194728845,776368.1194728845,776368.1194728845,-1074276.5511802759,-1074276.5511802759,-1074276.5511802759,1850644.6706531602,1850644.6706531602,1850644.6706531602,0.0,0.0,0.0,11489384.057322333
2027-01-21,10707373.327171434,-8290733.082149747,36096567.57157311,-3475553.5598080535,25551628.377930928,3886353.6195416246,3886353.6195416246,3886353.6195416246,901994.0573752044,901994.0573752044,901994.0573752044,2984359.5621664193,2984359.5621664193,2984359.5621664193,0.0,0.0,0.0,14593726.946713058
2027-01-22,10701730.716493413,-7658630.803422196,36509525.86370599,-3497961.9062995394,25575980.118627127,4285475.440848485,4285475.440848485,4285475.440848485,164624.10669288636,164624.10669288636,164624.10669288636,4120851.3341555987,4120851.3341555987,4120851.3341555987,0.0,0.0,0.0,14987206.157341897
2027-01-23,10696088.105815394,-3364895.1827788893,41846439.23013774,-3540598.824767006,25600331.859323334,7864911.2182189,7864911.2182189,7864911.2182189,2618809.8573498367,2618809.8573498367,2618809.8573498367,5246101.360869064,5246101.360869064,5246101.360869064,0.0,0.0,0.0,18560999.324034296
2027-01-24,10690445.495137375,-501841.908950371,42380101.99208995,-3583235.7432344747,25645761.674144838,8964790.479188904,8964790.479188904,8964790.479188904,2618809.3410375584,2618809.3410375584,2618809.3410375584,6345981.138151348,6345981.138151348,6345981.138151348,0.0,0.0,0.0,19655235.97432628
2027-01-25,10684802.884459358,-7160239.086955276,37366122.964536436,-3625872.66170194,25678514.534485646,4934651.86695775,4934651.86695775,4934651.86695775,-2471823.0997819724,-2471823.0997819724,-2471823.0997819724,7406474.9667397225,7406474.9667397225,7406474.9667397225,0.0,0.0,0.0,15619454.751417108
2027-01-26,10679160.273781339,-5313104.070497849,38452822.802627265,-3668509.5801694067,25711267.394826453,5655770.232025522,5655770.232025522,5655770.232025522,-2758137.711490695,-2758137.711490695,-2758137.711490695,8413907.943516215,8413907.943516215,8413907.943516215,0.0,0.0,0.0,16334930.50580686
2027-01-27,10673517.663103318,-1788748.9559621725,41950213.04552603,-3711146.498636874,25744020.25516726,8280898.818051164,8280898.818051164,8280898.818051164,-1074276.551177128,-1074276.551177128,-1074276.551177128,9355175.36922829,9355175.36922829,9355175.36922829,0.0,0.0,0.0,18954416.481154483
2027-01-28,10667875.052425303,-97774.28415235195,45314838.841723226,-3753521.3413316887,25776773.115508076,11119963.477686822,11119963.477686822,11119963.477686822,901994.0573769483,901994.0573769483,901994.0573769483,10217969.420309873,10217969.420309873,10217969.420309873,0.0,0.0,0.0,21787838.530112125
2027-01-29,10662232.441747284,-1029985.8577664669,43030506.621343836,-3794649.048342939,25809525.975848883,11155622.855604216,11155622.855604216,11155622.855604216,164624.1066946669,164624.1066946669,164624.1066946669,10990998.74890955,10990998.74890955,10990998.74890955,0.0,0.0,0.0,21817855.297351502
2027-01-30,10656589.831069265,2290518.1070111273,48887094.062143356,-3822218.337266701,25842278.836189695,14283006.437343005,14283006.437343005,14283006.437343005,2618809.857341848,2618809.857341848,2618809.857341848,11664196.580001157,11664196.580001157,11664196.580001157,0.0,0.0,0.0,24939596.26841227
2027-01-31,10650947.220391244,4176359.3114505378,48039228.07800434,-3881457.8007872268,25875031.696530506,14847722.217506157,14847722.217506157,14847722.217506157,2618809.341032325,2618809.341032325,2618809.341032325,12228912.876473835,12228912.876473835,12228912.876473835,0.0,0.0,0.0,25498669.4378974
2027-02-01,10645304.609713227,-1237404.0795744343,45124202.8269708,-3911172.7761420314,25907784.556871314,10206263.149120245,10206263.149120245,10206263.149120245,-2471823.099785579,-2471823.099785579,-2471823.099785579,12678086.248905824,12678086.248905824,12678086.248905824,0.0,0.0,0.0,20851567.75883347
2027-02-02,10639661.999035208,-912309.1302968845,44116001.90433549,-3940887.7514968347,25940537.417212117,10248253.78892058,10248253.78892058,10248253.78892058,-2758137.7114892756,-2758137.7114892756,-2758137.7114892756,13006391.500409855,13006391.500409855,13006391.500409855,0.0,0.0,0.0,20887915.787955787
2027-02-03,10634019.388357189,442717.7171077932,46021027.22565547,-3970602.7268516384,25973290.277552925,12136082.46821039,12136082.46821039,12136082.46821039,-1074276.5511759473,-1074276.5511759473,-1074276.5511759473,13210359.019386338,13210359.019386338,13210359.019386338,0.0,0.0,0.0,22770101.856567577
2027-02-04,10628376.777679171,2741042.6539258156,47295098.8054884,-4000317.702206439,26006043.13789374,14190456.719936004,14190456.719936004,14190456.719936004,901994.0573759968,901994.0573759968,901994.0573759968,13288462.662560007,13288462.662560007,13288462.662560007,0.0,0.0,0.0,24818833.497615173
2027-02-05,10622734.167001152,1562220.5824920125,45163439.40552309,-4030032.677561242,26038795.998234548,13405797.408637684,13405797.408637684,13405797.408637684,164624.10669149732,164624.10669149732,164624.10669149732,13241173.301946187,13241173.301946187,13241173.301946187,0.0,0.0,0.0,24028531.575638838
2027-02-06,10617091.556323133,3187713.9131181226,49630238.81700963,-4059747.652916046,26071548.858575355,15689785.691597221,15689785.691597221,15689785.691597221,2618809.857342429,2618809.857342429,2618809.857342429,13070975.834254792,13070975.834254792,13070975.834254792,0.0,0.0,0.0,26306877.247920357
2027-02-07,10611448.945645114,4152116.087588302,50164743.32836447,-4089462.628270849,26104301.71891617,15401157.49939198,15401157.49939198,15401157.49939198,2618809.341034785,2618809.341034785,2618809.341034785,12782348.158357197,12782348.158357197,12782348.158357197,0.0,0.0,0.0,26012606.445037097
2027-02-08,10605806.334967095,-1816991.6447163324,43956820.71730345,-4137172.4771650224,26137054.579256978,9909878.3018349,9909878.3018349,9909878.3018349,-2471823.099786539,-2471823.099786539,-2471823.099786539,12381701.40162144,12381701.40162144,12381701.40162144,0.0,0.0,0.0,20515684.636801995
2027-02-09,10600163.724289076,-2767009.0327617787,43038719.463283226,-4212272.235961158,26169807.439597785,9119143.791036747,9119143.791036747,9119143.791036747,-2758137.711488779,-2758137.711488779,-2758137.711488779,11877281.502525529,11877281.502525529,11877281.502525529,0.0,0.0,0.0,19719307.515325822
2027-02-10,10594521.113611057,-330113.12483487447,43756921.55841021,-4287371.9947572965,26210694.604076046,10204756.564741336,10204756.564741336,10204756.564741336,-1074276.5511844691,-1074276.5511844691,-1074276.5511844691,11279033.115925806,11279033.115925806,11279033.115925806,0.0,0.0,0.0,20799277.678352393
2027-02-11,10588878.502933042,867948.1368375189,43775157.27126851,-4362471.75355343,26274834.50209205,11500421.735764423,11500421.735764423,11500421.735764423,901994.0573777407,901994.0573777407,901994.0573777407,10598427.678386685,10598427.678386685,10598427.678386685,0.0,0.0,0.0,22089300.238697466
2027-02-12,10583235.892255023,-3693705.460408497,41866218.448768474,-4415507.639372418,26340366.702806793,10012882.43847557,10012882.43847557,10012882.43847557,164624.10669327754,164624.10669327754,164624.10669327754,9848258.331782293,9848258.331782293,9848258.331782293,0.0,0.0,0.0,20596118.330730595
2027-02-13,10577593.281577002,325603.7822817766,44524883.513746284,-4463187.3115555905,26402610.17016817,11661215.089480644,11661215.089480644,11661215.089480644,2618809.857360148,2618809.857360148,2618809.857360148,9042405.232120495,9042405.232120495,9042405.232120495,0.0,0.0,0.0,22238808.371057644
2027-02-14,10571950.670898983,-3453448.814612695,44532302.04824867,-4510866.983738763,26462659.611291822,10814384.885393688,10814384.885393688,10814384.885393688,2618809.3410295523,2618809.3410295523,2618809.3410295523,8195575.544364135,8195575.544364135,8195575.544364135,0.0,0.0,0.0,21386335.55629267
2027-02-15,10566308.060220966,-6922595.8665524265,38325755.455416664,-4558546.655921932,26522709.05241547,4851200.021416393,4851200.021416393,4851200.021416393,-2471823.0997762484,-2471823.0997762484,-2471823.0997762484,7323023.121192641,7323023.121192641,7323023.121192641,0.0,0.0,0.0,15417508.08163736
2027-02-16,10560665.449542947,-6998390.0406685155,38261190.19319286,-4606226.328105106,26582758.49353912,3682115.7525894274,3682115.7525894274,3682115.7525894274,-2758137.7114882837,-2758137.7114882837,-2758137.7114882837,6440253.464077711,6440253.464077711,6440253.464077711,0.0,0.0,0.0,14242781.202132374
2027-02-17,10555022.838864928,-6762452.375476748,37765730.28678678,-4653906.000288276,26642807.93466277,4488443.498322695,4488443.498322695,4488443.498322695,-1074276.5511823047,-1074276.5511823047,-1074276.5511823047,5562720.049504999,5562720.049504999,5562720.049504999,0.0,0.0,0.0,15043466.337187622
2027-02-18,10549380.228186911,-8190375.855078957,37795345.50155867,-4698765.332209305,26702857.375786427,5607512.513251306,5607512.513251306,5607512.513251306,901994.0573732594,901994.0573732594,901994.0573732594,4705518.455878046,4705518.455878046,4705518.455878046,0.0,0.0,0.0,16156892.741438217
2027-02-19,10543737.617508892,-7481197.90071327,38927542.477361724,-4738026.369032364,26762906.816910077,4047709.041307301,4047709.041307301,4047709.041307301,164624.10669118492,164624.10669118492,164624.10669118492,3883084.934616117,3883084.934616117,3883084.934616117,0.0,0.0,0.0,14591446.658816192
2027-02-20,10538095.006830873,-5486209.640851582,39529264.09209854,-4775746.072780076,26822956.258033726,5727715.979300624,5727715.979300624,5727715.979300624,2618809.8573478744,2618809.8573478744,2618809.8573478744,3108906.121952749,3108906.121952749,3108906.121952749,0.0,0.0,0.0,16265810.986131497
2027-02-21,10532452.396152854,-7686406.242042568,39879429.52136192,-4813465.77652779,26875297.416482877,5014055.82154986,5014055.82154986,5014055.82154986,2618809.341044471,2618809.341044471,2618809.341044471,2395246.4805053887,2395246.4805053887,2395246.4805053887,0.0,0.0,0.0,15546508.217702713
2027-02-22,10526809.785474835,-12122441.403494766,33349039.02005661,-4851185.480275501,26887170.799658827,-718923.3096622389,-718923.3096622389,-718923.3096622389,-2471823.0997911044,-2471823.0997911044,-2471823.0997911044,1752899.7901288657,1752899.7901288657,1752899.7901288657,0.0,0.0,0.0,9807886.475812595
2027-02-23,10521167.174796816,-13914160.77560298,32793070.60364258,-4888905.184023216,26899044.182834778,-1567167.133707268,-1567167.133707268,-1567167.133707268,-2758137.7114868644,-2758137.7114868644,-2758137.7114868644,1190970.5777795964,1190970.5777795964,1190970.5777795964,0.0,0.0,0.0,8954000.041089548
2027-02-24,10515524.564118797,-11864332.232376978,31634693.965991944,-4926624.887770928,26910917.566010725,-357585.7577530833,-357585.7577530833,-357585.7577530833,-1074276.5511801403,-1074276.5511801403,-1074276.5511801403,716690.7934270572,716690.7934270572,716690.7934270572,0.0,0.0,0.0,10157938.806365713
2027-02-25,10509881.95344078,-11789186.743470522,34785882.279870324,-4964344.5915186405,26922790.949186675,1237270.371590658,1237270.371590658,1237270.371590658,901994.0573758376,901994.0573758376,901994.0573758376,335276.3142148205,335276.3142148205,335276.3142148205,0.0,0.0,0.0,11747152.325031437
2027-02-26,10504239.34276276,-12924251.012847265,35081927.14392281,-5002064.295266353,26934664.332362626,214451.11362267207,214451.11362267207,214451.11362267207,164624.10669188917,164624.10669188917,164624.10669188917,49827.00693078285,49827.00693078285,49827.00693078285,0.0,0.0,0.0,10718690.456385434
2027-02-27,10498596.732084742,-10273035.383617075,36265194.78369228,-5039783.9990140665,26946537.715538573,2480082.9755946407,2480082.9755946407,2480082.9755946407,2618809.85735274,2618809.85735274,2618809.85735274,-138726.88175809916,-138726.88175809916,-138726.88175809916,0.0,0.0,0.0,12978679.707679383
2027-02-28,10492954.121406725,-10888399.737575782,33748218.14453402,-5077503.702761777,26958411.098714527,2387179.056245439,2387179.056245439,2387179.056245439,2618809.3410392376,2618809.3410392376,2618809.3410392376,-231630.28479379872,-231630.28479379872,-231630.28479379872,0.0,0.0,0.0,12880133.177652163
2027-03-01,10487311.510728706,-15174503.211937366,31565400.57485228,-5115223.406509493,26970284.48189047,-2704083.3102786895,-2704083.3102786895,-2704083.3102786895,-2471823.0997834606,-2471823.0997834606,-2471823.0997834606,-232260.21049522853,-232260.21049522853,-232260.21049522853,0.0,0.0,0.0,7783228.200450016
2027-03-02,10481668.900050685,-16111011.646409865,32382817.699201163,-5152943.110257205,26982157.86506642,-2904172.2162456554,-2904172.2162456554,-2904172.2162456554,-2758137.711486368,-2758137.711486368,-2758137.711486368,-146034.50475928708,-146034.50475928708,-146034.50475928708,0.0,0.0,0.0,7577496.68380503
2027-03-03,10476026.289372666,-14068185.903771281,33681116.22999964,-5190662.814004917,27007409.850616112,-1054550.711549261,-1054550.711549261,-1054550.711549261,-1074276.5511789604,-1074276.5511789604,-1074276.5511789604,19725.839629699563,19725.839629699563,19725.839629699563,0.0,0.0,0.0,9421475.577823404
2027-03-04,10470383.67869465,-11500557.854391573,33775197.441504225,-5228382.517752628,27048255.806953717,1157972.0755397424,1157972.0755397424,1157972.0755397424,901994.0573740518,901994.0573740518,901994.0573740518,255978.01816569048,255978.01816569048,255978.01816569048,0.0,0.0,0.0,11628355.754234392
2027-03-05,10464741.068016632,-10333479.405817706,35016426.92340452,-5266102.22150034,27089101.763291314,716802.6160973073,716802.6160973073,716802.6160973073,164624.10669087214,164624.10669087214,164624.10669087214,552178.5094064353,552178.5094064353,552178.5094064353,0.0,0.0,0.0,11181543.684113938
2027-03-06,10459098.45733861,-10060743.498418078,36562001.55264358,-5303821.925248055,27126632.811306555,3515348.905314002,3515348.905314002,3515348.905314002,2618809.857353321,2618809.857353321,2618809.857353321,896539.0479606814,896539.0479606814,896539.0479606814,0.0,0.0,0.0,13974447.362652613
2027-03-07,10453455.846660594,-8128421.944235184,41096606.887802094,-5341541.628995766,27163611.228616547,3895121.0449313917,3895121.0449313917,3895121.0449313917,2618809.341037851,2618809.341037851,2618809.341037851,1276311.7038935402,1276311.7038935402,1276311.7038935402,0.0,0.0,0.0,14348576.891591985
2027-03-08,10447813.235982575,-12832728.496868884,34384612.234482534,-5378301.492876241,27200589.645926543,-793726.5627151588,-793726.5627151588,-793726.5627151588,-2471823.099798318,-2471823.099798318,-2471823.099798318,1678096.5370831592,1678096.5370831592,1678096.5370831592,0.0,0.0,0.0,9654086.673267417
2027-03-09,10442170.625304556,-12285572.765712254,34962439.561112545,-5414854.487041324,27237568.063236542,-669973.0244250939,-669973.0244250939,-669973.0244250939,-2758137.7114906847,-2758137.7114906847,-2758137.7114906847,2088164.6870655909,2088164.6870655909,2088164.6870655909,0.0,0.0,0.0,9772197.600879462
2027-03-10,10436528.014626537,-13397216.627480857,33528304.87081769,-5451407.481206409,27274546.480546534,1418512.7692919686,1418512.7692919686,1418512.7692919686,-1074276.5511864983,-1074276.5511864983,-1074276.5511864983,2492789.3204784663,2492789.3204784663,2492789.3204784663,0.0,0.0,0.0,11855040.783918506
2027-03-11,10430885.40394852,-8196421.198193575,38268253.16788662,-5487757.5237262985,27311524.897856537,3780570.6597290444,3780570.6597290444,3780570.6597290444,901994.0573757958,901994.0573757958,901994.0573757958,2878576.6023532487,2878576.6023532487,2878576.6023532487,0.0,0.0,0.0,14211456.063677564
2027-03-12,10425242.7932705,-8481329.020594189,37739915.43851938,-5523680.153037464,27348503.315166533,3397412.9002053835,3397412.9002053835,3397412.9002053835,164624.10669544988,164624.10669544988,164624.10669544988,3232788.7935099336,3232788.7935099336,3232788.7935099336,0.0,0.0,0.0,13822655.693475883
2027-03-13,10419600.182592481,-7334522.405794553,41420931.208285466,-5559602.782348627,27385481.732476525,6162461.565088329,6162461.565088329,6162461.565088329,2618809.8573367624,2618809.8573367624,2618809.8573367624,3543651.7077515656,3543651.7077515656,3543651.7077515656,0.0,0.0,0.0,16582061.74768081
2027-03-14,10413957.571914464,-5125402.708174112,41261782.9267156,-5601615.593837352,27422460.149786524,6419448.429418645,6419448.429418645,6419448.429418645,2618809.341032618,2618809.341032618,2618809.341032618,3800639.088386026,3800639.088386026,3800639.088386026,0.0,0.0,0.0,16833406.00133311
2027-03-15,10408314.961236443,-11169105.288849732,36900060.796767,-5644367.687209518,27459438.56709652,1522903.8779941557,1522903.8779941557,1522903.8779941557,-2471823.0997880273,-2471823.0997880273,-2471823.0997880273,3994726.977782183,3994726.977782183,3994726.977782183,0.0,0.0,0.0,11931218.839230599
2027-03-16,10402672.350558424,-10937797.323832367,37135078.25829868,-5687119.780581685,27497276.173341654,1360474.1332712993,1360474.1332712993,1360474.1332712993,-2758137.711489266,-2758137.711489266,-2758137.711489266,4118611.844760565,4118611.844760565,4118611.844760565,0.0,0.0,0.0,11763146.483829724
2027-03-17,10397029.739880405,-9728741.330951404,39078600.96944738,-5726858.048183318,27549694.91920143,3092610.535594077,3092610.535594077,3092610.535594077,-1074276.5511756155,-1074276.5511756155,-1074276.5511756155,4166887.0867696926,4166887.0867696926,4166887.0867696926,0.0,0.0,0.0,13489640.275474481
2027-03-18,10391387.12920239,-8019637.473644065,37466973.12757165,-5747042.63290955,27615780.513684824,5038167.574130211,5038167.574130211,5038167.574130211,901994.0573748441,901994.0573748441,901994.0573748441,4136173.516755367,4136173.516755367,4136173.516755367,0.0,0.0,0.0,15429554.703332601
2027-03-19,10385744.51852437,-8404597.446899226,38877067.33723268,-5791233.825755489,27681866.10816821,4189824.6607567216,4189824.6607567216,4189824.6607567216,164624.10669443334,164624.10669443334,164624.10669443334,4025200.5540622883,4025200.5540622883,4025200.5540622883,0.0,0.0,0.0,14575569.179281091
2027-03-20,10380101.90784635,-4629655.682388498,40402555.72373381,-5837894.349094033,27747951.702651594,6453645.894616772,6453645.894616772,6453645.894616772,2618809.857345912,2618809.857345912,2618809.857345912,3834836.0372708603,3834836.0372708603,3834836.0372708603,0.0,0.0,0.0,16833747.80246312
2027-03-21,10374459.297168333,-7083173.621170796,41798713.95624619,-5869653.561674879,27814037.297134984,6186873.17557135,6186873.17557135,6186873.17557135,2618809.341047537,2618809.341047537,2618809.341047537,3568063.8345238133,3568063.8345238133,3568063.8345238133,0.0,0.0,0.0,16561332.472739683
2027-03-22,10368816.686490314,-12011618.857367951,34266430.57364157,-5912677.812000545,27880122.891618375,758086.6119745453,758086.6119745453,758086.6119745453,-2471823.0997889866,-2471823.0997889866,-2471823.0997889866,3229909.7117635324,3229909.7117635324,3229909.7117635324,0.0,0.0,0.0,11126903.298464859
2027-03-23,10363174.075812295,-14515130.627284171,36471103.861076474,-5955520.312155088,27946208.486101765,69179.48731677014,69179.48731677014,69179.48731677014,-2758137.711487847,-2758137.711487847,-2758137.711487847,2827317.1988046165,2827317.1988046165,2827317.1988046165,0.0,0.0,0.0,10432353.563129066
2027-03-24,10357531.465134274,-11000716.58355195,37338131.85890362,-5997682.788676327,28012294.080585152,1294699.883023555,1294699.883023555,1294699.883023555,-1074276.55118217,-1074276.55118217,-1074276.55118217,2368976.434205725,2368976.434205725,2368976.434205725,0.0,0.0,0.0,11652231.348157829
2027-03-25,10351888.854456259,-9405727.970542422,37398825.95038453,-6039845.265197564,28078379.675068542,2767104.1981963795,2767104.1981963795,2767104.1981963795,901994.057376588,901994.057376588,901994.057376588,1865110.140819791,1865110.140819791,1865110.140819791,0.0,0.0,0.0,13118993.052652638
2027-03-26,10346246.24377824,-11071215.8068307,37787884.37800249,-6080599.261053931,28143940.105559774,1491846.0605619096,1491846.0605619096,1491846.0605619096,164624.106695138,164624.106695138,164624.106695138,1327221.9538667714,1327221.9538667714,1327221.9538667714,0.0,0.0,0.0,11838092.30434015
2027-03-27,10340603.633100221,-8267327.082651701,37869375.49594626,-6109001.268916716,28208867.86631274,3386623.122225736,3386623.122225736,3386623.122225736,2618809.857346493,2618809.857346493,2618809.857346493,767813.2648792432,767813.2648792432,767813.2648792432,0.0,0.0,0.0,13727226.755325956
2027-03-28,10334961.022422202,-9990614.722057685,37575621.72643685,-6122602.690303805,28273795.627065703,2818884.873998626,2818884.873998626,2818884.873998626,2618809.341025998,2618809.341025998,2618809.341025998,200075.5329726284,200075.5329726284,200075.5329726284,0.0,0.0,0.0,13153845.896420829
2027-03-29,10329318.411744183,-15504722.85066209,31733879.784177236,-6160967.307592194,28290314.28525609,-2834257.4707753435,-2834257.4707753435,-2834257.4707753435,-2471823.0997925936,-2471823.0997925936,-2471823.0997925936,-362434.37098274997,-362434.37098274997,-362434.37098274997,0.0,0.0,0.0,7495060.940968839
2027-03-30,10323675.801066164,-16703423.889571859,29559161.393397484,-6199331.924880584,28284927.274387114,-3664265.509618818,-3664265.509618818,-3664265.509618818,-2758137.7114940085,-2758137.7114940085,-2758137.7114940085,-906127.7981248085,-906127.7981248085,-906127.7981248085,0.0,0.0,0.0,6659410.291447346
2027-03-31,10318033.190388149,-16039916.55364724,31534648.178946637,-6237696.54216897,28287263.397758286,-2491995.273111073,-2491995.273111073,-2491995.273111073,-1074276.551181973,-1074276.551181973,-1074276.551181973,-1417718.7219290999,-1417718.7219290999,-1417718.7219290999,0.0,0.0,0.0,7826037.917277075
2027-04-01,10312390.579710128,-13957975.978954772,34349662.82339646,-6276061.1594573585,28352729.25323538,-982556.6222785532,-982556.6222785532,-982556.6222785532,901994.0573748023,901994.0573748023,901994.0573748023,-1884550.6796533556,-1884550.6796533556,-1884550.6796533556,0.0,0.0,0.0,9329833.957431575
2027-04-02,10306747.969032109,-14568070.173960913,31911262.18747694,-6314425.776745749,28371772.547553398,-2130284.1168104946,-2130284.1168104946,-2130284.1168104946,164624.10669196848,164624.10669196848,164624.10669196848,-2294908.223502463,-2294908.223502463,-2294908.223502463,0.0,0.0,0.0,8176463.852221614
2027-04-03,10301105.35835409,-13603890.997065254,36549615.209979855,-6374994.4591161255,28388748.102070652,-19495.390532195142,-19495.390532195142,-19495.390532195142,2618809.8573470735,2618809.8573470735,2618809.8573470735,-2638305.2478792686,-2638305.2478792686,-2638305.2478792686,0.0,0.0,0.0,10281609.967821894
2027-04-04,10295462.747676073,-12980349.643680565,32798593.65248882,-6443974.284959591,28405723.656587917,-286933.80911310605,-286933.80911310605,-286933.80911310605,2618809.3410447636,2618809.3410447636,2618809.3410447636,-2905743.15015787,-2905743.15015787,-2905743.15015787,0.0,0.0,0.0,10008528.938562967
2027-04-05,10289820.136998054,-19226497.346772928,29699707.487840783,-6495532.072561467,28427200.6722679,-5561755.651424897,-5561755.651424897,-5561755.651424897,-2471823.099793553,-2471823.099793553,-2471823.099793553,-3089932.551631343,-3089932.551631343,-3089932.551631343,0.0,0.0,0.0,4728064.485573157
2027-04-06,10284177.526320033,-18177749.60771659,28378320.01683181,-6540337.409582049,28473696.89721421,-5943610.943887951,-5943610.943887951,-5943610.943887951,-2758137.7114859303,-2758137.7114859303,-2758137.7114859303,-3185473.2324020206,-3185473.2324020206,-3185473.2324020206,0.0,0.0,0.0,4340566.582432082
2027-04-07,10278534.915642017,-19142114.870829567,32040196.100949682,-6581524.951603902,28520193.122160528,-4263264.546389583,-4263264.546389583,-4263264.546389583,-1074276.5511798088,-1074276.5511798088,-1074276.5511798088,-3188987.995209774,-3188987.995209774,-3188987.995209774,0.0,0.0,0.0,6015270.369252435
2027-04-08,10272892.304963998,-16515153.839501219,32200917.060712107,-6622663.563980945,28566689.34710684,-2197213.2829851955,-2197213.2829851955,-2197213.2829851955,901994.0573773806,901994.0573773806,901994.0573773806,-3099207.340362576,-3099207.340362576,-3099207.340362576,0.0,0.0,0.0,8075679.021978803
2027-04-09,10267249.69428598,-16981063.32301846,32826462.258441582,-6663802.176357991,28613185.57205315,-2752378.9703187365,-2752378.9703187365,-2752378.9703187365,164624.1066948251,164624.1066948251,164624.1066948251,-2917003.0770135615,-2917003.0770135615,-2917003.0770135615,0.0,0.0,0.0,7514870.723967243
2027-04-10,10261607.083607959,-13403102.752712568,35015254.76165973,-6704940.788735038,28659681.796999462,-26560.4248452153,-26560.4248452153,-26560.4248452153,2618809.857343369,2618809.857343369,2618809.857343369,-2645370.2821885846,-2645370.2821885846,-2645370.2821885846,0.0,0.0,0.0,10235046.658762744
2027-04-11,10255964.472929941,-14046962.864527522,36125416.612304844,-6746079.401112083,28697137.176944308,329451.02614341036,329451.02614341036,329451.02614341036,2618809.341035684,2618809.341035684,2618809.341035684,-2289358.3148922734,-2289358.3148922734,-2289358.3148922734,0.0,0.0,0.0,10585415.499073353
2027-04-12,10250321.862251922,-17555068.450360175,31532107.981271327,-6787218.013489129,28726655.475797072,-4327775.964269544,-4327775.964269544,-4327775.964269544,-2471823.0997832622,-2471823.0997832622,-2471823.0997832622,-1855952.8644862818,-1855952.8644862818,-1855952.8644862818,0.0,0.0,0.0,5922545.8979823785
2027-04-13,10244679.251573903,-19858992.599948447,29433800.01689947,-6828356.625866176,28752781.458341103,-4112049.938722887,-4112049.938722887,-4112049.938722887,-2758137.711491171,-2758137.711491171,-2758137.711491171,-1353912.227231717,-1353912.227231717,-1353912.227231717,0.0,0.0,0.0,6132629.312851016
2027-04-14,10239036.640895886,-14818764.306019917,33724199.488270245,-6869495.238243216,28778560.402359903,-1867838.682370964,-1867838.682370964,-1867838.682370964,-1074276.5511776442,-1074276.5511776442,-1074276.5511776442,-793562.13119332,-793562.13119332,-793562.13119332,0.0,0.0,0.0,8371197.958524922
2027-04-15,10233394.030217867,-12852433.497926306,36575232.296906054,-6906188.039914689,28794323.68794096,715439.6189918473,715439.6189918473,715439.6189918473,901994.0573728991,901994.0573728991,901994.0573728991,-186554.4383810519,-186554.4383810519,-186554.4383810519,0.0,0.0,0.0,10948833.649209715
2027-04-16,10227751.419539848,-12361626.530110106,35962769.22774679,-6942167.343966346,28836764.56827433,619028.1881839834,619028.1881839834,619028.1881839834,164624.10669552963,164624.10669552963,164624.10669552963,454404.08148845384,454404.08148845384,454404.08148845384,0.0,0.0,0.0,10846779.607723832
2027-04-17,10222108.80886183,-9854901.914331194,37919338.15480598,-6978146.648017999,28865946.263988174,3734655.868167625,3734655.868167625,3734655.868167625,2618809.8573525194,2618809.8573525194,2618809.8573525194,1115846.0108151054,1115846.0108151054,1115846.0108151054,0.0,0.0,0.0,13956764.677029453
2027-04-18,10216466.19818381,-8610066.234602697,40692860.646838814,-7014125.95206965,28906342.732713584,4402662.505780234,4402662.505780234,4402662.505780234,2618809.341034298,2618809.341034298,2618809.341034298,1783853.164745937,1783853.164745937,1783853.164745937,0.0,0.0,0.0,14619128.703964043
2027-04-19,10210823.587505791,-15021366.081182027,35858876.953133024,-7050052.0716589,28924920.412579037,-27448.74297576694,-27448.74297576694,-27448.74297576694,-2471823.099786869,-2471823.099786869,-2471823.099786869,2444374.3568111015,2444374.3568111015,2444374.3568111015,0.0,0.0,0.0,10183374.844530024
2027-04-20,10205180.976827772,-12679858.90275418,35251952.6269689,-7089189.154967754,28959936.730328225,325405.48090956046,325405.48090956046,325405.48090956046,-2758137.711484015,-2758137.711484015,-2758137.711484015,3083543.1923935753,3083543.1923935753,3083543.1923935753,0.0,0.0,0.0,10530586.457737332
2027-04-21,10199538.366149757,-13546346.304458614,36497614.35798318,-7135478.661686894,29027810.255000155,2613711.5643882323,2613711.5643882323,2613711.5643882323,-1074276.5511871502,-1074276.5511871502,-1074276.5511871502,3687988.115575382,3687988.115575382,3687988.115575382,0.0,0.0,0.0,12813249.93053799
2027-04-22,10193895.755471736,-8714839.381064285,41907722.76164227,-7182584.0677773785,29081641.01129651,5147121.274480152,5147121.274480152,5147121.274480152,901994.0573773386,901994.0573773386,901994.0573773386,4245127.217102814,4245127.217102814,4245127.217102814,0.0,0.0,0.0,15341017.029951889
2027-04-23,10188253.144793717,-9460420.225250902,39444360.03477063,-7210761.185098544,29127825.214838754,4908064.891154861,4908064.891154861,4908064.891154861,164624.10669343662,164624.10669343662,164624.10669343662,4743440.784461424,4743440.784461424,4743440.784461424,0.0,0.0,0.0,15096318.035948578
2027-04-24,10182610.534115698,-6627162.625806237,44967242.17918868,-7244972.749809547,29192142.45302418,7791525.082121453,7791525.082121453,7791525.082121453,2618809.857344531,2618809.857344531,2618809.857344531,5172715.224776924,5172715.224776924,5172715.224776924,0.0,0.0,0.0,17974135.616237152
2027-04-25,10176967.923437681,-5672422.090317671,42139059.38725185,-7279184.314520549,29261360.470249496,8143062.139879994,8143062.139879994,8143062.139879994,2618809.341032911,2618809.341032911,2618809.341032911,5524252.798847083,5524252.798847083,5524252.798847083,0.0,0.0,0.0,18320030.063317675
2027-04-26,10171325.312759662,-10812207.415011665,36817468.312208295,-7320624.6111932,29330578.487474807,3319219.447208386,3319219.447208386,3319219.447208386,-2471823.0997904753,-2471823.0997904753,-2471823.0997904753,5791042.546998861,5791042.546998861,5791042.546998861,0.0,0.0,0.0,13490544.759968048
2027-04-27,10165682.702081641,-12028483.265262846,37476891.029135995,-7372884.245565977,29395494.405859493,3209751.127000101,3209751.127000101,3209751.127000101,-2758137.711488332,-2758137.711488332,-2758137.711488332,5967888.8384884335,5967888.8384884335,5967888.8384884335,0.0,0.0,0.0,13375433.829081742
2027-04-28,10160040.091403626,-11693283.096015265,41954095.8428595,-7425143.8799387505,29434773.18099304,4977218.555182539,4977218.555182539,4977218.555182539,-1074276.5511742996,-1074276.5511742996,-1074276.5511742996,6051495.106356839,6051495.106356839,6051495.106356839,0.0,0.0,0.0,15137258.646586165
2027-04-29,10154397.480725607,-7721749.876782461,42528576.42429855,-7477403.514311528,29461956.550592165,6942495.565905454,6942495.565905454,6942495.565905454,901994.0573763872,901994.0573763872,901994.0573763872,6040501.508529066,6040501.508529066,6040501.508529066,0.0,0.0,0.0,17096893.04663106
2027-04-30,10148754.870047588,-7531188.364973659,42338784.62161436,-7529663.148684304,29489139.920191295,6100100.557637016,6100100.557637016,6100100.557637016,164624.10669521673,164624.10669521673,164624.10669521673,5935476.4509418,5935476.4509418,5935476.4509418,0.0,0.0,0.0,16248855.427684605
2027-05-01,10143112.259369567,-6702858.723606886,43445485.13673839,-7579970.079576981,29516323.289790425,8357672.945265956,8357672.945265956,8357672.945265956,2618809.8573579653,2618809.8573579653,2618809.8573579653,5738863.08790799,5738863.08790799,5738863.08790799,0.0,0.0,0.0,18500785.204635523
2027-05-02,10137469.64869155,-7409491.622132465,44241619.77535248,-7622917.617545262,29543506.65938956,8073692.388016366,8073692.388016366,8073692.388016366,2618809.3410401363,2618809.3410401363,2618809.3410401363,5454883.04697623,5454883.04697623,5454883.04697623,0.0,0.0,0.0,18211162.036707915
2027-05-03,10131827.03801353,-12456743.35732328,38047699.393536404,-7665865.1555135455,29570690.02898869,2617577.5808972293,2617577.5808972293,2617577.5808972293,-2471823.0997748906,-2471823.0997748906,-2471823.0997748906,5089400.68067212,5089400.68067212,5089400.68067212,0.0,0.0,0.0,12749404.61891076
2027-05-04,10126184.427335512,-12385321.404453594,37619520.631402105,-7708370.315565651,29602395.560194615,1891614.3866690777,1891614.3866690777,1891614.3866690777,-2758137.711487836,-2758137.711487836,-2758137.711487836,4649752.098156914,4649752.098156914,4649752.098156914,0.0,0.0,0.0,12017798.814004589
2027-05-05,10120541.816657495,-11858460.55766966,39017065.97155131,-7763195.862963768,29639133.96106355,3070267.5006254297,3070267.5006254297,3070267.5006254297,-1074276.5511828216,-1074276.5511828216,-1074276.5511828216,4144544.0518082515,4144544.0518082515,4144544.0518082515,0.0,0.0,0.0,13190809.317282924
2027-05-06,10114899.205979476,-9970351.135997131,40659817.81927263,-7818021.410361889,29660313.738023393,4485422.48398059,4485422.48398059,4485422.48398059,901994.0573746014,901994.0573746014,901994.0573746014,3583428.4266059883,3583428.4266059883,3583428.4266059883,0.0,0.0,0.0,14600321.689960066
2027-05-07,10109256.595301457,-10739596.824139608,38770374.050397225,-7872846.957760009,29679423.507385213,3141482.694567986,3141482.694567986,3141482.694567986,164624.10669699748,164624.10669699748,164624.10669699748,2976858.5878709885,2976858.5878709885,2976858.5878709885,0.0,0.0,0.0,13250739.289869443
2027-05-08,10103613.98462344,-9025028.017171081,41348830.192734316,-7927672.505158128,29706606.876984347,4954644.031357859,4954644.031357859,4954644.031357859,2618809.857345692,2618809.857345692,2618809.857345692,2335834.1740121674,2335834.1740121674,2335834.1740121674,0.0,0.0,0.0,15058258.015981298
2027-05-09,10097971.37394542,-9949750.649309251,39520188.52982669,-7982498.052556249,29733790.24658348,4290450.410102791,4290450.410102791,4290450.410102791,2618809.341026291,2618809.341026291,2618809.341026291,1671641.0690765,1671641.0690765,1671641.0690765,0.0,0.0,0.0,14388421.78404821
2027-05-10,10092328.763267402,-15713936.036053678,34340295.45817652,-8025369.356821889,29760973.61618261,-1476229.845605143,-1476229.845605143,-1476229.845605143,-2471823.099792395,-2471823.099792395,-2471823.099792395,995593.2541872516,995593.2541872516,995593.2541872516,0.0,0.0,0.0,8616098.91766226
2027-05-11,10086686.152589383,-16101907.22546482,33482954.105807118,-8049160.255600015,29788156.98578174,-2439354.6906796466,-2439354.6906796466,-2439354.6906796466,-2758137.711486417,-2758137.711486417,-2758137.711486417,318783.02080677036,318783.02080677036,318783.02080677036,0.0,0.0,0.0,7647331.461909736
2027-05-12,10081043.541911364,-15932479.531492205,33944236.16178139,-8126417.123951232,29815340.35538087,-1422430.909343797,-1422430.909343797,-1422430.909343797,-1074276.551170955,-1074276.551170955,-1074276.551170955,-348154.35817284207,-348154.35817284207,-348154.35817284207,0.0,0.0,0.0,8658612.632567566
2027-05-13,10075400.931233345,-14145774.49423092,34253620.28781041,-8171732.18829342,29842523.724980004,-93261.8909989252,-93261.8909989252,-93261.8909989252,901994.0573790409,901994.0573790409,901994.0573790409,-995255.9483779661,-995255.9483779661,-995255.9483779661,0.0,0.0,0.0,9982139.040234419
2027-05-14,10069758.320555326,-17014204.99584665,33982250.21447935,-8210312.919613032,29869707.094579134,-1448797.4914402629,-1448797.4914402629,-1448797.4914402629,164624.10668995485,164624.10668995485,164624.10668995485,-1613421.5981302175,-1613421.5981302175,-1613421.5981302175,0.0,0.0,0.0,8620960.829115063
2027-05-15,10064115.709877308,-16230371.914904213,36928263.03886012,-8248893.6509326445,29896890.464178264,424234.4145814499,424234.4145814499,424234.4145814499,2618809.8573505576,2618809.8573505576,2618809.8573505576,-2194575.4427691074,-2194575.4427691074,-2194575.4427691074,0.0,0.0,0.0,10488350.124458758
2027-05-16,10058473.09919929,-15003552.05608546,36963940.778989434,-8287474.382252256,29924073.833777398,-112985.96020842802,-112985.96020842802,-112985.96020842802,2618809.3410373637,2618809.3410373637,2618809.3410373637,-2731795.301245792,-2731795.301245792,-2731795.301245792,0.0,0.0,0.0,9945487.138990862
2027-05-17,10052830.48852127,-22092735.492765963,31334094.39768932,-8326055.113571869,29951257.20337653,-5691230.860133449,-5691230.860133449,-5691230.860133449,-2471823.0997821037,-2471823.0997821037,-2471823.0997821037,-3219407.7603513454,-3219407.7603513454,-3219407.7603513454,0.0,0.0,0.0,4361599.628387822
2027-05-18,10047187.877843251,-20469379.534071855,29367602.58975826,-8362637.337539001,29978440.572975658,-6411185.454731709,-6411185.454731709,-6411185.454731709,-2758137.7114849975,-2758137.7114849975,-2758137.7114849975,-3653047.7432467123,-3653047.7432467123,-3653047.7432467123,0.0,0.0,0.0,3636002.423111542
2027-05-19,10041545.267165234,-20565647.103032395,31689980.419008393,-8398912.512995344,30005623.94257479,-5103958.921217814,-5103958.921217814,-5103958.921217814,-1074276.5511784933,-1074276.5511784933,-1074276.5511784933,-4029682.370039321,-4029682.370039321,-4029682.370039321,0.0,0.0,0.0,4937586.34594742
2027-05-20,10035902.656487215,-19445559.726082705,31730923.07374605,-8435187.688451692,30032807.312173925,-3445605.851932742,-3445605.851932742,-3445605.851932742,901994.0573726981,901994.0573726981,901994.0573726981,-4347599.90930544,-4347599.90930544,-4347599.90930544,0.0,0.0,0.0,6590296.804554474
2027-05-21,10030260.045809196,-18076144.264492564,31211730.776148725,-8471462.86390804,30059990.68177305,-4441741.456806384,-4441741.456806384,-4441741.456806384,164624.10669281145,164624.10669281145,164624.10669281145,-4606365.5634991955,-4606365.5634991955,-4606365.5634991955,0.0,0.0,0.0,5588518.589002812
2027-05-22,10024617.43513118,-16741620.786471378,35180409.85169302,-8507738.039364386,30087174.051372185,-2187936.844045727,-2187936.844045727,-2187936.844045727,2618809.857351138,2618809.857351138,2618809.857351138,-4806746.701396865,-4806746.701396865,-4806746.701396865,0.0,0.0,0.0,7836680.591085453
2027-05-23,10018974.82445316,-17951319.80943588,33444911.06170878,-8544013.214820731,30114357.42097132,-2331801.583006813,-2331801.583006813,-2331801.583006813,2618809.3410522826,2618809.3410522826,2618809.3410522826,-4950610.924059096,-4950610.924059096,-4950610.924059096,0.0,0.0,0.0,7687173.241446347
2027-05-24,10013332.213775141,-21514940.596760165,27650215.04319931,-8580288.39027708,30141540.79057045,-7512624.106023026,-7512624.106023026,-7512624.106023026,-2471823.0997804166,-2471823.0997804166,-2471823.0997804166,-5040801.00624261,-5040801.00624261,-5040801.00624261,0.0,0.0,0.0,2500708.1077521155
2027-05-25,10007689.603097122,-23156966.63630984,27944145.926874556,-8616563.565733427,30184437.23884419,-7839128.988194213,-7839128.988194213,-7839128.988194213,-2758137.71149116,-2758137.71149116,-2758137.71149116,-5080991.276703052,-5080991.276703052,-5080991.276703052,0.0,0.0,0.0,2168560.614902909
2027-05-26,10002046.992419103,-21511660.710720953,30035493.355395637,-8652838.741189776,30239035.41764323,-6149806.926431108,-6149806.926431108,-6149806.926431108,-1074276.5511773126,-1074276.5511773126,-1074276.5511773126,-5075530.375253796,-5075530.375253796,-5075530.375253796,0.0,0.0,0.0,3852240.065987995
2027-05-27,9996404.381741082,-19510736.73855127,32552018.64805798,-8689113.916646121,30251083.386251595,-4127281.4869844215,-4127281.4869844215,-4127281.4869844215,901994.0573771377,901994.0573771377,901994.0573771377,-5029275.54436156,-5029275.54436156,-5029275.54436156,0.0,0.0,0.0,5869122.894756661
2027-05-28,9990761.771063063,-21511673.16316084,30811206.486019917,-8725389.09210247,30260417.32862656,-4782799.567942572,-4782799.567942572,-4782799.567942572,164624.10669351564,164624.10669351564,164624.10669351564,-4947423.674636088,-4947423.674636088,-4947423.674636088,0.0,0.0,0.0,5207962.2031204915
2027-05-29,9985119.160385048,-17537408.989415374,34033683.02303292,-8761664.267558815,30277457.638566107,-2216534.371212391,-2216534.371212391,-2216534.371212391,2618809.857351719,2618809.857351719,2618809.857351719,-4835344.22856411,-4835344.22856411,-4835344.22856411,0.0,0.0,0.0,7768584.789172657
2027-05-30,9979476.549707029,-16694485.044904722,34797325.19980862,-8802126.8869599,30304641.008165237,-2079609.580020871,-2079609.580020871,-2079609.580020871,2618809.3410345907,2618809.3410345907,2618809.3410345907,-4698418.921055462,-4698418.921055462,-4698418.921055462,0.0,0.0,0.0,7899866.969686158
2027-05-31,9973833.93902901,-22308277.803239375,28415053.196282767,-8851515.754017245,30331824.37776437,-7013715.7491287105,-7013715.7491287105,-7013715.7491287105,-2471823.0997893168,-2471823.0997893168,-2471823.0997893168,-4541892.649339395,-4541892.649339395,-4541892.649339395,0.0,0.0,0.0,2960118.1899002995
2027-06-01,9968191.32835099,-20683164.75632354,29129257.529616404,-8900904.62107459,30359007.7473635,-7128877.3643453745,-7128877.3643453745,-7128877.3643453745,-2758137.711484005,-2758137.711484005,-2758137.711484005,-4370739.65286137,-4370739.65286137,-4370739.65286137,0.0,0.0,0.0,2839313.9640056146
2027-06-02,9962548.717672974,-21242101.914679628,30707790.15548829,-8935121.2287989,30386191.11696263,-5263824.815350925,-5263824.815350925,-5263824.815350925,-1074276.551175148,-1074276.551175148,-1074276.551175148,-4189548.264175777,-4189548.264175777,-4189548.264175777,0.0,0.0,0.0,4698723.902322049
2027-06-03,9956906.106994955,-18591332.07370639,31241241.6880658,-8968987.330063442,30413374.486561764,-3100432.847967392,-3100432.847967392,-3100432.847967392,901994.0573753519,901994.0573753519,901994.0573753519,-4002426.905342744,-4002426.905342744,-4002426.905342744,0.0,0.0,0.0,6856473.259027563
2027-06-04,9951263.496316936,-20036183.80155324,32956501.781036027,-9002853.431327984,30440557.856160898,-3648309.107734343,-3648309.107734343,-3648309.107734343,164624.10668754907,164624.10668754907,164624.10668754907,-3812933.2144218925,-3812933.2144218925,-3812933.2144218925,0.0,0.0,0.0,6302954.388582593
2027-06-05,9945620.885638919,-16434988.580186343,35382120.89665725,-9036719.532592522,30467741.225760024,-1005217.5208613579,-1005217.5208613579,-1005217.5208613579,2618809.8573480137,2618809.8573480137,2618809.8573480137,-3624027.3782093716,-3624027.3782093716,-3624027.3782093716,0.0,0.0,0.0,8940403.364777561
2027-06-06,9939978.2749609,-17736555.593306657,35790332.30107399,-9093561.45263842,30494924.595359158,-819240.5850016234,-819240.5850016234,-819240.5850016234,2618809.3410456623,2618809.3410456623,2618809.3410456623,-3438049.926047286,-3438049.926047286,-3438049.926047286,0.0,0.0,0.0,9120737.689959276
2027-06-07,9934335.66428288,-22046868.070930704,31961448.362077888,-9169593.596632693,30522107.96495829,-5728546.531180887,-5728546.531180887,-5728546.531180887,-2471823.0997876297,-2471823.0997876297,-2471823.0997876297,-3256723.431393257,-3256723.431393257,-3256723.431393257,0.0,0.0,0.0,4205789.133101994
2027-06-08,9928693.053604862,-22069880.07350622,30195656.240087744,-9248151.856087625,30571578.614581805,-5839314.509077982,-5839314.509077982,-5839314.509077982,-2758137.711488322,-2758137.711488322,-2758137.711488322,-3081176.79758966,-3081176.79758966,-3081176.79758966,0.0,0.0,0.0,4089378.5445268797
2027-06-09,9923050.44292684,-17925457.231144506,31801607.182547893,-9313185.13285468,30625640.907800693,-3986266.646937928,-3986266.646937928,-3986266.646937928,-1074276.5511826866,-1074276.5511826866,-1074276.5511826866,-2911990.095755242,-2911990.095755242,-2911990.095755242,0.0,0.0,0.0,5936783.795988913
2027-06-10,9917407.832248822,-16407004.088282114,33782919.15310198,-9367539.795266518,30668787.671654094,-1847263.2397320645,-1847263.2397320645,-1847263.2397320645,901994.0573752346,901994.0573752346,901994.0573752346,-2749257.297107299,-2749257.297107299,-2749257.297107299,0.0,0.0,0.0,8070144.592516758
2027-06-11,9911765.221570803,-18111334.620293275,33994086.70002598,-9421894.457678352,30700200.641485494,-2428039.611225045,-2428039.611225045,-2428039.611225045,164624.10669707696,164624.10669707696,164624.10669707696,-2592663.7179221213,-2592663.7179221213,-2592663.7179221213,0.0,0.0,0.0,7483725.6103457585
2027-06-12,9906122.610892788,-16077884.927124001,35538714.331384026,-9476249.120090187,30731613.611316893,177235.26958363625,177235.26958363625,177235.26958363625,2618809.8573400257,2618809.8573400257,2618809.8573400257,-2441574.5877563893,-2441574.5877563893,-2441574.5877563893,0.0,0.0,0.0,10083357.880476424
2027-06-13,9900480.000214767,-16005821.979316853,35405624.21768561,-9530603.782502022,30763026.581148285,323678.4690084564,323678.4690084564,323678.4690084564,2618809.3410279704,2618809.3410279704,2618809.3410279704,-2295130.8720195144,-2295130.8720195144,-2295130.8720195144,0.0,0.0,0.0,10224158.469223224
2027-06-14,9894837.389536748,-21548321.537848316,31799259.431447238,-9583632.214154169,30794439.550979674,-4624171.435108601,-4624171.435108601,-4624171.435108601,-2471823.0997773386,-2471823.0997773386,-2471823.0997773386,-2152348.335331263,-2152348.335331263,-2152348.335331263,0.0,0.0,0.0,5270665.954428147
2027-06-15,9889194.778858732,-19565049.956570067,30768392.345652837,-9632561.553548135,30825852.520811073,-4770353.537040126,-4770353.537040126,-4770353.537040126,-2758137.711488749,-2758137.711488749,-2758137.711488749,-2012215.8255513767,-2012215.8255513767,-2012215.8255513767,0.0,0.0,0.0,5118841.241818607
2027-06-16,9883552.168180713,-20329789.91660621,33980384.66969011,-9684396.01748245,30857265.490642473,-2948065.439210829,-2948065.439210829,-2948065.439210829,-1074276.5511824896,-1074276.5511824896,-1074276.5511824896,-1873788.8880283395,-1873788.8880283395,-1873788.8880283395,0.0,0.0,0.0,6935486.728969885
2027-06-17,9877909.557502693,-16624832.291120015,34913093.869025715,-9740010.411234045,30888678.460473858,-834281.0224663062,-834281.0224663062,-834281.0224663062,901994.0573761442,901994.0573761442,901994.0573761442,-1736275.0798424503,-1736275.0798424503,-1736275.0798424503,0.0,0.0,0.0,9043628.535036387
2027-06-18,9872266.946824674,-16451113.252983112,35600353.891019,-9795624.80498564,30916469.626468275,-1434483.6279011862,-1434483.6279011862,-1434483.6279011862,164624.10669111,164624.10669111,164624.10669111,-1599107.7345922964,-1599107.7345922964,-1599107.7345922964,0.0,0.0,0.0,8437783.318923488
2027-06-19,9866624.336146658,-14873005.851859258,38135251.60631632,-9851239.198737236,30942519.51499201,1156804.4415840968,1156804.4415840968,1156804.4415840968,2618809.857349175,2618809.857349175,2618809.857349175,-1462005.4157650785,-1462005.4157650785,-1462005.4157650785,0.0,0.0,0.0,11023428.777730756
2027-06-20,9860981.72546864,-14098194.166310161,38916272.85610769,-9889241.376630526,30968569.40351574,1293794.467028036,1293794.467028036,1293794.467028036,2618809.3410428897,2618809.3410428897,2618809.3410428897,-1325014.8740148537,-1325014.8740148537,-1325014.8740148537,0.0,0.0,0.0,11154776.192496676
2027-06-21,9855339.11479062,-20559041.273273896,33044937.608266093,-9931481.774099225,30994619.29203947,-3660359.070616409,-3660359.070616409,-3660359.070616409,-2471823.099794843,-2471823.099794843,-2471823.099794843,-1188535.9708215664,-1188535.9708215664,-1188535.9708215664,0.0,0.0,0.0,6194980.044174211
2027-06-22,9849696.5041126,-18983198.352840435,33541960.13875819,-9983553.77069819,31020669.180563204,-3811465.437545229,-3811465.437545229,-3811465.437545229,-2758137.7114854837,-2758137.7114854837,-2758137.7114854837,-1053327.7260597453,-1053327.7260597453,-1053327.7260597453,0.0,0.0,0.0,6038231.066567371
2027-06-23,9844053.89343458,-18487636.974206757,34946568.791439004,-10035625.76729715,31046719.069086935,-1994771.9177048712,-1994771.9177048712,-1994771.9177048712,-1074276.551178358,-1074276.551178358,-1074276.551178358,-920495.3665265131,-920495.3665265131,-920495.3665265131,0.0,0.0,0.0,7849281.9757297095
2027-06-24,9838411.282756561,-15956836.205234515,37485615.07431365,-10087697.763896111,31072768.957610663,110535.08498313309,110535.08498313309,110535.08498313309,901994.0573760269,901994.0573760269,901994.0573760269,-791458.9723928937,-791458.9723928937,-791458.9723928937,0.0,0.0,0.0,9948946.367739694
2027-06-25,9832768.672078542,-16201410.799879096,36102850.04350564,-10139769.760495076,31098818.846134398,-503280.9079817572,-503280.9079817572,-503280.9079817572,164624.10669181467,164624.10669181467,164624.10669181467,-667905.0146735719,-667905.0146735719,-667905.0146735719,0.0,0.0,0.0,9329487.764096785
2027-06-26,9827126.061400525,-13928779.640859503,40036390.44361942,-10191841.757094033,31124868.734658137,2067087.131353952,2067087.131353952,2067087.131353952,2618809.8573369025,2618809.8573369025,2618809.8573369025,-551722.7259829503,-551722.7259829503,-551722.7259829503,0.0,0.0,0.0,11894213.192754477
2027-06-27,9821483.450722506,-13958500.639223848,38967511.2731483,-10243408.807793899,31150075.9908107,2173881.5137249967,2173881.5137249967,2173881.5137249967,2618809.3410338103,2618809.3410338103,2618809.3410338103,-444927.8273088131,-444927.8273088131,-444927.8273088131,0.0,0.0,0.0,11995364.964447502
2027-06-28,9815840.840044487,-19511791.229396783,33597718.59411949,-10293509.436788596,31182101.263961684,-2821399.725559136,-2821399.725559136,-2821399.725559136,-2471823.099781905,-2471823.099781905,-2471823.099781905,-349576.62577723106,-349576.62577723106,-349576.62577723106,0.0,0.0,0.0,6994441.114485351
2027-06-29,9810198.229366472,-20484911.387316067,33289949.154858753,-10343610.065783288,31211248.390794463,-3025811.597277487,-3025811.597277487,-3025811.597277487,-2758137.7114916462,-2758137.7114916462,-2758137.7114916462,-267673.8857858406,-267673.8857858406,-267673.8857858406,0.0,0.0,0.0,6784386.632088985
2027-06-30,9804555.618688451,-18006933.470966775,34905150.716901734,-10393710.694777988,31240395.51762724,-1275354.696434626,-1275354.696434626,-1275354.696434626,-1074276.5511781613,-1074276.5511781613,-1074276.5511781613,-201078.14525646475,-201078.14525646475,-201078.14525646475,0.0,0.0,0.0,8529200.922253825
2027-07-01,9798913.008010432,-16919827.6624996,37308457.270282485,-10443811.323772684,31269542.64446001,750585.766964999,750585.766964999,750585.766964999,901994.0573742411,901994.0573742411,901994.0573742411,-151408.290409242,-151408.290409242,-151408.290409242,0.0,0.0,0.0,10549498.77497543
2027-07-02,9793270.397332413,-16155538.717851438,35309138.338030994,-10493911.95276738,31298689.771292787,44668.89534088497,44668.89534088497,44668.89534088497,164624.1066946712,164624.1066946712,164624.1066946712,-119955.21135378626,-119955.21135378626,-119955.21135378626,0.0,0.0,0.0,9837939.292673297
2027-07-03,9787627.786654398,-12107601.820953047,42244576.23103832,-10544012.581762075,31327836.898125567,2511207.6218154156,2511207.6218154156,2511207.6218154156,2618809.857350337,2618809.857350337,2618809.857350337,-107602.23553492181,-107602.23553492181,-107602.23553492181,0.0,0.0,0.0,12298835.408469813
2027-07-04,9781985.175976377,-12216056.357860982,39495506.37408698,-10589220.260371972,31356984.02495834,2504051.5608894755,2504051.5608894755,2504051.5608894755,2618809.341040116,2618809.341040116,2618809.341040116,-114757.78015064048,-114757.78015064048,-114757.78015064048,0.0,0.0,0.0,12286036.736865852
2027-07-05,9776342.565298358,-19279249.183930796,33488463.996029958,-10629492.219072664,31386131.151791114,-2613126.385211849,-2613126.385211849,-2613126.385211849,-2471823.0997994086,-2471823.0997994086,-2471823.0997994086,-141303.2854124404,-141303.2854124404,-141303.2854124404,0.0,0.0,0.0,7163216.180086508
2027-07-06,9770699.954620339,-17871339.53406583,35421510.60982348,-10669764.177773358,31415278.27862389,-2944696.711147408,-2944696.711147408,-2944696.711147408,-2758137.7114902274,-2758137.7114902274,-2758137.7114902274,-186558.99965718098,-186558.99965718098,-186558.99965718098,0.0,0.0,0.0,6826003.243472931
2027-07-07,9765057.34394232,-20242782.96239361,35972545.472744614,-10710036.136474052,31445674.829516105,-1323546.1510328392,-1323546.1510328392,-1323546.1510328392,-1074276.5511856994,-1074276.5511856994,-1074276.5511856994,-249269.59984713965,-249269.59984713965,-249269.59984713965,0.0,0.0,0.0,8441511.192909481
2027-07-08,9759414.733264303,-16200214.004175521,39160279.085304804,-10750308.095174745,31487149.08712615,574383.0918070877,574383.0918070877,574383.0918070877,901994.0573786807,901994.0573786807,901994.0573786807,-327610.96557159297,-327610.96557159297,-327610.96557159297,0.0,0.0,0.0,10333797.82507139
2027-07-09,9753772.122586284,-18660069.089185692,36406458.911265984,-10790580.053875439,31528623.3447362,-254594.59556223877,-254594.59556223877,-254594.59556223877,164624.1066915023,164624.1066915023,164624.1066915023,-419218.70225374104,-419218.70225374104,-419218.70225374104,0.0,0.0,0.0,9499177.527024046
2027-07-10,9748129.511908265,-15330502.676078396,40123591.86301584,-10838622.845300196,31570097.602346238,2097571.6042524558,2097571.6042524558,2097571.6042524558,2618809.8573466325,2618809.8573466325,2618809.8573466325,-521238.25309417694,-521238.25309417694,-521238.25309417694,0.0,0.0,0.0,11845701.11616072
2027-07-11,9742486.901230246,-15153369.041996947,39128446.44552002,-10901652.082462454,31611571.859956283,1988413.6673267037,1988413.6673267037,1988413.6673267037,2618809.341031037,2618809.341031037,2618809.341031037,-630395.6737043334,-630395.6737043334,-630395.6737043334,0.0,0.0,0.0,11730900.56855695
2027-07-12,9736844.290552227,-20633148.278877154,34779861.48440814,-10964681.319624716,31653046.117566332,-3214910.493307569,-3214910.493307569,-3214910.493307569,-2471823.0997891184,-2471823.0997891184,-2471823.0997891184,-743087.3935184509,-743087.3935184509,-743087.3935184509,0.0,0.0,0.0,6521933.797244658
2027-07-13,9731201.67987421,-20359169.338440824,33095471.245125227,-11027710.556786971,31694520.375176378,-3613624.2900313996,-3613624.2900313996,-3613624.2900313996,-2758137.711488808,-2758137.711488808,-2758137.711488808,-855486.5785425921,-855486.5785425921,-855486.5785425921,0.0,0.0,0.0,6117577.38984281
2027-07-14,9725559.06919619,-19740657.132618368,35818372.360423096,-11090739.793949233,31732187.5900209,-2037939.6159074053,-2037939.6159074053,-2037939.6159074053,-1074276.551173833,-1074276.551173833,-1074276.551173833,-963663.0647335723,-963663.0647335723,-963663.0647335723,0.0,0.0,0.0,7687619.453288785
2027-07-15,9719916.458518172,-18263913.686808746,36538233.647360526,-11153769.031111494,31767226.97744969,-161719.21476759683,-161719.21476759683,-161719.21476759683,901994.0573723379,901994.0573723379,901994.0573723379,-1063713.2721399346,-1063713.2721399346,-1063713.2721399346,0.0,0.0,0.0,9558197.243750574
2027-07-16,9714273.847840156,-17670892.23515158,36565833.27760346,-11202722.788902542,31802266.364878487,-987271.9499379654,-987271.9499379654,-987271.9499379654,164624.10669220643,164624.10669220643,164624.10669220643,-1151896.0566301716,-1151896.0566301716,-1151896.0566301716,0.0,0.0,0.0,8727001.89790219
2027-07-17,9708631.237162136,-14770918.229093982,38434392.84498865,-11235913.970534062,31837071.929079715,1394039.732429776,1394039.732429776,1394039.732429776,2618809.857347213,2618809.857347213,2618809.857347213,-1224770.124917437,-1224770.124917437,-1224770.124917437,0.0,0.0,0.0,11102670.969591912
2027-07-18,9702988.626484117,-17224409.449091468,40602497.18882146,-11269105.15216558,31870384.955932118,1339480.8985397762,1339480.8985397762,1339480.8985397762,2618809.3410459557,2618809.3410459557,2618809.3410459557,-1279328.4425061797,-1279328.4425061797,-1279328.4425061797,0.0,0.0,0.0,11042469.525023893
2027-07-19,9697346.015806098,-22172888.712001782,34573452.77630931,-11302296.333797101,31903697.982784525,-3784948.111995525,-3784948.111995525,-3784948.111995525,-2471823.0997874304,-2471823.0997874304,-2471823.0997874304,-1313125.0122080948,-1313125.0122080948,-1313125.0122080948,0.0,0.0,0.0,5912397.903810572
2027-07-20,9691703.405128079,-21180050.224706013,34219676.7294317,-11335487.51542862,31936124.033836264,-4082527.208255534,-4082527.208255534,-4082527.208255534,-2758137.711488311,-2758137.711488311,-2758137.711488311,-1324389.4967672233,-1324389.4967672233,-1324389.4967672233,0.0,0.0,0.0,5609176.1968725445
2027-07-21,9686060.794450061,-20941989.960277166,34861851.113503255,-11368678.697060136,31971473.859516386,-2386401.954790281,-2386401.954790281,-2386401.954790281,-1074276.5511833385,-1074276.5511833385,-1074276.5511833385,-1312125.4036069426,-1312125.4036069426,-1312125.4036069426,0.0,0.0,0.0,7299658.83965978
2027-07-22,9680418.183772042,-17097341.443265367,36361627.228347324,-11401869.878691657,32016097.263748802,-374193.8797911275,-374193.8797911275,-374193.8797911275,901994.0573767774,901994.0573767774,901994.0573767774,-1276187.937167905,-1276187.937167905,-1276187.937167905,0.0,0.0,0.0,9306224.303980915
2027-07-23,9674775.573094023,-18192095.36245418,35768208.51786619,-11435061.060323173,32054782.638601676,-1052714.0393006643,-1052714.0393006643,-1052714.0393006643,164624.106695063,164624.106695063,164624.106695063,-1217338.1459957273,-1217338.1459957273,-1217338.1459957273,0.0,0.0,0.0,8622061.53379336
2027-07-24,9669132.962416004,-14675120.70319599,39888032.83128015,-11468252.241954694,32083256.207465075,1481539.2235703103,1481539.2235703103,1481539.2235703103,2618809.857347794,2618809.857347794,2618809.857347794,-1137270.6337774838,-1137270.6337774838,-1137270.6337774838,0.0,0.0,0.0,11150672.185986314
2027-07-25,9663490.351737985,-16045126.010787474,39888681.43118452,-11501443.423586212,32111015.707538836,1580196.4923711405,1580196.4923711405,1580196.4923711405,2618809.3410282633,2618809.3410282633,2618809.3410282633,-1038612.848657123,-1038612.848657123,-1038612.848657123,0.0,0.0,0.0,11243686.844109125
2027-07-26,9657847.741059966,-20968119.915135358,32379410.993200317,-11537496.73001711,32161686.88075881,-3396717.891811478,-3396717.891811478,-3396717.891811478,-2471823.0997963315,-2471823.0997963315,-2471823.0997963315,-924894.7920151466,-924894.7920151466,-924894.7920151466,0.0,0.0,0.0,6261129.849248488
2027-07-27,9652205.13038195,-20080505.78409311,33185816.888000544,-11597524.677162414,32217063.26990667,-3558626.584699561,-3558626.584699561,-3558626.584699561,-2758137.7114926283,-2758137.7114926283,-2758137.7114926283,-800488.8732069324,-800488.8732069324,-800488.8732069324,0.0,0.0,0.0,6093578.545682388
2027-07-28,9646562.51970393,-20100776.33812283,35976740.87685932,-11657552.624307724,32259518.47439117,-1744797.1051381892,-1744797.1051381892,-1744797.1051381892,-1074276.551181174,-1074276.551181174,-1074276.551181174,-670520.5539570149,-670520.5539570149,-670520.5539570149,0.0,0.0,0.0,7901765.414565741
2027-07-29,9640919.909025911,-15238023.526469145,37879134.46784604,-11717580.571453035,32301510.601865232,361242.7091020789,361242.7091020789,361242.7091020789,901994.0573749915,901994.0573749915,901994.0573749915,-540751.3482729127,-540751.3482729127,-540751.3482729127,0.0,0.0,0.0,10002162.61812799
2027-07-30,9635277.298347894,-17767148.24857863,37310182.1434752,-11777608.518598339,32339957.221264962,-252812.5358173081,-252812.5358173081,-252812.5358173081,164624.1066918935,164624.1066918935,164624.1066918935,-417436.6425092016,-417436.6425092016,-417436.6425092016,0.0,0.0,0.0,9382464.762530586
2027-07-31,9629634.687669875,-16855878.1247585,39853500.743797965,-11837636.465743648,32366274.371904798,2311648.209237567,2311648.209237567,2311648.209237567,2618809.857352659,2618809.857352659,2618809.857352659,-307161.648115092,-307161.648115092,-307161.648115092,0.0,0.0,0.0,11941282.896907441
2027-08-01,9623992.076991856,-15360961.824137744,40293850.16139262,-11897664.412888955,32386379.04929496,2402149.7714716378,2402149.7714716378,2402149.7714716378,2618809.3410354895,2618809.3410354895,2618809.3410354895,-216659.56956385163,-216659.56956385163,-216659.56956385163,0.0,0.0,0.0,12026141.848463494
2027-08-02,9618349.466313837,-21075143.619906515,36058817.34834869,-11957692.360034266,32405951.288220756,-2624439.837313654,-2624439.837313654,-2624439.837313654,-2471823.0997807467,-2471823.0997807467,-2471823.0997807467,-152616.73753290737,-152616.73753290737,-152616.73753290737,0.0,0.0,0.0,6993909.629000183
2027-08-03,9612706.85563582,-21234828.658025943,35428191.82366784,-12017720.307179572,32425148.581652783,-2879607.71149927,-2879607.71149927,-2879607.71149927,-2758137.711485473,-2758137.711485473,-2758137.711485473,-121470.00001379692,-121470.00001379692,-121470.00001379692,0.0,0.0,0.0,6733099.14413655
2027-08-04,9607064.244957801,-18072419.241233367,37263583.2866012,-12077748.25432488,32457523.12121433,-1203478.6142714603,-1203478.6142714603,-1203478.6142714603,-1074276.5511790097,-1074276.5511790097,-1074276.5511790097,-129202.06309245054,-129202.06309245054,-129202.06309245054,0.0,0.0,0.0,8403585.63068634
2027-08-05,9601421.634279782,-17318830.61245048,38158956.78606853,-12137776.20147019,32491501.199261807,720853.3438158989,720853.3438158989,720853.3438158989,901994.0573748742,901994.0573748742,901994.0573748742,-181140.71355897535,-181140.71355897535,-181140.71355897535,0.0,0.0,0.0,10322274.97809568
2027-08-06,9595779.023601763,-17602671.44028493,36940161.79755735,-12197804.148615498,32525479.277309276,-117143.82018084626,-117143.82018084626,-117143.82018084626,164624.1066986242,164624.1066986242,164624.1066986242,-281767.92687947047,-281767.92687947047,-281767.92687947047,0.0,0.0,0.0,9478635.203420917
2027-08-07,9590136.412923744,-15714441.721663265,41483156.2270533,-12257832.095760807,32559457.355356745,2184265.096672195,2184265.096672195,2184265.096672195,2618809.857340385,2618809.857340385,2618809.857340385,-434544.76066818996,-434544.76066818996,-434544.76066818996,0.0,0.0,0.0,11774401.509595938
2027-08-08,9584493.802245723,-17681106.27046503,40475781.33524184,-12317860.042906119,32593435.433404222,1977051.685970164,1977051.685970164,1977051.685970164,2618809.3410341027,2618809.3410341027,2618809.3410341027,-641757.6550639386,-641757.6550639386,-641757.6550639386,0.0,0.0,0.0,11561545.488215886
2027-08-09,9578851.191567704,-20716439.69888403,34848503.165530704,-12377887.990051424,32627413.51145169,-3376214.4114780636,-3376214.4114780636,-3376214.4114780636,-2471823.099784353,-2471823.099784353,-2471823.099784353,-904391.311693711,-904391.311693711,-904391.311693711,0.0,0.0,0.0,6202636.780089641
2027-08-10,9573208.580889689,-22243508.482624367,34906922.38671779,-12437516.608208388,32661391.589499176,-3980170.423520909,-3980170.423520909,-3980170.423520909,-2758137.711490713,-2758137.711490713,-2758137.711490713,-1222032.7120301959,-1222032.7120301959,-1222032.7120301959,0.0,0.0,0.0,5593038.157368779
2027-08-11,9567565.97021167,-21369325.001989394,36067353.5916671,-12495692.70611038,32695369.66754664,-2667086.629111199,-2667086.629111199,-2667086.629111199,-1074276.5511778293,-1074276.5511778293,-1074276.5511778293,-1592810.0779333701,-1592810.0779333701,-1592810.0779333701,0.0,0.0,0.0,6900479.341100471
2027-08-12,9561923.35953365,-19796353.884326495,38290573.898083575,-12553868.80401237,32728179.44593137,-1111375.6340406816,-1111375.6340406816,-1111375.6340406816,901994.0573784795,901994.0573784795,901994.0573784795,-2013369.6914191612,-2013369.6914191612,-2013369.6914191612,0.0,0.0,0.0,8450547.72549297
2027-08-13,9556280.748855634,-20500596.48281181,35336594.891264744,-12590231.050313845,32760773.021628544,-2314268.3930876236,-2314268.3930876236,-2314268.3930876236,164624.10669158114,164624.10669158114,164624.10669158114,-2478892.499779205,-2478892.499779205,-2478892.499779205,0.0,0.0,0.0,7242012.35576801
2027-08-14,9550638.138177615,-20465567.339733634,38998547.90586457,-12621641.432259604,32793294.35843523,-364341.50521655445,-364341.50521655445,-364341.50521655445,2618809.8573538205,2618809.8573538205,2618809.8573538205,-2983151.3625703747,-2983151.3625703747,-2983151.3625703747,0.0,0.0,0.0,9186296.63296106
2027-08-15,9544995.527499596,-19678985.917883944,35646141.73523485,-12646382.67691323,32813830.093790714,-899799.3368959883,-899799.3368959883,-899799.3368959883,2618809.3410327164,2618809.3410327164,2618809.3410327164,-3518608.6779287043,-3518608.6779287043,-3518608.6779287043,0.0,0.0,0.0,8645196.190603606
2027-08-16,9539352.916821579,-26042086.59710326,31103210.857811205,-12667879.278990561,32861642.694851607,-6548376.08756381,-6548376.08756381,-6548376.08756381,-2471823.0997879594,-2471823.0997879594,-2471823.0997879594,-4076552.9877758496,-4076552.9877758496,-4076552.9877758496,0.0,0.0,0.0,2990976.8292577686
2027-08-17,9533710.30614356,-27523649.340129055,30697849.094186384,-12689375.881067893,32896061.060269002,-7405409.748421219,-7405409.748421219,-7405409.748421219,-2758137.711482635,-2758137.711482635,-2758137.711482635,-4647272.036938584,-4647272.036938584,-4647272.036938584,0.0,0.0,0.0,2128300.5577223403
2027-08-18,9528067.69546554,-24188117.45114408,32352398.572905887,-12710872.483145224,32919967.586256575,-6294535.233349586,-6294535.233349586,-6294535.233349586,-1074276.5511853672,-1074276.5511853672,-1074276.5511853672,-5220258.682164219,-5220258.682164219,-5220258.682164219,0.0,0.0,0.0,3233532.4621159546
2027-08-19,9522425.084787522,-22578653.857786845,35399456.76121646,-12732369.085222559,32941007.101962384,-4882450.9872873835,-4882450.9872873835,-4882450.9872873835,901994.0573739982,901994.0573739982,901994.0573739982,-5784445.044661381,-5784445.044661381,-5784445.044661381,0.0,0.0,0.0,4639974.097500138
2027-08-20,9516782.474109503,-24689121.929957174,33012207.345229983,-12753865.68729989,32962046.61766818,-6163835.296994766,-6163835.296994766,-6163835.296994766,164624.1066933617,164624.1066933617,164624.1066933617,-6328459.403688128,-6328459.403688128,-6328459.403688128,0.0,0.0,0.0,3352947.1771147363
2027-08-21,9511139.863431482,-23010520.399137344,35188503.59333695,-12775362.289377226,32983086.133373998,-4222089.70897492,-4222089.70897492,-4222089.70897492,2618809.857345831,2618809.857345831,2618809.857345831,-6840899.566320752,-6840899.566320752,-6840899.566320752,0.0,0.0,0.0,5289050.154456561
2027-08-22,9505497.252753463,-23896921.032758303,34861479.72670282,-12796858.891454557,33003807.216812946,-4691806.502056185,-4691806.502056185,-4691806.502056185,2618809.3410274833,2618809.3410274833,2618809.3410274833,-7310615.843083668,-7310615.843083668,-7310615.843083668,0.0,0.0,0.0,4813690.7506972775
2027-08-23,9499854.642075447,-30392808.227903664,27165038.314373266,-12818355.493531886,33022501.14973623,-10198819.430361131,-10198819.430361131,-10198819.430361131,-2471823.0997862723,-2471823.0997862723,-2471823.0997862723,-7726996.330574856,-7726996.330574856,-7726996.330574856,0.0,0.0,0.0,-698964.7882856838
2027-08-24,9494212.031397428,-29518940.37998949,29098590.51505599,-12850298.850239972,33041195.082659505,-10838384.677122338,-10838384.677122338,-10838384.677122338,-2758137.711488797,-2758137.711488797,-2758137.711488797,-8080246.9656335395,-8080246.9656335395,-8080246.9656335395,0.0,0.0,0.0,-1344172.6457249094
2027-08-25,9488569.420719407,-27340362.074681044,30579358.395741034,-12905677.307356067,33059889.015582785,-9435935.331667267,-9435935.331667267,-9435935.331667267,-1074276.551173501,-1074276.551173501,-1074276.551173501,-8361658.780493766,-8361658.780493766,-8361658.780493766,0.0,0.0,0.0,52634.08905214071
2027-08-26,9482926.810041388,-26563029.414109606,31025068.657722022,-12960580.602127453,33078582.948506065,-7661860.902111109,-7661860.902111109,-7661860.902111109,901994.0573765764,901994.0573765764,901994.0573765764,-8563854.959487686,-8563854.959487686,-8563854.959487686,0.0,0.0,0.0,1821065.9079302792
2027-08-27,9477284.199363373,-26795645.561326828,30552781.999381755,-13015483.896898832,33097276.881429344,-8516386.56700145,-8516386.56700145,-8516386.56700145,164624.10669514234,164624.10669514234,164624.10669514234,-8681010.673696594,-8681010.673696594,-8681010.673696594,0.0,0.0,0.0,960897.6323619224
2027-08-28,9471641.588685354,-24899660.544093806,32471962.09877734,-13070387.191670218,33115970.814352624,-6090229.386121779,-6090229.386121779,-6090229.386121779,2618809.857354982,2618809.857354982,2618809.857354982,-8709039.243476762,-8709039.243476762,-8709039.243476762,0.0,0.0,0.0,3381412.2025635755
2027-08-29,9465998.978007333,-24138365.447921064,31457414.10536486,-13125290.486441605,33134664.747275904,-6026929.596618947,-6026929.596618947,-6026929.596618947,2618809.3410424017,2618809.3410424017,2618809.3410424017,-8645738.937661348,-8645738.937661348,-8645738.937661348,0.0,0.0,0.0,3439069.3813883867
2027-08-30,9460356.367329318,-29393260.696367875,26007946.048624784,-13183581.060181655,33150308.396682378,-10962718.744159242,-10962718.744159242,-10962718.744159242,-2471823.099778628,-2471823.099778628,-2471823.099778628,-8490895.644380614,-8490895.644380614,-8490895.644380614,0.0,0.0,0.0,-1502362.376829924
2027-08-31,9454713.7566513,-30192753.762232132,27408407.205581732,-13249354.659723947,33161967.01219017,-11004475.43086317,-11004475.43086317,-11004475.43086317,-2758137.711487378,-2758137.711487378,-2758137.711487378,-8246337.719375791,-8246337.719375791,-8246337.719375791,0.0,0.0,0.0,-1549761.6742118709
2027-09-01,9449071.14597328,-26606908.007592984,29594335.797487482,-13315128.259266237,33173625.62769796,-8990217.057578366,-8990217.057578366,-8990217.057578366,-1074276.5511820228,-1074276.5511820228,-1074276.5511820228,-7915940.506396344,-7915940.506396344,-7915940.506396344,0.0,0.0,0.0,458854.0883949138
2027-09-02,9443428.535295261,-25492653.006268796,32313940.290611256,-13380901.85880853,33209968.07273637,-6603585.242914933,-6603585.242914933,-6603585.242914933,901994.0573747907,901994.0573747907,901994.0573747907,-7505579.300289723,-7505579.300289723,-7505579.300289723,0.0,0.0,0.0,2839843.2923803283
2027-09-03,9437785.92461724,-27671166.529298987,31831394.280791894,-13446675.45835082,33236145.47530563,-6858406.746901603,-6858406.746901603,-6858406.746901603,164624.1066891757,164624.1066891757,164624.1066891757,-7023030.853590778,-7023030.853590778,-7023030.853590778,0.0,0.0,0.0,2579379.177715637
2027-09-04,9432143.313939221,-21719216.110230003,33614944.440467946,-13497339.703813028,33260107.82391661,-3859015.019213533,-3859015.019213533,-3859015.019213533,2618809.857351277,2618809.857351277,2618809.857351277,-6477824.87656481,-6477824.87656481,-6477824.87656481,0.0,0.0,0.0,5573128.294725688
2027-09-05,9426500.703261202,-22327874.89743385,35035328.4419,-13538505.563578777,33284070.172527593,-3262238.9718083497,-3262238.9718083497,-3262238.9718083497,2618809.341041016,2618809.341041016,2618809.341041016,-5881048.312849366,-5881048.312849366,-5881048.312849366,0.0,0.0,0.0,6164261.7314528525
2027-09-06,9420858.092583187,-27901331.655879974,30590197.831049483,-13588593.63500072,33308032.521138582,-7716929.552004218,-7716929.552004218,-7716929.552004218,-2471823.0997934854,-2471823.0997934854,-2471823.0997934854,-5245106.452210734,-5245106.452210734,-5245106.452210734,0.0,0.0,0.0,1703928.5405789688
2027-09-07,9415215.481905166,-25197646.725876767,33390173.30656006,-13652049.779897485,33331994.869749565,-7341583.8448956115,-7341583.8448956115,-7341583.8448956115,-2758137.711485959,-2758137.711485959,-2758137.711485959,-4583446.133409654,-4583446.133409654,-4583446.133409654,0.0,0.0,0.0,2073631.6370095545
2027-09-08,9409572.871227147,-22911416.497329243,33440131.679884072,-13714128.559299618,33364672.76116587,-4984523.912171034,-4984523.912171034,-4984523.912171034,-1074276.5511691722,-1074276.5511691722,-1074276.5511691722,-3910247.361001862,-3910247.361001862,-3910247.361001862,0.0,0.0,0.0,4425048.959056113
2027-09-09,9403930.260549128,-20731930.901875947,36925333.69642638,-13776207.338701751,33425195.678396117,-2338096.5229377914,-2338096.5229377914,-2338096.5229377914,901994.0573765346,901994.0573765346,901994.0573765346,-3240090.580314326,-3240090.580314326,-3240090.580314326,0.0,0.0,0.0,7065833.737611337
2027-09-10,9398287.649871113,-21217445.679147735,37050230.32340965,-13838286.118103884,33483081.76477385,-2422983.4914311455,-2422983.4914311455,-2422983.4914311455,164624.1066937536,164624.1066937536,164624.1066937536,-2587607.598124899,-2587607.598124899,-2587607.598124899,0.0,0.0,0.0,6975304.158439968
2027-09-11,9392645.039193092,-18141361.8565312,40223069.5448383,-13894983.197906125,33540424.89849026,651685.175603276,651685.175603276,651685.175603276,2618809.8573518577,2618809.8573518577,2618809.8573518577,-1967124.6817485818,-1967124.6817485818,-1967124.6817485818,0.0,0.0,0.0,10044330.214796368
2027-09-12,9387002.428515073,-17113021.483661175,40459143.871158354,-13942503.056831338,33597768.03220668,1226502.64190466,1226502.64190466,1226502.64190466,2618809.3410357824,2618809.3410357824,2618809.3410357824,-1392306.6991311223,-1392306.6991311223,-1392306.6991311223,0.0,0.0,0.0,10613505.070419732
2027-09-13,9381359.817837058,-22189457.045775022,37079940.53546703,-13990022.915756546,33655073.23479562,-3347634.36625254,-3347634.36625254,-3347634.36625254,-2471823.0997831943,-2471823.0997831943,-2471823.0997831943,-875811.2664693459,-875811.2664693459,-875811.2664693459,0.0,0.0,0.0,6033725.451584518
2027-09-14,9375717.207159039,-23116347.895415865,36397615.42186633,-14037542.77468176,33709028.61396737,-3187099.454441502,-3187099.454441502,-3187099.454441502,-2758137.7114863857,-2758137.7114863857,-2758137.7114863857,-428961.7429551166,-428961.7429551166,-428961.7429551166,0.0,0.0,0.0,6188617.752717536
2027-09-15,9370074.596481018,-20407887.185760174,38453205.54863132,-14085062.633606972,33762983.99313912,-1135724.1063095853,-1135724.1063095853,-1135724.1063095853,-1074276.551178678,-1074276.551178678,-1074276.551178678,-61447.555130907414,-61447.555130907414,-61447.555130907414,0.0,0.0,0.0,8234350.4901714325
2027-09-16,9364431.985802999,-18651801.54175266,39652353.503426924,-14132582.492532188,33783225.20308531,1120934.3037110087,1120934.3037110087,1120934.3037110087,901994.057375583,901994.057375583,901994.057375583,218940.24633542582,218940.24633542582,218940.24633542582,0.0,0.0,0.0,10485366.289514007
2027-09-17,9358789.37512498,-16569955.356132256,39345246.72546684,-14180102.3514574,33787254.00265808,571155.1905934284,571155.1905934284,571155.1905934284,164624.10669273644,164624.10669273644,164624.10669273644,406531.0839006921,406531.0839006921,406531.0839006921,0.0,0.0,0.0,9929944.565718409
2027-09-18,9353146.76444696,-17714579.757091522,42520469.355827786,-14227622.210382612,33791282.80223086,3116758.3283161926,3116758.3283161926,3116758.3283161926,2618809.857352439,2618809.857352439,2618809.857352439,497948.47096375364,497948.47096375364,497948.47096375364,0.0,0.0,0.0,12469905.092763154
2027-09-19,9347504.153768942,-17805333.602406226,40412923.06836219,-14275142.069307826,33792739.32169626,3111039.50470537,3111039.50470537,3111039.50470537,2618809.341050701,2618809.341050701,2618809.341050701,492230.1636546685,492230.1636546685,492230.1636546685,0.0,0.0,0.0,12458543.658474311
2027-09-20,9341861.543090925,-20662858.62667164,37211986.25644805,-14322661.928233035,33800882.71259381,-2080931.9546390863,-2080931.9546390863,-2080931.9546390863,-2471823.099784154,-2471823.099784154,-2471823.099784154,390891.1451450679,390891.1451450679,390891.1451450679,0.0,0.0,0.0,7260929.588451838
2027-09-21,9336218.932412906,-23969269.442891043,36702213.434383824,-14370220.447809767,33875040.77773422,-2560210.579250593,-2560210.579250593,-2560210.579250593,-2758137.7114897803,-2758137.7114897803,-2758137.7114897803,197927.1322391869,197927.1322391869,197927.1322391869,0.0,0.0,0.0,6776008.353162313
2027-09-22,9330576.321734887,-21995794.90323067,38181845.568292946,-14417817.62803801,33949198.84287464,-1154518.7952666348,-1154518.7952666348,-1154518.7952666348,-1074276.5511852324,-1074276.5511852324,-1074276.5511852324,-80242.24408140234,-80242.24408140234,-80242.24408140234,0.0,0.0,0.0,8176057.526468252
2027-09-23,9324933.711056871,-21819361.355093427,38645259.50891812,-14465414.80826625,34023356.90801506,467104.1202957403,467104.1202957403,467104.1202957403,901994.0573773269,901994.0573773269,901994.0573773269,-434889.9370815866,-434889.9370815866,-434889.9370815866,0.0,0.0,0.0,9792037.831352612
2027-09-24,9319291.10037885,-21139674.00265828,39200996.855955556,-14512753.946789976,34097514.97315547,-690531.4173385194,-690531.4173385194,-690531.4173385194,164624.10669344116,164624.10669344116,164624.10669344116,-855155.5240319606,-855155.5240319606,-855155.5240319606,0.0,0.0,0.0,8628759.683040332
2027-09-25,9313648.489700831,-17434231.420683403,40024804.811117075,-14556671.562208507,34166641.52218618,1290536.6549747048,1290536.6549747048,1290536.6549747048,2618809.8573401654,2618809.8573401654,2618809.8573401654,-1328273.2023654606,-1328273.2023654606,-1328273.2023654606,0.0,0.0,0.0,10604185.144675536
2027-09-26,9308005.879022812,-19561307.804659,38486851.46504468,-14600589.17762704,34203028.4383747,778960.5505721717,778960.5505721717,778960.5505721717,2618809.3410291625,2618809.3410291625,2618809.3410291625,-1839848.7904569907,-1839848.7904569907,-1839848.7904569907,0.0,0.0,0.0,10086966.429594984
2027-09-27,9302363.268344797,-24673464.569053464,33242053.41941792,-14644506.793045567,34236343.15091891,-4846002.630218571,-4846002.630218571,-4846002.630218571,-2471823.0997877605,-2471823.0997877605,-2471823.0997877605,-2374179.530430811,-2374179.530430811,-2374179.530430811,0.0,0.0,0.0,4456360.638126226
2027-09-28,9296720.657666776,-25591069.572891746,32726479.63297833,-14688424.408464098,34268265.624097094,-5672747.099477381,-5672747.099477381,-5672747.099477381,-2758137.711483547,-2758137.711483547,-2758137.711483547,-2914609.3879938344,-2914609.3879938344,-2914609.3879938344,0.0,0.0,0.0,3623973.558189395
2027-09-29,9291078.046988757,-24735022.25882663,36887238.339527525,-14732342.023882631,34311736.314724624,-4518188.169963813,-4518188.169963813,-4518188.169963813,-1074276.5511743492,-1074276.5511743492,-1074276.5511743492,-3443911.6187894642,-3443911.6187894642,-3443911.6187894642,0.0,0.0,0.0,4772889.877024944
2027-09-30,9285435.436310738,-23006265.078538973,35660251.025433786,-14776259.639301162,34388621.08735747,-3042695.5893747755,-3042695.5893747755,-3042695.5893747755,901994.0573755412,901994.0573755412,901994.0573755412,-3944689.646750317,-3944689.646750317,-3944689.646750317,0.0,0.0,0.0,6242739.846935963
2027-10-01,9279792.82563272,-25981490.92315011,35904798.8741753,-14820177.254719697,34439526.405341,-4235162.689057825,-4235162.689057825,-4235162.689057825,164624.10669134813,164624.10669134813,164624.10669134813,-4399786.7957491735,-4399786.7957491735,-4399786.7957491735,0.0,0.0,0.0,5044630.136574894
2027-10-02,9274150.2149547,-22143678.351355743,37440809.61741817,-14864094.870138226,34478500.29443899,-2173885.288056748,-2173885.288056748,-2173885.288056748,2618809.8573450306,2618809.8573450306,2618809.8573450306,-4792695.145401779,-4792695.145401779,-4792695.145401779,0.0,0.0,0.0,7100264.926897952
2027-10-03,9268507.60427668,-23358618.10645871,36729424.6691964,-14908012.485556757,34517474.183536984,-2489144.4109535287,-2489144.4109535287,-2489144.4109535287,2618809.341047928,2618809.341047928,2618809.341047928,-5107953.752001457,-5107953.752001457,-5107953.752001457,0.0,0.0,0.0,6779363.19332315
2027-10-04,9262864.993598664,-28606757.00041627,32050872.177602585,-14951930.100975288,34556448.07263498,-7803349.787211036,-7803349.787211036,-7803349.787211036,-2471823.0997887203,-2471823.0997887203,-2471823.0997887203,-5331526.687422317,-5331526.687422317,-5331526.687422317,0.0,0.0,0.0,1459515.2063876279
2027-10-05,9257222.382920645,-28631751.283763945,31076994.460977342,-14995847.716393817,34595421.961732976,-8209289.508919648,-8209289.508919648,-8209289.508919648,-2758137.711487864,-2758137.711487864,-2758137.711487864,-5451151.797431784,-5451151.797431784,-5451151.797431784,0.0,0.0,0.0,1047932.8740009973
2027-10-06,9251579.772242626,-25581052.87357661,32991251.150002684,-15039765.331812352,34634395.850830965,-6530928.305834579,-6530928.305834579,-6530928.305834579,-1074276.5511818875,-1074276.5511818875,-1074276.5511818875,-5456651.754652691,-5456651.754652691,-5456651.754652691,0.0,0.0,0.0,2720651.466408047
2027-10-07,9245937.161564609,-25580505.59716034,35419921.85544476,-15083682.94723088,34673369.73992895,-4438205.8062673025,-4438205.8062673025,-4438205.8062673025,901994.0573781193,901994.0573781193,901994.0573781193,-5340199.863645422,-5340199.863645422,-5340199.863645422,0.0,0.0,0.0,4807731.355297307
2027-10-08,9240294.55088659,-24569155.721380934,34470694.73843013,-15122722.505226672,34709671.10069193,-4931910.037045966,-4931910.037045966,-4931910.037045966,164624.10669312856,164624.10669312856,164624.10669312856,-5096534.143739095,-5096534.143739095,-5096534.143739095,0.0,0.0,0.0,4308384.513840624
2027-10-09,9234651.940208571,-23686530.11332981,37256228.77474359,-15152572.038275467,34743587.110267,-2104304.5850410573,-2104304.5850410573,-2104304.5850410573,2618809.8573456113,2618809.8573456113,2618809.8573456113,-4723114.442386669,-4723114.442386669,-4723114.442386669,0.0,0.0,0.0,7130347.355167514
2027-10-10,9229009.329530552,-20531182.212310903,37201271.16741041,-15182612.516531045,34777503.11984207,-1601409.3458222856,-1601409.3458222856,-1601409.3458222856,2618809.341026389,2618809.341026389,2618809.341026389,-4220218.686848675,-4220218.686848675,-4220218.686848675,0.0,0.0,0.0,7627599.983708266
2027-10-11,9223366.718852535,-24928852.439275283,33832714.925925136,-15211504.983522909,34811419.12941714,-6062798.930569378,-6062798.930569378,-6062798.930569378,-2471823.099778429,-2471823.099778429,-2471823.099778429,-3590975.8307909486,-3590975.8307909486,-3590975.8307909486,0.0,0.0,0.0,3160567.788283157
2027-10-12,9217724.108174516,-25204335.785269756,35031333.57117418,-15253516.34989105,34845289.97653852,-5599472.26980445,-5599472.26980445,-5599472.26980445,-2758137.7114921813,-2758137.7114921813,-2758137.7114921813,-2841334.5583122685,-2841334.5583122685,-2841334.5583122685,0.0,0.0,0.0,3618251.838370066
2027-10-13,9212081.497496497,-24530813.26545382,37049336.65050682,-15307124.47783456,34877598.922442466,-3054244.8846836984,-3054244.8846836984,-3054244.8846836984,-1074276.5511807066,-1074276.5511807066,-1074276.5511807066,-1979968.3335029916,-1979968.3335029916,-1979968.3335029916,0.0,0.0,0.0,6157836.6128127985
2027-10-14,9206438.886818478,-20525699.162792236,41344294.72604712,-15360732.60577807,34909907.868346415,-116124.83314294997,-116124.83314294997,-116124.83314294997,901994.057373638,901994.057373638,901994.057373638,-1018118.8905165879,-1018118.8905165879,-1018118.8905165879,0.0,0.0,0.0,9090314.053675529
2027-10-15,9200796.276140459,-22379265.0579225,39343975.61351156,-15406434.09043164,34942216.814250365,195242.3966925352,195242.3966925352,195242.3966925352,164624.1066910355,164624.1066910355,164624.1066910355,30618.290001499685,30618.290001499685,30618.290001499685,0.0,0.0,0.0,9396038.672832994
2027-10-16,9195153.665462438,-17048070.187800094,45138464.71982126,-15438553.10834884,34971125.228263006,3769371.47018132,3769371.47018132,3769371.47018132,2618809.8573504766,2618809.8573504766,2618809.8573504766,1150561.6128308433,1150561.6128308433,1150561.6128308433,0.0,0.0,0.0,12964525.135643758
2027-10-17,9189511.054784419,-15712621.62563969,43457592.262443386,-15465263.949768584,34996633.11038433,4943067.3101320565,4943067.3101320565,4943067.3101320565,2618809.3410413084,2618809.3410413084,2618809.3410413084,2324257.9690907486,2324257.9690907486,2324257.9690907486,0.0,0.0,0.0,14132578.364916475
2027-10-18,9183868.444106404,-18342893.787091505,42312846.12583724,-15491974.791188326,35022140.99250567,1061013.9869974288,1061013.9869974288,1061013.9869974288,-2471823.099793287,-2471823.099793287,-2471823.099793287,3532837.0867907153,3532837.0867907153,3532837.0867907153,0.0,0.0,0.0,10244882.431103833
2027-10-19,9178225.833428385,-17300068.903278437,41009141.242152564,-15518685.632608071,35047648.874627,1998259.801024793,1998259.801024793,1998259.801024793,-2758137.7114859484,-2758137.7114859484,-2758137.7114859484,4756397.512510741,4756397.512510741,4756397.512510741,0.0,0.0,0.0,11176485.634453177
2027-10-20,9172583.222750364,-15738384.372450557,46697345.82779533,-15543682.88881065,35073156.756748326,4900138.856142252,4900138.856142252,4900138.856142252,-1074276.5511785427,-1074276.5511785427,-1074276.5511785427,5974415.407320794,5974415.407320794,5974415.407320794,0.0,0.0,0.0,14072722.078892615
2027-10-21,9166940.612072349,-13445794.255947854,48210939.1581723,-15567597.256506987,35098664.63886967,8068160.915862254,8068160.915862254,8068160.915862254,901994.057376216,901994.057376216,901994.057376216,7166166.858486038,7166166.858486038,7166166.858486038,0.0,0.0,0.0,17235101.527934603
2027-10-22,9161298.00139433,-13229462.99000484,49987314.95914491,-15591511.624203328,35124172.520991,8475778.26026971,8475778.26026971,8475778.26026971,164624.10669173975,164624.10669173975,164624.10669173975,8311154.153577972,8311154.153577972,8311154.153577972,0.0,0.0,0.0,17637076.26166404
2027-10-23,9155655.39071631,-8021458.522505322,52474344.38635171,-15615425.991899671,35149680.40311233,12008336.296958478,12008336.296958478,12008336.296958478,2618809.8573382027,2618809.8573382027,2618809.8573382027,9389526.439620275,9389526.439620275,9389526.439620275,0.0,0.0,0.0,21163991.68767479
2027-10-24,9150012.780038293,-8978376.564689858,52692873.196840554,-15639340.35959601,35175188.28523366,13001294.735534828,13001294.735534828,13001294.735534828,2618809.3410360753,2618809.3410360753,2618809.3410360753,10382485.394498752,10382485.394498752,10382485.394498752,0.0,0.0,0.0,22151307.51557312
2027-10-25,9144370.169360274,-11272070.501214879,47910284.019452885,-15663254.727292351,35200696.16735499,8800843.864717903,8800843.864717903,8800843.864717903,-2471823.0997856427,-2471823.0997856427,-2471823.0997856427,11272666.964503547,11272666.964503547,11272666.964503547,0.0,0.0,0.0,17945214.034078177
2027-10-26,9138727.558682255,-12329439.690749621,51552809.611857206,-15687169.094988693,35226204.049476326,9286353.145092798,9286353.145092798,9286353.145092798,-2758137.711489343,-2758137.711489343,-2758137.711489343,12044490.85658214,12044490.85658214,12044490.85658214,0.0,0.0,0.0,18425080.703775056
2027-10-27,9133084.948004236,-10193463.020464811,52846013.71044869,-15711083.462685036,35251711.93159766,11610193.747972267,11610193.747972267,11610193.747972267,-1074276.551177362,-1074276.551177362,-1074276.551177362,12684470.299149629,12684470.299149629,12684470.299149629,0.0,0.0,0.0,20743278.695976503
2027-10-28,9127442.337326217,-8113180.697764972,54080957.17121944,-15734997.830381377,35277219.81371898,14083469.635622395,14083469.635622395,14083469.635622395,901994.0573744304,901994.0573744304,901994.0573744304,13181475.578247964,13181475.578247964,13181475.578247964,0.0,0.0,0.0,23210911.97294861
2027-10-29,9121799.726648197,-6719641.741179442,52384701.14301973,-15758912.19807772,35301881.35329299,13691570.096700042,13691570.096700042,13691570.096700042,164624.10669352039,164624.10669352039,164624.10669352039,13526945.990006521,13526945.990006521,13526945.990006521,0.0,0.0,0.0,22813369.82334824
2027-10-30,9116157.115970178,-4515251.300111896,57941188.89980587,-15782026.031642584,35325696.55031967,16333855.953057585,16333855.953057585,16333855.953057585,2618809.8573559225,2618809.8573559225,2618809.8573559225,13715046.09570166,13715046.09570166,13715046.09570166,0.0,0.0,0.0,25450013.069027763
2027-10-31,9110514.505292162,-4918187.01993125,57301026.11185274,-15803907.397281235,35349511.74734635,16361572.83164701,16361572.83164701,16361572.83164701,2618809.341034689,2618809.341034689,2618809.341034689,13742763.49061232,13742763.49061232,13742763.49061232,0.0,0.0,0.0,25472087.33693917
2027-11-01,9104871.894614143,-12264759.20831609,50435039.88102322,-15825788.76291989,35373326.94437302,11138123.568494387,11138123.568494387,11138123.568494387,-2471823.0998005,-2471823.0998005,-2471823.0998005,13609946.668294886,13609946.668294886,13609946.668294886,0.0,0.0,0.0,20242995.463108532
2027-11-02,9099229.283936122,-11871289.035171758,50061528.10713624,-15847670.128558548,35377823.403622046,10561145.232414987,10561145.232414987,10561145.232414987,-2758137.7114897696,-2758137.7114897696,-2758137.7114897696,13319282.943904757,13319282.943904757,13319282.943904757,0.0,0.0,0.0,19660374.51635111
2027-11-03,9093586.673258103,-9349204.84464025,53015066.489804044,-15869551.494197203,35403494.69406985,11801941.20868884,11801941.20868884,11801941.20868884,-1074276.5511849003,-1074276.5511849003,-1074276.5511849003,12876217.75987374,12876217.75987374,12876217.75987374,0.0,0.0,0.0,20895527.881946944
2027-11-04,9087944.062580088,-8456842.255888553,52587320.6390113,-15891432.859835854,35434661.493494414,13190812.059247658,13190812.059247658,13190812.059247658,901994.0573761744,901994.0573761744,901994.0573761744,12288818.001871483,12288818.001871483,12288818.001871483,0.0,0.0,0.0,22278756.121827744
2027-11-05,9082301.45190207,-9795504.370186877,52495086.82859502,-15924731.330825299,35465828.29291898,11732207.278535593,11732207.278535593,11732207.278535593,164624.10669530093,164624.10669530093,164624.10669530093,11567583.171840293,11567583.171840293,11567583.171840293,0.0,0.0,0.0,20814508.730437662
2027-11-06,9076658.841224048,-7754601.629209444,54400857.58327848,-15989239.73591069,35496995.09234354,13344019.227338172,13344019.227338172,13344019.227338172,2618809.857339364,2618809.857339364,2618809.857339364,10725209.369998809,10725209.369998809,10725209.369998809,0.0,0.0,0.0,22420678.06856222
2027-11-07,9071016.230546033,-8040068.145218756,54800099.66739941,-16061162.912122367,35528161.89176811,12395121.345760375,12395121.345760375,12395121.345760375,2618809.3410294554,2618809.3410294554,2618809.3410294554,9776312.004730921,9776312.004730921,9776312.004730921,0.0,0.0,0.0,21466137.57630641
2027-11-08,9065373.619868014,-15369109.035681685,45537085.06467849,-16133902.69919952,35559328.69119267,6265290.857572581,6265290.857572581,6265290.857572581,-2471823.099790209,-2471823.099790209,-2471823.099790209,8737113.95736279,8737113.95736279,8737113.95736279,0.0,0.0,0.0,15330664.477440596
2027-11-09,9059731.009189995,-15143658.12944066,46239065.11933218,-16203895.5058752,35586770.62914516,4866968.850712795,4866968.850712795,4866968.850712795,-2758137.71148835,-2758137.71148835,-2758137.71148835,7625106.562201145,7625106.562201145,7625106.562201145,0.0,0.0,0.0,13926699.85990279
2027-11-10,9054088.398511974,-16590289.698531264,46432532.585831046,-16258500.181932665,35613947.64341001,5384414.658268402,5384414.658268402,5384414.658268402,-1074276.5511740174,-1074276.5511740174,-1074276.5511740174,6458691.209442419,6458691.209442419,6458691.209442419,0.0,0.0,0.0,14438503.056780376
2027-11-11,9048445.787833955,-14947699.048632061,46946384.140788876,-16290474.567082437,35641124.657674864,6158803.69060224,6158803.69060224,6158803.69060224,901994.0573752228,901994.0573752228,901994.0573752228,5256809.633227017,5256809.633227017,5256809.633227017,0.0,0.0,0.0,15207249.478436194
2027-11-12,9042803.177155936,-16475733.510354053,46102216.40336488,-16322448.952232206,35668301.671939716,4203195.11454051,4203195.11454051,4203195.11454051,164624.10668825806,164624.10668825806,164624.10668825806,4038571.0078522516,4038571.0078522516,4038571.0078522516,0.0,0.0,0.0,13245998.291696446
2027-11-13,9037160.566477917,-16189071.65830021,45986197.07137089,-16354423.337381978,35719076.90615004,5441693.703272306,5441693.703272306,5441693.703272306,2618809.857348514,2618809.857348514,2618809.857348514,2822883.8459237926,2822883.8459237926,2822883.8459237926,0.0,0.0,0.0,14478854.269750223
2027-11-14,9031517.9557999,-17555220.020589735,45290332.41001032,-16386397.722531745,35755934.013862476,4246909.721516931,4246909.721516931,4246909.721516931,2618809.3410443747,2618809.3410443747,2618809.3410443747,1628100.3804725555,1628100.3804725555,1628100.3804725555,0.0,0.0,0.0,13278427.677316831
2027-11-15,9025875.345121881,-26129611.872247323,39037990.99986569,-16418372.107681515,35792791.1215749,-2000142.467357412,-2000142.467357412,-2000142.467357412,-2471823.0997772706,-2471823.0997772706,-2471823.0997772706,471680.63241985877,471680.63241985877,471680.63241985877,0.0,0.0,0.0,7025732.877764469
2027-11-16,9020232.734443862,-25289489.132895745,37972128.08173139,-16450346.49283129,35829648.229287334,-3388254.980494485,-3388254.980494485,-3388254.980494485,-2758137.711486931,-2758137.711486931,-2758137.711486931,-630117.2690075538,-630117.2690075538,-630117.2690075538,0.0,0.0,0.0,5631977.753949378
2027-11-17,9014590.123765843,-24890829.265983064,38983075.550668456,-16482320.877981061,35866505.33699975,-2736791.2628982463,-2736791.2628982463,-2736791.2628982463,-1074276.5511805722,-1074276.5511805722,-1074276.5511805722,-1662514.7117176743,-1662514.7117176743,-1662514.7117176743,0.0,0.0,0.0,6277798.860867597
2027-11-18,9008947.513087828,-24255423.641122583,39763046.727570735,-16513133.180650974,35910862.374891795,-1710459.190321151,-1710459.190321151,-1710459.190321151,901994.0573769667,901994.0573769667,901994.0573769667,-2612453.2476981175,-2612453.2476981175,-2612453.2476981175,0.0,0.0,0.0,7298488.322766677
2027-11-19,9003304.902409807,-26781587.291258465,39055397.55263843,-16540767.708500352,35988168.04143839,-3304170.192140512,-3304170.192140512,-3304170.192140512,164624.1066949885,164624.1066949885,164624.1066949885,-3468794.298835501,-3468794.298835501,-3468794.298835501,0.0,0.0,0.0,5699134.710269295
2027-11-20,8997662.291731788,-23077000.796842463,39097965.55643215,-16568402.236349728,36065473.707984984,-1603665.1231680326,-1603665.1231680326,-1603665.1231680326,2618809.8573490945,2618809.8573490945,2618809.8573490945,-4222474.980517127,-4222474.980517127,-4222474.980517127,0.0,0.0,0.0,7393997.168563755
2027-11-21,8992019.681053773,-25681036.681311034,40682354.99662723,-16596036.7641991,36140634.86942369,-2247808.814136442,-2247808.814136442,-2247808.814136442,2618809.3410228356,2618809.3410228356,2618809.3410228356,-4866618.155159277,-4866618.155159277,-4866618.155159277,0.0,0.0,0.0,6744210.866917331
2027-11-22,8986377.070375754,-30271898.565013953,34252979.33344323,-16623671.292048477,36212686.882354975,-7868418.98714898,-7868418.98714898,-7868418.98714898,-2471823.099794775,-2471823.099794775,-2471823.099794775,-5396595.887354204,-5396595.887354204,-5396595.887354204,0.0,0.0,0.0,1117958.083226774
2027-11-23,8980734.459697733,-28988661.48297939,33615638.2645201,-16651305.819897853,36284738.89528628,-8568184.222754799,-8568184.222754799,-8568184.222754799,-2758137.711493093,-2758137.711493093,-2758137.711493093,-5810046.511261707,-5810046.511261707,-5810046.511261707,0.0,0.0,0.0,412550.2369429339
2027-11-24,8975091.849019714,-28566991.618994616,35321246.097842984,-16678940.347747233,36356790.90821756,-7181123.066543469,-7181123.066543469,-7181123.066543469,-1074276.5511803753,-1074276.5511803753,-1074276.5511803753,-6106846.515363094,-6106846.515363094,-6106846.515363094,0.0,0.0,0.0,1793968.7824762445
2027-11-25,8969449.238341695,-28608251.79386989,37087791.029878594,-16706574.875596609,36428842.921148844,-5387045.319840367,-5387045.319840367,-5387045.319840367,901994.0573751809,901994.0573751809,901994.0573751809,-6289039.3772155475,-6289039.3772155475,-6289039.3772155475,0.0,0.0,0.0,3582403.9185013277
2027-11-26,8963806.627663676,-28300474.997947123,34384836.456561185,-16734209.403445985,36500894.93408014,-6196100.21498046,-6196100.21498046,-6196100.21498046,164624.1066918192,164624.1066918192,164624.1066918192,-6360724.321672279,-6360724.321672279,-6360724.321672279,0.0,0.0,0.0,2767706.412683216
2027-11-27,8958164.016985657,-26443747.697278153,36391287.75609421,-16789082.911690947,36566447.73390647,-3709098.855995731,-3709098.855995731,-3709098.855995731,2618809.857349675,2618809.857349675,2618809.857349675,-6327908.713345407,-6327908.713345407,-6327908.713345407,0.0,0.0,0.0,5249065.160989925
2027-11-28,8952521.40630764,-26083892.870108724,38931465.40802966,-16850671.08429904,36602048.92453927,-3579519.0737968585,-3579519.0737968585,-3579519.0737968585,2618809.3410416013,2618809.3410416013,2618809.3410416013,-6198328.414838459,-6198328.414838459,-6198328.414838459,0.0,0.0,0.0,5373002.332510781
2027-11-29,8946878.79562962,-30782682.26169554,31482808.11289394,-16912259.256907146,36637650.11517206,-8453064.036135033,-8453064.036135033,-8453064.036135033,-2471823.0997844846,-2471823.0997844846,-2471823.0997844846,-5981240.936350548,-5981240.936350548,-5981240.936350548,0.0,0.0,0.0,493814.7594945878
2027-11-30,8941236.184951602,-31964459.615648814,34095067.16905287,-16973847.429515246,36676364.66139432,-8445334.27550096,-8445334.27550096,-8445334.27550096,-2758137.7114850157,-2758137.7114850157,-2758137.7114850157,-5687196.5640159445,-5687196.5640159445,-5687196.5640159445,0.0,0.0,0.0,495901.9094506409
2027-12-01,8935593.574273584,-30838454.164774418,35365109.153637685,-17035435.602123342,36756050.19814771,-6402069.43244627,-6402069.43244627,-6402069.43244627,-1074276.5511782104,-1074276.5511782104,-1074276.5511782104,-5327792.88126806,-5327792.88126806,-5327792.88126806,0.0,0.0,0.0,2533524.141827314
2027-12-02,8929950.963595565,-25063048.0728485,35678067.9344064,-17097023.774731442,36831041.529483974,-4013424.1336841113,-4013424.1336841113,-4013424.1336841113,901994.0573742292,901994.0573742292,901994.0573742292,-4915418.1910583405,-4915418.1910583405,-4915418.1910583405,0.0,0.0,0.0,4916526.829911454
2027-12-03,8924308.352917546,-28123273.90790418,37964765.64425663,-17158611.947339542,36864817.20434499,-4298365.20515691,-4298365.20515691,-4298365.20515691,164624.10669467575,164624.10669467575,164624.10669467575,-4462989.311851586,-4462989.311851586,-4462989.311851586,0.0,0.0,0.0,4625943.147760636
2027-12-04,8918665.742239527,-22219564.788230013,40008002.38915151,-17220200.119947646,36873943.571427606,-1364879.207308122,-1364879.207308122,-1364879.207308122,2618809.857345971,2618809.857345971,2618809.857345971,-3983689.064654093,-3983689.064654093,-3983689.064654093,0.0,0.0,0.0,7553786.534931405
2027-12-05,8913023.13156151,-24346118.973744687,40402163.52431924,-17281788.29255574,36877425.27632881,-871899.1619129308,-871899.1619129308,-871899.1619129308,2618809.341032522,2618809.341032522,2618809.341032522,-3490708.5029454525,-3490708.5029454525,-3490708.5029454525,0.0,0.0,0.0,8041123.969648579
2027-12-06,8907380.520883491,-26663359.67819601,34512480.41962981,-17323978.071891867,36880906.981230006,-5468821.6749403905,-5468821.6749403905,-5468821.6749403905,-2471823.0997854434,-2471823.0997854434,-2471823.0997854434,-2996998.5751549457,-2996998.5751549457,-2996998.5751549457,0.0,0.0,0.0,3438558.8459431008
2027-12-07,8901737.910205472,-27829290.552935883,36078412.66654274,-17355233.39052682,36888198.80645402,-5273173.176788354,-5273173.176788354,-5273173.176788354,-2758137.7114902553,-2758137.7114902553,-2758137.7114902553,-2515035.4652980994,-2515035.4652980994,-2515035.4652980994,0.0,0.0,0.0,3628564.733417118
2027-12-08,8896095.299527453,-25929030.20963379,37499677.018657915,-17397026.9842249,36916879.2412234,-3130879.8988822224,-3130879.8988822224,-3130879.8988822224,-1074276.5511760467,-1074276.5511760467,-1074276.5511760467,-2056603.3477061754,-2056603.3477061754,-2056603.3477061754,0.0,0.0,0.0,5765215.400645231
2027-12-09,8890452.688849434,-24024682.715822354,40533701.928965524,-17463233.808637343,36945559.67599279,-730603.6763755463,-730603.6763755463,-730603.6763755463,901994.0573732777,901994.0573732777,901994.0573732777,-1632597.7337488239,-1632597.7337488239,-1632597.7337488239,0.0,0.0,0.0,8159849.012473888
2027-12-10,8884810.078171415,-23900754.318848778,42855623.86831558,-17558432.13300887,36974240.11076216,-1088227.8922011121,-1088227.8922011121,-1088227.8922011121,164624.1066953802,164624.1066953802,164624.1066953802,-1252851.9988964924,-1252851.9988964924,-1252851.9988964924,0.0,0.0,0.0,7796582.185970303
2027-12-11,8879167.467493394,-20426368.663866118,42882752.84665528,-17656045.888592504,37002920.54553154,1692820.7823404798,1692820.7823404798,1692820.7823404798,2618809.857355121,2618809.857355121,2618809.857355121,-925989.0750146414,-925989.0750146414,-925989.0750146414,0.0,0.0,0.0,10571988.249833874
2027-12-12,8873524.85681538,-19617477.68572222,43036322.258346535,-17739811.018642955,37031600.980300926,1959509.6500684996,1959509.6500684996,1959509.6500684996,2618809.3410311355,2618809.3410311355,2618809.3410311355,-659299.6909626358,-659299.6909626358,-659299.6909626358,0.0,0.0,0.0,10833034.506883878
2027-12-13,8867882.24613736,-25268266.824593432,37947934.81987288,-17808772.35091202,37043710.83326426,-2930471.059806375,-2930471.059806375,-2930471.059806375,-2471823.09978905,-2471823.09978905,-2471823.09978905,-458647.9600173249,-458647.9600173249,-458647.9600173249,0.0,0.0,0.0,5937411.186330985
2027-12-14,8862239.635459341,-25763267.135003116,36770877.82436582,-17877733.68318109,37053476.04342483,-3086542.269665744,-3086542.269665744,-3086542.269665744,-2758137.7114831,-2758137.7114831,-2758137.7114831,-328404.5581826444,-328404.5581826444,-328404.5581826444,0.0,0.0,0.0,5775697.365793597
2027-12-15,8856597.024781324,-25254620.870554626,41134873.52606306,-17946603.82612917,37063241.25358541,-1345683.7761719634,-1345683.7761719634,-1345683.7761719634,-1074276.551185552,-1074276.551185552,-1074276.551185552,-271407.22498641146,-271407.22498641146,-271407.22498641146,0.0,0.0,0.0,7510913.24860936
2027-12-16,8850954.414103305,-21566891.835339896,42097615.69363675,-18009027.61471981,37073006.46374599,613046.2006583954,613046.2006583954,613046.2006583954,901994.057376883,901994.057376883,901994.057376883,-288947.8567184877,-288947.8567184877,-288947.8567184877,0.0,0.0,0.0,9464000.6147617
2027-12-17,8845311.803425286,-23707943.91139031,42547008.918803364,-18071451.403310448,37082771.673906565,-216160.9518972049,-216160.9518972049,-216160.9518972049,164624.1066932872,164624.1066932872,164624.1066932872,-380785.0585904921,-380785.0585904921,-380785.0585904921,0.0,0.0,0.0,8629150.85152808
2027-12-18,8839669.192747267,-23902986.816780925,44965622.26700583,-18133875.191901088,37092536.88406714,2073629.1762655838,2073629.1762655838,2073629.1762655838,2618809.857347132,2618809.857347132,2618809.857347132,-545180.6810815483,-545180.6810815483,-545180.6810815483,0.0,0.0,0.0,10913298.369012851
2027-12-19,8834026.58206925,-20364889.265986197,43838160.11348218,-18196298.980491728,37102302.09422772,1839850.7517642,1839850.7517642,1839850.7517642,2618809.341046054,2618809.341046054,2618809.341046054,-778958.5892818539,-778958.5892818539,-778958.5892818539,0.0,0.0,0.0,10673877.33383345
2027-12-20,8828383.97139123,-26726083.30427144,39364443.6724286,-18239559.519427218,37112067.30438829,-3549406.8015972236,-3549406.8015972236,-3549406.8015972236,-2471823.099792657,-2471823.099792657,-2471823.099792657,-1077583.7018045664,-1077583.7018045664,-1077583.7018045664,0.0,0.0,0.0,5278977.169794007
2027-12-21,8822741.360713212,-27890627.0970516,37161785.506234884,-18278335.38190503,37121832.51454887,-4193396.8972642967,-4193396.8972642967,-4193396.8972642967,-2758137.711487417,-2758137.711487417,-2758137.711487417,-1435259.1857768798,-1435259.1857768798,-1435259.1857768798,0.0,0.0,0.0,4629344.463448916
2027-12-22,8817098.750035193,-26268285.985860545,38686692.49697887,-18323922.525999118,37131597.724709444,-2919316.153310577,-2919316.153310577,-2919316.153310577,-1074276.5511814205,-1074276.5511814205,-1074276.5511814205,-1845039.6021291567,-1845039.6021291567,-1845039.6021291567,0.0,0.0,0.0,5897782.596724616
2027-12-23,8811456.139357174,-25849704.094613582,41332945.65740217,-18390129.350411568,37141362.93487003,-1396963.6976671813,-1396963.6976671813,-1396963.6976671813,901994.0573767655,901994.0573767655,901994.0573767655,-2298957.755043947,-2298957.755043947,-2298957.755043947,0.0,0.0,0.0,7414492.441689992
2027-12-24,8805813.528679153,-26743238.93011838,37178943.387643315,-18456336.174824007,37151128.145030595,-2623538.897369802,-2623538.897369802,-2623538.897369802,164624.10669506778,164624.10669506778,164624.10669506778,-2788163.0040648696,-2788163.0040648696,-2788163.0040648696,0.0,0.0,0.0,6182274.631309351
2027-12-25,8800170.918001134,-24145357.468535352,43200904.52645577,-18522542.999236453,37160893.35519117,-684258.9814195192,-684258.9814195192,-684258.9814195192,2618809.857360567,2618809.857360567,2618809.857360567,-3303068.838780086,-3303068.838780086,-3303068.838780086,0.0,0.0,0.0,8115911.936581614
2027-12-26,8794528.307323119,-24750671.210474435,41002647.63032986,-18588749.823648892,37170658.56535175,-1214698.244756988,-1214698.244756988,-1214698.244756988,2618809.341036974,2618809.341036974,2618809.341036974,-3833507.5857939622,-3833507.5857939622,-3833507.5857939622,0.0,0.0,0.0,7579830.06256613
2027-12-27,8788885.6966451,-30312935.51690259,35733733.97442265,-18654956.64806134,37180423.77551232,-6840713.30711298,-6840713.30711298,-6840713.30711298,-2471823.099777072,-2471823.099777072,-2471823.099777072,-4368890.207335908,-4368890.207335908,-4368890.207335908,0.0,0.0,0.0,1948172.38953212
2027-12-28,8783243.085967079,-33000672.55134722,33456569.05969141,-18721163.47247378,37190188.9856729,-7656506.963225597,-7656506.963225597,-7656506.963225597,-2758137.711486921,-2758137.711486921,-2758137.711486921,-4898369.251738676,-4898369.251738676,-4898369.251738676,0.0,0.0,0.0,1126736.1227414822
2027-12-29,8777600.475289064,-29176923.861918833,36509127.242856115,-18789690.556074467,37212720.51843228,-6485279.6718133185,-6485279.6718133185,-6485279.6718133185,-1074276.5511812237,-1074276.5511812237,-1074276.5511812237,-5411003.120632094,-5411003.120632094,-5411003.120632094,0.0,0.0,0.0,2292320.803475745
2027-12-30,8771957.864611045,-28431443.905118454,37797898.47930524,-18860537.898863383,37253831.29616102,-4993925.86183698,-4993925.86183698,-4993925.86183698,901994.0573749798,901994.0573749798,901994.0573749798,-5895919.9192119595,-5895919.9192119595,-5895919.9192119595,0.0,0.0,0.0,3778032.0027740644
2027-12-31,8766315.253933026,-29715632.432857122,38428855.83795981,-18931385.241652306,37304449.39752136,-6177855.1418292,-6177855.1418292,-6177855.1418292,164624.1066968483,164624.1066968483,164624.1066968483,-6342479.248526048,-6342479.248526048,-6342479.248526048,0.0,0.0,0.0,2588460.1121038254
2028-01-01,8760672.643255008,-28738355.261910822,38253654.01097711,-18999796.605235603,37351606.70793653,-4121620.5212756456,-4121620.5212756456,-4121620.5212756456,2618809.8573482935,2618809.8573482935,2618809.8573482935,-6740430.378623939,-6740430.378623939,-6740430.378623939,0.0,0.0,0.0,4639052.121979363
2028-01-02,8755030.03257699,-28363716.094832703,39567534.104309365,-19036511.22936422,37395303.22740652,-4461255.964588883,-4461255.964588883,-4461255.964588883,2618809.341043281,2618809.341043281,2618809.341043281,-7080065.305632164,-7080065.305632164,-7080065.305632164,0.0,0.0,0.0,4293774.067988106
2028-01-03,8749387.42189897,-33712034.59525903,34191325.71590252,-19054097.73771113,37438999.746876515,-9824188.34343468,-9824188.34343468,-9824188.34343468,-2471823.099794576,-2471823.099794576,-2471823.099794576,-7352365.243640103,-7352365.243640103,-7352365.243640103,0.0,0.0,0.0,-1074800.9215357099
2028-01-04,8743744.811220951,-35293596.72429703,31591382.262730204,-19071684.246058043,37482696.26634651,-10307276.845794344,-10307276.845794344,-10307276.845794344,-2758137.7114855014,-2758137.7114855014,-2758137.7114855014,-7549139.134308843,-7549139.134308843,-7549139.134308843,0.0,0.0,0.0,-1563532.034573393
2028-01-05,8738102.20054293,-33338721.259076655,35140172.281406894,-19089270.754404955,37526392.785816506,-8737429.32692753,-8737429.32692753,-8737429.32692753,-1074276.5511887616,-1074276.5511887616,-1074276.5511887616,-7663152.775738768,-7663152.775738768,-7663152.775738768,0.0,0.0,0.0,672.8736154008657
2028-01-06,8732459.589864912,-30718449.681179166,36007614.18872679,-19106857.262751862,37570089.3052865,-6786253.123446464,-6786253.123446464,-6786253.123446464,901994.0573794193,901994.0573794193,901994.0573794193,-7688247.1808258835,-7688247.1808258835,-7688247.1808258835,0.0,0.0,0.0,1946206.466418448
2028-01-07,8726816.979186893,-31089562.425167654,35100593.83155184,-19124443.771098778,37613785.82475649,-7454820.67280222,-7454820.67280222,-7454820.67280222,164624.1066898054,164624.1066898054,164624.1066898054,-7619444.779492025,-7619444.779492025,-7619444.779492025,0.0,0.0,0.0,1271996.3063846724
2028-01-08,8721174.368508877,-28833481.744412895,36055315.20875923,-19142604.723786324,37657482.34422649,-4834232.22704361,-4834232.22704361,-4834232.22704361,2618809.8573403046,2618809.8573403046,2618809.8573403046,-7453042.084383914,-7453042.084383914,-7453042.084383914,0.0,0.0,0.0,3886942.141465267
2028-01-09,8715531.757830858,-27746453.950084377,37554280.39905922,-19159583.725084994,37701178.86369647,-4567878.111806346,-4567878.111806346,-4567878.111806346,2618809.341034201,2618809.341034201,2618809.341034201,-7186687.452840547,-7186687.452840547,-7186687.452840547,0.0,0.0,0.0,4147653.646024512
2028-01-10,8709889.147152837,-34299325.0962404,31736647.017568212,-19176562.726383664,37744875.38316647,-9291265.705889795,-9291265.705889795,-9291265.705889795,-2471823.099784285,-2471823.099784285,-2471823.099784285,-6819442.606105511,-6819442.606105511,-6819442.606105511,0.0,0.0,0.0,-581376.5587369576
2028-01-11,8704246.536474818,-32858875.834406637,34314328.54613362,-19193541.727682333,37788571.90263646,-9109964.32841102,-9109964.32841102,-9109964.32841102,-2758137.711484082,-2758137.711484082,-2758137.711484082,-6351826.616926936,-6351826.616926936,-6351826.616926936,0.0,0.0,0.0,-405717.791936202
2028-01-12,8698603.925796803,-30966471.789091982,36150634.955546774,-19210520.728981,37832268.42210646,-6860117.706874727,-6860117.706874727,-6860117.706874727,-1074276.5511768954,-1074276.5511768954,-1074276.5511768954,-5785841.155697832,-5785841.155697832,-5785841.155697832,0.0,0.0,0.0,1838486.2189220758
2028-01-13,8692961.315118784,-27760362.304245953,37669102.112009555,-19227499.73027967,37875964.94157645,-4222981.841526154,-4222981.841526154,-4222981.841526154,901994.0573730767,901994.0573730767,901994.0573730767,-5124975.898899231,-5124975.898899231,-5124975.898899231,0.0,0.0,0.0,4469979.47359263
2028-01-14,8687318.704440763,-29800974.183990598,39732657.08140802,-19244478.731578335,37919661.46104644,-4209569.05045031,-4209569.05045031,-4209569.05045031,164624.10669266235,164624.10669266235,164624.10669266235,-4374193.157142972,-4374193.157142972,-4374193.157142972,0.0,0.0,0.0,4477749.653990453
2028-01-15,8681676.093762748,-26297769.77919085,42988323.42511421,-19261457.732877,37963357.98051643,-921081.1193261079,-921081.1193261079,-921081.1193261079,2618809.8573537394,2618809.8573537394,2618809.8573537394,-3539890.9766798476,-3539890.9766798476,-3539890.9766798476,0.0,0.0,0.0,7760594.97443664
2028-01-16,8676033.483084729,-24906571.49965146,43545758.28489616,-19286507.80632812,38007054.49998643,-11034.869239781017,-11034.869239781017,-11034.869239781017,2618809.3410491208,2618809.3410491208,2618809.3410491208,-2629844.2102889013,-2629844.2102889013,-2629844.2102889013,0.0,0.0,0.0,8664998.613844948
